index,key,category,term_type,description,english,placeholders,rich_text_tags
0,UI/ButtonContinue,UI,0,,Continue,,
1,UI/ButtonNo,UI,0,,No,,
2,UI/ButtonOk,UI,0,,OK,,
3,UI/ButtonOkay,UI,0,,OK,,
4,UI/ButtonQuit,UI,0,,Quit,,
5,UI/ButtonYes,UI,0,,Yes,,
6,UI/BuyButton,UI,0,,Buy,,
7,UI/ButtonBinding,UI,0,,Controls,,
8,UI/ConfirmQuitText,UI,0,,Are you sure you want to quit?,,
9,UI/ExitButton,UI,0,,Quit,,
10,UI/HintSkip,UI,0,,Skip,,
11,UI/HintSkipAll,UI,0,,Skip all,,
12,UI/PressAnyKey,UI,0,,Press any key,,
13,UI/OptLangRussian,UI,0,,Русский,,
14,UI/OptLangEng,UI,0,,English,,
15,UI/OptLangChS,UI,0,,简体中文,,
16,UI/OptLangFr,UI,0,,Français,,
17,UI/OptLangGm,UI,0,,Deutsch,,
18,UI/OptLangSp,UI,0,,Español,,
19,UI/OptLangBr,UI,0,,Português (Brasil),,
20,UI/OptLangChT,UI,0,,繁體中文,,
21,UI/OptLangKr,UI,0,,한국어,,
22,UI/OptLangPl,UI,0,,Polski,,
23,UI/OptLangJp,UI,0,,日本語,,
24,UI/OptSFX,UI,0,,Sound FX volume,,
25,UI/OptMus,UI,0,,Music volume,,
26,UI/OptRes,UI,0,,Resolution,,
27,UI/OptWind,UI,0,,Window mode,,
28,UI/OptWindW,UI,0,,Windowed,,
29,UI/OptWindB,UI,0,,Borderless,,
30,UI/OptWindF,UI,0,,Fullscreen,,
31,UI/OptSD,UI,0,,Steam Deck,,
32,UI/OptApply,UI,0,,Apply,,
33,UI/OptBack,UI,0,,Back,,
34,UI/OptChange,UI,0,,Apply changes?,,
35,UI/OptTimer,UI,0,,The settings will be applied in {0},{0},
36,UI/OptPTSurvey,UI,0,,Take the survey,,
37,UI/OptWish,UI,0,,Wishlist,,
38,UI/OptDayReset,UI,0,,Start the day over,,
39,UI/OptDayBackward,UI,0,,Load previous day,,
40,UI/OptMM,UI,0,,Back to Main Menu,,
41,UI/OptQG,UI,0,,Quit Game,,
42,UI/OptResetApply,UI,0,,"Current progress will be lost. 
Are you sure?",,
43,UI/OptDayN,UI,0,,Day {0},{0},
44,UI/,UI,0,,#N/A,,
45,UI/OptPause,UI,0,,Pause,,
46,UI/OptOpt,UI,0,,Settings,,
47,UI/OptLang,UI,0,,Language,,
48,Dialogue/Conversation/1/Entry/1/Dialogue Text,Dialogue,0,,Show me your pass.,,
49,Dialogue/Conversation/1/Entry/2/Dialogue Text,Dialogue,0,,"Yes, of course!",,
50,Dialogue/Conversation/10/Entry/1/Dialogue Text,Dialogue,0,,"All right, come through.",,
51,Dialogue/Conversation/10/Entry/2/Dialogue Text,Dialogue,0,,That's more like it.,,
52,Dialogue/Conversation/11/Entry/1/Dialogue Text,Dialogue,0,,"Turn around, you may not pass.",,
53,Dialogue/Conversation/11/Entry/2/Dialogue Text,Dialogue,0,,I demand an explanation!!!,,
54,Dialogue/Conversation/12/Entry/1/Dialogue Text,Dialogue,0,,Is something wrong?,,
55,Dialogue/Conversation/12/Entry/2/Dialogue Text,Dialogue,0,,"Shoot 'em, sir!",,
56,Dialogue/Conversation/13/Entry/1/Dialogue Text,Dialogue,0,,"So you noticed. Okay, I'll just leave...",,
57,Dialogue/Conversation/14/Entry/1/Dialogue Text,Dialogue,0,,You shouldn't have done that.,,
58,Dialogue/Conversation/16/Entry/1/Dialogue Text,Dialogue,0,,"You know, I'm feeling a bit off... must be the weather. Or... ooooh.",,
59,Dialogue/Conversation/17/Entry/1/Dialogue Text,Dialogue,0,,Can't let that one through...,,
60,Dialogue/Conversation/18/Entry/1/Dialogue Text,Dialogue,0,,I must let this one through no matter what.,,
61,Dialogue/Conversation/2/Entry/1/Dialogue Text,Dialogue,0,,I don't like this. Where is the panic button?,,
62,Dialogue/Conversation/21/Entry/1/Dialogue Text,Dialogue,0,,"Well, well, well... I hope I didn't miss anything.",,
63,Dialogue/Conversation/22/Entry/1/Dialogue Text,Dialogue,0,,"Ugh, I wish I could go stretch my legs for a bit...",,
64,Dialogue/Conversation/23/Entry/2/Dialogue Text,Dialogue,0,,Reserved for the security-guard line,,
65,Dialogue/Conversation/24/Entry/2/Dialogue Text,Dialogue,0,,An interesting monologue with the newspaper,,
66,Dialogue/Conversation/25/Entry/2/Dialogue Text,Dialogue,0,,Today is gonna be hot...,,
67,Dialogue/Conversation/3/Entry/1/Dialogue Text,Dialogue,0,,I already gave you my pass!,,
68,Dialogue/Conversation/4/Entry/1/Dialogue Text,Dialogue,0,,What the heck do you have there?,,
69,Dialogue/Conversation/4/Entry/2/Dialogue Text,Dialogue,0,,"I know, I was born like this.",,
70,Dialogue/Conversation/5/Entry/2/Dialogue Text,Dialogue,0,,How did it even end up there?,,
71,Dialogue/Conversation/6/Entry/1/Dialogue Text,Dialogue,0,,Hmm... These are indeed the visitor's fingerprints.,,
72,Dialogue/Conversation/7/Entry/3/Dialogue Text,Dialogue,0,,"Right, these fingerprints belong to someone else.",,
73,Dialogue/Conversation/8/Entry/1/Dialogue Text,Dialogue,0,,Boo!,,
74,Dialogue/Conversation/9/Entry/1/Dialogue Text,Dialogue,0,,Afternoon!,,
75,Dialogue/Conversation/26/Entry/1/Dialogue Text,Dialogue,0,,May I see your pass?,,
76,Dialogue/Conversation/26/Entry/2/Dialogue Text,Dialogue,0,,Just a moment!,,
77,Dialogue/Conversation/27/Entry/1/Dialogue Text,Dialogue,0,,"Your pass, please.",,
78,Dialogue/Conversation/27/Entry/2/Dialogue Text,Dialogue,0,,"Ah, yeah, here you go.",,
79,Dialogue/Conversation/28/Entry/1/Dialogue Text,Dialogue,0,,Pass?,,
80,Dialogue/Conversation/28/Entry/2/Dialogue Text,Dialogue,0,,Here you go.,,
81,Dialogue/Conversation/29/Entry/1/Dialogue Text,Dialogue,0,,Do you have a pass? Do you want me to search you?,,
82,Dialogue/Conversation/29/Entry/2/Dialogue Text,Dialogue,0,,"No need, I'll show it!",,
83,Dialogue/Conversation/30/Entry/1/Dialogue Text,Dialogue,0,,Your paper justification?,,
84,Dialogue/Conversation/30/Entry/2/Dialogue Text,Dialogue,0,,"Huh? Oh, here!",,
85,Dialogue/Conversation/31/Entry/1/Dialogue Text,Dialogue,0,,You know how things work around here.,,
86,Dialogue/Conversation/31/Entry/2/Dialogue Text,Dialogue,0,,"Yes, here's my pass!",,
87,Dialogue/Conversation/32/Entry/1/Dialogue Text,Dialogue,0,,Do you have a pass on you?,,
88,Dialogue/Conversation/32/Entry/2/Dialogue Text,Dialogue,0,,"Yes, here.",,
89,Dialogue/Conversation/33/Entry/1/Dialogue Text,Dialogue,0,,This is getting dangerous…,,
90,Dialogue/Conversation/34/Entry/1/Dialogue Text,Dialogue,0,,"Oh, that's unfortunate...",,
91,Dialogue/Conversation/35/Entry/2/Dialogue Text,Dialogue,0,,This must have always been there.,,
92,Dialogue/Conversation/36/Entry/2/Dialogue Text,Dialogue,0,,"Personally, I know nothing about it.",,
93,Dialogue/Conversation/37/Entry/2/Dialogue Text,Dialogue,0,,Never seen it before.,,
94,Dialogue/Conversation/38/Entry/1/Dialogue Text,Dialogue,0,,Hi! Just don't drag it out.,,
95,Dialogue/Conversation/39/Entry/1/Dialogue Text,Dialogue,0,,I'm so fed up with all this...,,
96,Dialogue/Conversation/40/Entry/1/Dialogue Text,Dialogue,0,,"Come on, make it quick, I'm in a hurry.",,
97,Dialogue/Conversation/41/Entry/1/Dialogue Text,Dialogue,0,,"Show this, take off that... For crying out loud! It's like we're working at a secret facility... Oh, right, we are...",,
98,Dialogue/Conversation/42/Entry/1/Dialogue Text,Dialogue,0,,I can't wait to go home...,,
99,Dialogue/Conversation/43/Entry/1/Dialogue Text,Dialogue,0,,Hello!,,
100,Dialogue/Conversation/44/Entry/1/Dialogue Text,Dialogue,0,,Still here?,,
101,Dialogue/Conversation/45/Entry/1/Dialogue Text,Dialogue,0,,Greetings!,,
102,Dialogue/Conversation/46/Entry/1/Dialogue Text,Dialogue,0,,Greetings!,,
103,Dialogue/Conversation/47/Entry/1/Dialogue Text,Dialogue,0,,Hi there!,,
104,Dialogue/Conversation/48/Entry/1/Dialogue Text,Dialogue,0,,Hi there!,,
105,Dialogue/Conversation/49/Entry/1/Dialogue Text,Dialogue,0,,"Come on, start up your checker.",,
106,Dialogue/Conversation/50/Entry/1/Dialogue Text,Dialogue,0,,Yo!,,
107,Dialogue/Conversation/51/Entry/1/Dialogue Text,Dialogue,0,,"Come through, don't dawdle.",,
108,Dialogue/Conversation/51/Entry/2/Dialogue Text,Dialogue,0,,"But you were the one who... ah, never mind!",,
109,Dialogue/Conversation/52/Entry/1/Dialogue Text,Dialogue,0,,Good.,,
110,Dialogue/Conversation/52/Entry/2/Dialogue Text,Dialogue,0,,Yep...,,
111,Dialogue/Conversation/53/Entry/1/Dialogue Text,Dialogue,0,,You can go.,,
112,Dialogue/Conversation/53/Entry/2/Dialogue Text,Dialogue,0,,Wonderful.,,
113,Dialogue/Conversation/54/Entry/1/Dialogue Text,Dialogue,0,,Everything is in order.,,
114,Dialogue/Conversation/54/Entry/2/Dialogue Text,Dialogue,0,,Of course! You've just wasted my time.,,
115,Dialogue/Conversation/55/Entry/1/Dialogue Text,Dialogue,0,,"Wait, what's that? Just kidding, go ahead...",,
116,Dialogue/Conversation/55/Entry/2/Dialogue Text,Dialogue,0,,Don't scare me like that!,,
117,Dialogue/Conversation/56/Entry/1/Dialogue Text,Dialogue,0,,Everything is in order. Next!,,
118,Dialogue/Conversation/56/Entry/2/Dialogue Text,Dialogue,0,,Phew...,,
119,Dialogue/Conversation/57/Entry/1/Dialogue Text,Dialogue,0,,You. Shall. Not. Pass! Go away.,,
120,Dialogue/Conversation/57/Entry/2/Dialogue Text,Dialogue,0,,Could you be less dramatic?,,
121,Dialogue/Conversation/58/Entry/1/Dialogue Text,Dialogue,0,,Not today.,,
122,Dialogue/Conversation/58/Entry/2/Dialogue Text,Dialogue,0,,Why?!,,
123,Dialogue/Conversation/59/Entry/1/Dialogue Text,Dialogue,0,,I won't let you through.,,
124,Dialogue/Conversation/59/Entry/2/Dialogue Text,Dialogue,0,,Oh...,,
125,Dialogue/Conversation/60/Entry/1/Dialogue Text,Dialogue,0,,Bye-bye!,,
126,Dialogue/Conversation/60/Entry/2/Dialogue Text,Dialogue,0,,I'm filing a complaint!,,
127,Dialogue/Conversation/61/Entry/1/Dialogue Text,Dialogue,0,,Denied.,,
128,Dialogue/Conversation/62/Entry/1/Dialogue Text,Dialogue,0,,Why are you looking at me like that?,,
129,Dialogue/Conversation/62/Entry/2/Dialogue Text,Dialogue,0,,Because it's the last time.,,
130,Dialogue/Conversation/63/Entry/1/Dialogue Text,Dialogue,0,,What did you press?,,
131,Dialogue/Conversation/63/Entry/2/Dialogue Text,Dialogue,0,,Doesn't matter...,,
132,Dialogue/Conversation/64/Entry/1/Dialogue Text,Dialogue,0,,Don't you dare!,,
133,Dialogue/Conversation/64/Entry/2/Dialogue Text,Dialogue,0,,Too late...,,
134,Dialogue/Conversation/65/Entry/1/Dialogue Text,Dialogue,0,,Umm... Maybe I should just leave.,,
135,Dialogue/Conversation/65/Entry/2/Dialogue Text,Dialogue,0,,No way.,,
136,Dialogue/Conversation/66/Entry/1/Dialogue Text,Dialogue,0,,Are you sure?,,
137,Dialogue/Conversation/66/Entry/2/Dialogue Text,Dialogue,0,,I am. You cannot imagine how much.,,
138,Dialogue/Conversation/67/Entry/1/Dialogue Text,Dialogue,0,,Why?,,
139,Dialogue/Conversation/67/Entry/2/Dialogue Text,Dialogue,0,,"Nothing personal, just doing my job.",,
140,Dialogue/Conversation/68/Entry/1/Dialogue Text,Dialogue,0,,"Oh, don't mind that...",,
141,Dialogue/Conversation/69/Entry/1/Dialogue Text,Dialogue,0,,Come on...,,
142,Dialogue/Conversation/70/Entry/1/Dialogue Text,Dialogue,0,,How could such a trifle cause trouble?,,
143,Dialogue/Conversation/71/Entry/1/Dialogue Text,Dialogue,0,,I have to deny you passage.,,
144,Dialogue/Conversation/72/Entry/1/Dialogue Text,Dialogue,0,,Access privileges clearly state...,,
145,Dialogue/Conversation/73/Entry/1/Dialogue Text,Dialogue,0,,I have no choice but to allow...,,
146,Doc_Loc/MaleName1,Doc_Loc,0,НЕ ПЕРЕВОДИТЬ,Акакий Акакиевич,,
147,Doc_Loc/MaleName2,Doc_Loc,0,НЕ ПЕРЕВОДИТЬ,Кабан Кабаныч,,
148,Doc_Loc/MaleName3,Doc_Loc,0,НЕ ПЕРЕВОДИТЬ,Мистер Бигнули,,
149,Doc_Loc/MaleName4,Doc_Loc,0,НЕ ПЕРЕВОДИТЬ,Крош,,
150,Doc_Loc/MaleName5,Doc_Loc,0,НЕ ПЕРЕВОДИТЬ,Бараш,,
151,Doc_Loc/MaleName6,Doc_Loc,0,НЕ ПЕРЕВОДИТЬ,Копатыч,,
152,Doc_Loc/MaleName7,Doc_Loc,0,НЕ ПЕРЕВОДИТЬ,Каркарыч,,
153,Doc_Loc/MaleName8,Doc_Loc,0,НЕ ПЕРЕВОДИТЬ,Пин,,
154,Doc_Loc/MaleName9,Doc_Loc,0,НЕ ПЕРЕВОДИТЬ,Ёжик,,
155,Doc_Loc/MaleName10,Doc_Loc,0,НЕ ПЕРЕВОДИТЬ,Абобус Абобусович,,
156,Doc_Loc/MaleName11,Doc_Loc,0,НЕ ПЕРЕВОДИТЬ,Безымянный Брайан,,
157,Doc_Loc/MaleName12,Doc_Loc,0,НЕ ПЕРЕВОДИТЬ,Петрович,,
158,Doc_Loc/MaleName13,Doc_Loc,0,НЕ ПЕРЕВОДИТЬ,Чхин Чхан Чхон,,
159,Doc_Loc/MaleName14,Doc_Loc,0,НЕ ПЕРЕВОДИТЬ,Ган Джи,,
160,Doc_Loc/MaleName15,Doc_Loc,0,,Grzegorz Brzeszciętekiewicz,,
161,Doc_Loc/MaleName16,Doc_Loc,0,,,,
162,Doc_Loc/MaleName17,Doc_Loc,0,,,,
163,Doc_Loc/MaleName18,Doc_Loc,0,,,,
164,Doc_Loc/MaleNameMetamorphose,Doc_Loc,0,,Gregor Samsa,,
165,Doc_Loc/FemaleName1,Doc_Loc,0,НЕ ПЕРЕВОДИТЬ,Нюша,,
166,Doc_Loc/FemaleName2,Doc_Loc,0,НЕ ПЕРЕВОДИТЬ,Совунья,,
167,Doc_Loc/FemaleName3,Doc_Loc,0,НЕ ПЕРЕВОДИТЬ,Клара,,
168,Doc_Loc/FemaleName4,Doc_Loc,0,НЕ ПЕРЕВОДИТЬ,Мара,,
169,Doc_Loc/FemaleName5,Doc_Loc,0,НЕ ПЕРЕВОДИТЬ,Лара,,
170,Doc_Loc/FemaleName6,Doc_Loc,0,НЕ ПЕРЕВОДИТЬ,Сара,,
171,Doc_Loc/FemaleName7,Doc_Loc,0,НЕ ПЕРЕВОДИТЬ,Варвара,,
172,Doc_Loc/FemaleName8,Doc_Loc,0,НЕ ПЕРЕВОДИТЬ,Ильинишна,,
173,Doc_Loc/FemaleName9,Doc_Loc,0,НЕ ПЕРЕВОДИТЬ,Тон Фу,,
174,Doc_Loc/FemaleName10,Doc_Loc,0,НЕ ПЕРЕВОДИТЬ,Шурупочка,,
175,Doc_Loc/FemaleName11,Doc_Loc,0,НЕ ПЕРЕВОДИТЬ,Ира Транж,,
176,Doc_Loc/FemaleName12,Doc_Loc,0,НЕ ПЕРЕВОДИТЬ,Сочная Милфа,,
177,Doc_Loc/FemaleName13,Doc_Loc,0,,,,
178,Doc_Loc/FemaleName14,Doc_Loc,0,,,,
179,Doc_Loc/FemaleName15,Doc_Loc,0,,,,
180,Doc_Loc/FemaleName16,Doc_Loc,0,,,,
181,Doc_Loc/BossName01,Doc_Loc,0,,The Coordinator,,
182,Doc_Loc/,Doc_Loc,0,,#N/A,,
183,Doc_Loc/SerialNumber1,Doc_Loc,0,,123,,
184,Doc_Loc/SerialNumber10,Doc_Loc,0,,124154,,
185,Doc_Loc/SerialNumber11,Doc_Loc,0,,5324235,,
186,Doc_Loc/SerialNumber2,Doc_Loc,0,,1254,,
187,Doc_Loc/SerialNumber3,Doc_Loc,0,,1525,,
188,Doc_Loc/SerialNumber4,Doc_Loc,0,,3262,,
189,Doc_Loc/SerialNumber5,Doc_Loc,0,,12552,,
190,Doc_Loc/SerialNumber6,Doc_Loc,0,,13,,
191,Doc_Loc/SerialNumber7,Doc_Loc,0,,235236,,
192,Doc_Loc/SerialNumber8,Doc_Loc,0,,56431252,,
193,Doc_Loc/SerialNumber9,Doc_Loc,0,,3453553,,
194,Doc_Loc/SimpleNumber1,Doc_Loc,0,,1,,
195,Doc_Loc/SimpleNumber2,Doc_Loc,0,,2,,
196,Doc_Loc/SimpleNumber3,Doc_Loc,0,,3,,
197,Doc_Loc/SimpleNumber4,Doc_Loc,0,,4,,
198,Doc_Loc/SimpleNumber5,Doc_Loc,0,,5,,
199,Doc_Loc/SimpleNumber6,Doc_Loc,0,,6,,
200,Doc_Loc/SimpleNumber7,Doc_Loc,0,,7,,
201,Doc_Loc/SimpleNumber8,Doc_Loc,0,,8,,
202,Doc_Loc/SimpleNumber9,Doc_Loc,0,,9,,
203,Abstract_Dev/1,Abstract_Dev,0,Аномальный размер органа,Abnormal organ size,,
204,Abstract_Dev/2,Abstract_Dev,0,Аномальный наклон орагана,Abnormal organ angle,,
205,Abstract_Dev/3,Abstract_Dev,0,Аномальные следы на документе,Marks on the document,,
206,Abstract_Dev/4,Abstract_Dev,0,Аномальная целостность органа,Abnormal organ integrity,,
207,Abstract_Dev/5,Abstract_Dev,0,Аномальное количество органов,Abnormal number of organs,,
208,Abstract_Dev/6,Abstract_Dev,0,Инородный объект,Foreign body,,
209,Abstract_Dev/7,Abstract_Dev,0,Несуществующий объект на фотографии,Abnormal photo development,,
210,Abstract_Dev/8,Abstract_Dev,0,Кожная мутация,External mutation,,
211,Abstract_Dev/9,Abstract_Dev,0,Мутация органа,Organ mutation,,
212,Abstract_Dev/10,Abstract_Dev,0,Аномальная кость,Abnormal bone structure,,
213,Abstract_Dev/11,Abstract_Dev,0,Аномальная температура,Abnormal temperature condition,,
214,Abstract_Dev/12,Abstract_Dev,0,,,,
215,Abstract_Dev/13,Abstract_Dev,0,,,,
216,Abstract_Dev/14,Abstract_Dev,0,,,,
217,Abstract_Dev/15,Abstract_Dev,0,,,,
218,Abstract_Dev/16,Abstract_Dev,0,,,,
219,Abstract_Dev/17,Abstract_Dev,0,,,,
220,Abstract_Dev/18,Abstract_Dev,0,,,,
221,Abstract_Dev/19,Abstract_Dev,0,,,,
222,Abstract_Dev/20,Abstract_Dev,0,,,,
223,Abstract_Dev/21,Abstract_Dev,0,,,,
224,Abstract_Dev/22,Abstract_Dev,0,,,,
225,Abstract_Dev/23,Abstract_Dev,0,,,,
226,Abstract_Dev/24,Abstract_Dev,0,,,,
227,Abstract_Dev/25,Abstract_Dev,0,,,,
228,Abstract_Dev/26,Abstract_Dev,0,,,,
229,Abstract_Dev/27,Abstract_Dev,0,,,,
230,Abstract_Dev/28,Abstract_Dev,0,,,,
231,Abstract_Dev/29,Abstract_Dev,0,,,,
232,Abstract_Dev/30,Abstract_Dev,0,,,,
233,Abstract_Dev/31,Abstract_Dev,0,,,,
234,Abstract_Dev/32,Abstract_Dev,0,,,,
235,Abstract_Dev/33,Abstract_Dev,0,,,,
236,Abstract_Dev/34,Abstract_Dev,0,,,,
237,Abstract_Dev/35,Abstract_Dev,0,,,,
238,Abstract_Dev/36,Abstract_Dev,0,,,,
239,Abstract_Dev/37,Abstract_Dev,0,,,,
240,Abstract_Dev/38,Abstract_Dev,0,,,,
241,Abstract_Dev/39,Abstract_Dev,0,,,,
242,Abstract_Dev/40,Abstract_Dev,0,,,,
243,Abstract_Dev/41,Abstract_Dev,0,,,,
244,Abstract_Dev/42,Abstract_Dev,0,,,,
245,Abstract_Dev/43,Abstract_Dev,0,,,,
246,Abstract_Dev/44,Abstract_Dev,0,,,,
247,Abstract_Dev/45,Abstract_Dev,0,,,,
248,Abstract_Dev/46,Abstract_Dev,0,,,,
249,Abstract_Dev/47,Abstract_Dev,0,,,,
250,Abstract_Dev/48,Abstract_Dev,0,,,,
251,Abstract_Dev/49,Abstract_Dev,0,,,,
252,Abstract_Dev/50,Abstract_Dev,0,,,,
253,Abstract_Dev/51,Abstract_Dev,0,,,,
254,Abstract_Dev/52,Abstract_Dev,0,,,,
255,Abstract_Dev/53,Abstract_Dev,0,,,,
256,Abstract_Dev/54,Abstract_Dev,0,,,,
257,Abstract_Dev/55,Abstract_Dev,0,,,,
258,Abstract_Dev/56,Abstract_Dev,0,,,,
259,Abstract_Dev/57,Abstract_Dev,0,,,,
260,Abstract_Dev/58,Abstract_Dev,0,,,,
261,Abstract_Dev/59,Abstract_Dev,0,,,,
262,Abstract_Dev/60,Abstract_Dev,0,,,,
263,Abstract_Dev/61,Abstract_Dev,0,,,,
264,Abstract_Dev/62,Abstract_Dev,0,,,,
265,Abstract_Dev/63,Abstract_Dev,0,,,,
266,Abstract_Dev/64,Abstract_Dev,0,,,,
267,Abstract_Dev/65,Abstract_Dev,0,,,,
268,Abstract_Dev/66,Abstract_Dev,0,,,,
269,Abstract_Dev/67,Abstract_Dev,0,,,,
270,Abstract_Dev/68,Abstract_Dev,0,,,,
271,Abstract_Dev/69,Abstract_Dev,0,,,,
272,Abstract_Dev/70,Abstract_Dev,0,,,,
273,Abstract_Dev/71,Abstract_Dev,0,,,,
274,Abstract_Dev/72,Abstract_Dev,0,,,,
275,Abstract_Dev/73,Abstract_Dev,0,,,,
276,Abstract_Dev/74,Abstract_Dev,0,,,,
277,Abstract_Dev/75,Abstract_Dev,0,,,,
278,Abstract_Dev/76,Abstract_Dev,0,,,,
279,Abstract_Dev/77,Abstract_Dev,0,,,,
280,Abstract_Dev/78,Abstract_Dev,0,,,,
281,Abstract_Dev/79,Abstract_Dev,0,,,,
282,Abstract_Dev/80,Abstract_Dev,0,,,,
283,Abstract_Dev/81,Abstract_Dev,0,,,,
284,Abstract_Dev/82,Abstract_Dev,0,,,,
285,Abstract_Dev/83,Abstract_Dev,0,,,,
286,Abstract_Dev/84,Abstract_Dev,0,,,,
287,Abstract_Dev/85,Abstract_Dev,0,,,,
288,Abstract_Dev/86,Abstract_Dev,0,,,,
289,Abstract_Dev/87,Abstract_Dev,0,,,,
290,Abstract_Dev/88,Abstract_Dev,0,,,,
291,Abstract_Dev/89,Abstract_Dev,0,,,,
292,Abstract_Dev/90,Abstract_Dev,0,,,,
293,Real_Dev/1,Real_Dev,0,Ненастоящее имя в паспорте,Enlarged kidney,,
294,Real_Dev/2,Real_Dev,0,Ненастоящее имя в пропуске,Reduced kidney,,
295,Real_Dev/3,Real_Dev,0,Почка увеличена,Tilted kidney,,
296,Real_Dev/4,Real_Dev,0,Почка уменьшена,Missing hemisphere,,
297,Real_Dev/5,Real_Dev,0,Почка повёрнута по оси,Enlarged hemisphere,,
298,Real_Dev/6,Real_Dev,0,Ненастоящее имя в мед справке,Reduced hemisphere,,
299,Real_Dev/7,Real_Dev,0,Значение поля совпадает с требуемым значением инструкции,Upside-down brain,,
300,Real_Dev/8,Real_Dev,0,Отсутствие левого полушария мозга,Missing kidney,,
301,Real_Dev/9,Real_Dev,0,Отсутствие правого полушария мозга,Sharp fangs,,
302,Real_Dev/10,Real_Dev,0,Увеличенное полушарие,Hypothermic head,,
303,Real_Dev/11,Real_Dev,0,Уменьшенное полушарие,Hypothermic chest,,
304,Real_Dev/12,Real_Dev,0,Перевёрнутый мозг,Hypothermic heart,,
305,Real_Dev/13,Real_Dev,0,Отсутствует Правая почка,Hypothermic stomach,,
306,Real_Dev/14,Real_Dev,0,Отсутствует Левая почка,Hyperthermic head,,
307,Real_Dev/15,Real_Dev,0,Острые клыки,Hyperthermic chest,,
308,Real_Dev/16,Real_Dev,0,"Устаревшее, можно переиспользовать",Hyperthermic lungs,,
309,Real_Dev/17,Real_Dev,0,Обычные отпечатки на паспорте,Hyperthermic stomach,,
310,Real_Dev/18,Real_Dev,0,Обычные отпечатки на пропуске,Fused teeth,,
311,Real_Dev/19,Real_Dev,0,Обычные отпечатки на справке,Heart pigmentation,,
312,Real_Dev/20,Real_Dev,0,Необычные отпечатки на паспорте,Self-feeding stomach,,
313,Real_Dev/21,Real_Dev,0,Необычные отпечатки на пропуске,Coral kidney,,
314,Real_Dev/22,Real_Dev,0,Необычные отпечатки на справке,Missing lung,,
315,Real_Dev/23,Real_Dev,0,Следы крови на паспорте,Skin rash,,
316,Real_Dev/24,Real_Dev,0,Следы крови на пропуске,Fungal skin growth,,
317,Real_Dev/25,Real_Dev,0,Следы крови на справке,Tentacle-like limb deformity,,
318,Real_Dev/26,Real_Dev,0,,Esophageal cutaneous mutation,,
319,Real_Dev/27,Real_Dev,0,,Symbiotic intelligent growth,,
320,Real_Dev/28,Real_Dev,0,Грибы,Crystal bone,,
321,Real_Dev/29,Real_Dev,0,Тентакля,Metallic bone,,
322,Real_Dev/30,Real_Dev,0,Пасть,Hidden socket,,
323,Real_Dev/31,Real_Dev,0,Крэнг,Sharp bone,,
324,Real_Dev/32,Real_Dev,0,Холодная голова,Thick bone,,
325,Real_Dev/33,Real_Dev,0,Холодная грудь,Thin bone,,
326,Real_Dev/34,Real_Dev,0,Холодное средце,Crystal growth,,
327,Real_Dev/35,Real_Dev,0,Холодный живот,Tainted bone,,
328,Real_Dev/36,Real_Dev,0,Горячая голова,Missing ribs,,
329,Real_Dev/37,Real_Dev,0,Горячая грудь,Dense bone,,
330,Real_Dev/38,Real_Dev,0,Горячие лёгкие,Spiral bone deformity,,
331,Real_Dev/39,Real_Dev,0,Горячий живот,Brain electrification,,
332,Real_Dev/40,Real_Dev,0,Монозубы,Brain petrification,,
333,Real_Dev/41,Real_Dev,0,Черное сердце,Brain pescafication,,
334,Real_Dev/42,Real_Dev,0,Ненасытная утроба,Shark teeth syndrome,,
335,Real_Dev/43,Real_Dev,0,Коралловый полип вместо левой почки,Lung bagisation,,
336,Real_Dev/44,Real_Dev,0,Коралловый полип вместо правой почки,Heart petrification,,
337,Real_Dev/45,Real_Dev,0,Коралловый полип вместо лишней почки,Heart electrification,,
338,Real_Dev/46,Real_Dev,0,Отсутствует левое лёгкое,Heart voodooisation,,
339,Real_Dev/47,Real_Dev,0,Отсутствует правое лёгкое,Liver bagisation,,
340,Real_Dev/48,Real_Dev,0,Пучок Сфер (Фото),Vintage gastric augmentation,,
341,Real_Dev/49,Real_Dev,0,Подозрительная сыпь на шее-Чел-М,Kidney electrification,,
342,Real_Dev/50,Real_Dev,0,Подозрительная сыпь на верхней части груди-Чел-М,Skull bumps,,
343,Real_Dev/51,Real_Dev,0,Подозрительная сыпь на груди слева-Чел-М,Class [REDACTED] bionic skull,,
344,Real_Dev/52,Real_Dev,0,Подозрительная сыпь на груди справа-Чел-М,Class [REDACTED] bionic ribs,,
345,Real_Dev/53,Real_Dev,0,Подозрительная сыпь на левом плече-Чел-М,Class [REDACTED] bionic left humerus,,
346,Real_Dev/54,Real_Dev,0,Подозрительная сыпь на правом плече-Чел-М,Class [REDACTED] bionic right humerus,,
347,Real_Dev/55,Real_Dev,0,Подозрительная сыпь на животе-Чел-М,Coral Bone Transformation,,
348,Real_Dev/56,Real_Dev,0,Подозрительная сыпь на левом боку-Чел-М,Bone Ichthyization,,
349,Real_Dev/57,Real_Dev,0,Подозрительная сыпь на правом боку-Чел-М,Skull Ichthyization,,
350,Real_Dev/58,Real_Dev,0,Подозрительная сыпь на шее-Чел-Ж,Tentacles in the Photo,,
351,Real_Dev/59,Real_Dev,0,Подозрительная сыпь на верхней части груди-Чел-Ж,Tentacle in the Photo,,
352,Real_Dev/60,Real_Dev,0,Подозрительная сыпь на груди слева-Чел-Ж,Predatory Nematode in the Photo,,
353,Real_Dev/61,Real_Dev,0,Подозрительная сыпь на груди справа-Чел-Ж,Coral Growth on the Skin,,
354,Real_Dev/62,Real_Dev,0,Подозрительная сыпь на левом плече-Чел-Ж,Liver with Eyes,,
355,Real_Dev/63,Real_Dev,0,Подозрительная сыпь на правом плече-Чел-Ж,Stomach with Eyes,,
356,Real_Dev/64,Real_Dev,0,Подозрительная сыпь на животе-Чел-Ж,Heart Behelitization,,
357,Real_Dev/65,Real_Dev,0,Подозрительная сыпь на левом боку-Чел-Ж,Octopus Heart-Snatcher,,
358,Real_Dev/66,Real_Dev,0,Подозрительная сыпь на правом боку-Чел-Ж,Algal Kidney Transformation,,
359,Real_Dev/67,Real_Dev,0,Шея-Грибы-Чел-М,Algal Lung Transformation,,
360,Real_Dev/68,Real_Dev,0,Верхняя часть груди-Грибы-Чел-М,Subdermal Power Circuits,,
361,Real_Dev/69,Real_Dev,0,Левая грудь-Грибы-Чел-М,Technomancer's Wax Seal on the Skin,,
362,Real_Dev/70,Real_Dev,0,Прав грудь-Грибы-Чел-М,Bone-Mounted Wires,,
363,Real_Dev/71,Real_Dev,0,Левое плечо-Грибы-Чел-М,Technomancer's Brain,,
364,Real_Dev/72,Real_Dev,0,Прав плечо-Грибы-Чел-М,Atomic Heart,,
365,Real_Dev/73,Real_Dev,0,Верх живота-Грибы-Чел-М,Technomancer's Lung,,
366,Real_Dev/74,Real_Dev,0,Левой бок-Грибы-Чел-М,Magmatic Heart,,
367,Real_Dev/75,Real_Dev,0,Прав бок-Грибы-Чел-М,Technomancer's Enlarged Liver,,
368,Real_Dev/76,Real_Dev,0,Шея-Грибы-Чел-Ж,Technomancer's Stomach,,
369,Real_Dev/77,Real_Dev,0,Верхняя часть груди-Грибы-Чел-Ж,Technomancer's Cubic Kidney,,
370,Real_Dev/78,Real_Dev,0,Левая грудь-Грибы-Чел-Ж,Zeros and Ones in the Photo,,
371,Real_Dev/79,Real_Dev,0,Прав грудь-Грибы-Чел-Ж,Man Made of Zeros and Ones in the Photo,,
372,Real_Dev/80,Real_Dev,0,Левое плечо-Грибы-Чел-Ж,Blue Crystal on the Skin,,
373,Real_Dev/81,Real_Dev,0,Прав плечо-Грибы-Чел-Ж,Gemstones in the Bones,,
374,Real_Dev/82,Real_Dev,0,Верх живота-Грибы-Чел-Ж,Blue Ritual Patterns on the Bones,,
375,Real_Dev/83,Real_Dev,0,Левой бок-Грибы-Чел-Ж,Fingerprints on the Document,,
376,Real_Dev/84,Real_Dev,0,Прав бок-Грибы-Чел-Ж,Unusual Prints on the Document,,
377,Real_Dev/85,Real_Dev,0,Левое плечо-Тентакля-Чел-М,Blood Traces on the Document,,
378,Real_Dev/86,Real_Dev,0,Прав плечо-Тентакля-Чел-М,Cluster of Spheres in the Photo,,
379,Real_Dev/87,Real_Dev,0,Левое плечо-Тентакля-Чел-Ж,Wrong Photo in the Passport,,
380,Real_Dev/88,Real_Dev,0,Прав плечо-Тентакля-Чел-Ж,Wrong Photo on the Pass,,
381,Real_Dev/89,Real_Dev,0,Верхняя часть груди-Грибы-Чел-М,Wrong Passport Number,,
382,Real_Dev/90,Real_Dev,0,Верх живота-Пасть-Чел-М,Wrong Pass Number,,
383,Real_Dev/91,Real_Dev,0,Левой бок-Пасть-Чел-М,Unseen Observer in the Photo,,
384,Real_Dev/92,Real_Dev,0,Прав бок-Пасть-Чел-М,Portal-Type Reality Rift in the Photo,,
385,Real_Dev/93,Real_Dev,0,Верхняя часть груди-Пасть-Чел-Ж,Phantom Undertaker in the Photo,,
386,Real_Dev/94,Real_Dev,0,Верх живота-Пасть-Чел-Ж,Burnt-Out Eyes in the Photo,,
387,Real_Dev/95,Real_Dev,0,Левой бок-Пасть-Чел-Ж,Phantom Hound in the Photo,,
388,Real_Dev/96,Real_Dev,0,Прав бок-Пасть-Чел-Ж,Puppet Strings in the Photo,,
389,Real_Dev/97,Real_Dev,0,Верх живота-Кренг-Чел-М,Anomalous Manifestations Captured by the Elevator Camera,,
390,Real_Dev/98,Real_Dev,0,Верх живота-Кренг-Чел-Ж,Homemade Explosive Device,,
391,Real_Dev/99,Real_Dev,0,,Cerebral Crystal Formations,,
392,Real_Dev/100,Real_Dev,0,Хрустальный череп,Crystal Heart,,
393,Real_Dev/101,Real_Dev,0,Металлический череп,Total Kidney Crystallization,,
394,Real_Dev/102,Real_Dev,0,Бугристая отметина,Liver Replaced with a Ritual Pouch,,
395,Real_Dev/103,Real_Dev,0,Третья глазница,Lung Transformed into a Worm-Ridden Tree,,
396,Real_Dev/104,Real_Dev,0,Череп предтеч,Lava Stomach,,
397,Real_Dev/105,Real_Dev,0,Стальные позвонки,Ritual Tattoos on the Skin,,
398,Real_Dev/106,Real_Dev,0,Острые отростки,Spirits with a Hole in the Chest in the Photo,,
399,Real_Dev/107,Real_Dev,0,Широкие позвонки,Spirit Trying to Crawl into Our World in the Photo,,
400,Real_Dev/108,Real_Dev,0,Тонкие позвонки,Reality Rift in the Photo,,
401,Real_Dev/109,Real_Dev,0,Стальная грудина,Head Hypothermia,,
402,Real_Dev/110,Real_Dev,0,Красный кристалл,Chest Hypothermia,,
403,Real_Dev/111,Real_Dev,0,Стальные ребра - верх - лево,Gray Hands in the Photo,,
404,Real_Dev/112,Real_Dev,0,Демонические ребра - верх - лево,Rain Cloud in the Photo,,
405,Real_Dev/113,Real_Dev,0,Недостающие ребра - верх - лево,Clots of Gray Goo on the Skin,,
406,Real_Dev/114,Real_Dev,0,Спицеобразные ребра - верх - лево,Bone Made of Gray Goo,,
407,Real_Dev/115,Real_Dev,0,Сросшиеся ребра - верх - лево,Ribs Made of Gray Goo,,
408,Real_Dev/116,Real_Dev,0,Ребра предтеч - верх - лево,Vertebrae Made of Gray Goo,,
409,Real_Dev/117,Real_Dev,0,Стальные ребра - низ - лево,Sternum Made of Gray Goo,,
410,Real_Dev/118,Real_Dev,0,Демонические ребра - низ - лево,Skull Made of Gray Goo,,
411,Real_Dev/119,Real_Dev,0,Недостающие ребра - низ - лево,Brain Made of Gray Goo Jelly,,
412,Real_Dev/120,Real_Dev,0,Спицеобразные ребра - низ - лево,Sphere with Spikes Instead of a Heart,,
413,Real_Dev/121,Real_Dev,0,Сросшиеся ребра - низ - лево,Sphere with Spikes Instead of a Lung,,
414,Real_Dev/122,Real_Dev,0,Ребра предтеч - низ - лево,Liver Container for Gray Goo,,
415,Real_Dev/123,Real_Dev,0,Стальные ребра - верх - право,Stomach Container for Gray Goo,,
416,Real_Dev/124,Real_Dev,0,Демонические ребра - верх - право,Kidney Replaced with a Gray Goo Sphere,,
417,Real_Dev/125,Real_Dev,0,Недостающие ребра - верх - право,Sharpened Teeth,,
418,Real_Dev/126,Real_Dev,0,Спицеобразные ребра - верх - право,Black Fungal Growths on the Skin,,
419,Real_Dev/127,Real_Dev,0,Сросшиеся ребра - верх - право,Gray Fungal Growths on the Skin,,
420,Real_Dev/128,Real_Dev,0,Ребра предтеч - верх - право,Reddish Fungal Growths on the Skin,,
421,Real_Dev/129,Real_Dev,0,Стальные ребра - низ - право,Bones Afflicted by Green Mold,,
422,Real_Dev/130,Real_Dev,0,Демонические ребра - низ - право,Toadstoolization of the Skull,,
423,Real_Dev/131,Real_Dev,0,Недостающие ребра - низ - право,Fungal Affliction of the Liver,,
424,Real_Dev/132,Real_Dev,0,Спицеобразные ребра - низ - право,Fungoid Affliction of the Brain,,
425,Real_Dev/133,Real_Dev,0,Сросшиеся ребра - низ - право,Fungoid Transformation of the Stomach,,
426,Real_Dev/134,Real_Dev,0,Ребра предтеч - низ - право,Fungoid Transformation of the Lung,,
427,Real_Dev/135,Real_Dev,0,Утолщенная кость - лево,Fungoid Transformation of the Kidney,,
428,Real_Dev/136,Real_Dev,0,Спиральная кость - лево,Heart-Shaped Mask in the Photo,,
429,Real_Dev/137,Real_Dev,0,Зазубренная кость - лево,Malicious Toadstool in the Photo,,
430,Real_Dev/138,Real_Dev,0,Стальная кость - лево,Mushroom Fairy in the Photo,,
431,Real_Dev/139,Real_Dev,0,Кость предтеч - лево,Fungal Overgrowth in the Photo,,
432,Real_Dev/140,Real_Dev,0,Утолщенная кость - право,Bone Replaced with Fungal Honeycomb,,
433,Real_Dev/141,Real_Dev,0,Спиральная кость - право,Blue-Fungal Transformation of the Brain,,
434,Real_Dev/142,Real_Dev,0,Зазубренная кость - право,Inky Heart,,
435,Real_Dev/143,Real_Dev,0,Стальная кость - право,Morel Transformation of the Kidney,,
436,Real_Dev/144,Real_Dev,0,Кость предтеч - право,Blood-Fungal Transformation of the Liver,,
437,Real_Dev/145,Real_Dev,0,Стальные позвонки,Malicious Fungal Stomach,,
438,Real_Dev/146,Real_Dev,0,Острые отростки,Mold Growth on the Lung,,
439,Real_Dev/147,Real_Dev,0,Широкие позвонки,Yellow Moss on the Skin,,
440,Real_Dev/148,Real_Dev,0,Узкие позвонки,Necrotic Affliction of the Skin,,
441,Real_Dev/149,Real_Dev,0,Монстроголов,Red Color Mentioned in the Rorschach Test Answers,,
442,Real_Dev/150,Real_Dev,0,Лифтовые хихуны,Blue Color Mentioned in the Rorschach Test Answers,,
443,Real_Dev/151,Real_Dev,0,Человек-катана,Green Color Mentioned in the Rorschach Test Answers,,
444,Real_Dev/152,Real_Dev,0,Неверная фотка на паспорте,White Color Mentioned in the Rorschach Test Answers,,
445,Real_Dev/153,Real_Dev,0,Неверная фотка на пропуске,Black Color Mentioned in the Rorschach Test Answers,,
446,Instructions/1,Instructions,0,Расстреливать всех с аномалиями органов,Anomalies in the photo,,
447,Instructions/2,Instructions,0,Документы должны быть в порядке,External body anomalies,,
448,Instructions/3,Instructions,0,На этаж 7 нужна специальная мед справка,Internal organ anomalies,,
449,Instructions/4,Instructions,0,Чужие отпечатки на документах отвратительны!,Bone anomalies,,
450,Instructions/5,Instructions,0,Не пропускать с увеличенными органами,Hypothermic areas,,
451,Instructions/6,Instructions,0,Ложное имя - настоящая смерть!,Hyperthermic areas,,
452,Instructions/7,Instructions,0,Ложное имя - отказ...,Forged medical certificate,,
453,Instructions/8,Instructions,0,Проблемы с кожей - расстрел,"Mismatched details between passport and pass (name, number, or photo)",,
454,Instructions/9,Instructions,0,Проблемы с шеей - расстрел,Fake name on passport or pass,,
455,Instructions/10,Instructions,0,Проблемы с кожей - отказ,Enlarged internal organs,,
456,Instructions/11,Instructions,0,Псевдообъекты на фото - расстрел,External neck anomalies,,
457,Instructions/12,Instructions,0,"Уходи, нечистый сердцем",Skull anomalies,,
458,Instructions/13,Instructions,0,Поддельная справка - расстрел,Rib anomalies,,
459,Instructions/14,Instructions,0,Всегда пропускать с увеличенным органом,Arm bone anomalies,,
460,Instructions/15,Instructions,0,Псевдообъекты на фото - отказ,Spine anomalies,,
461,Instructions/16,Instructions,0,Псевдообъекты на фото - пропуск,External torso anomalies,,
462,Instructions/17,Instructions,0,Переохлаждение - расстрел,External arm anomalies,,
463,Instructions/18,Instructions,0,Переохлаждение - пропуск,Heart anomalies,,
464,Instructions/19,Instructions,0,Переохлаждение - отказ,Lung anomalies,,
465,Instructions/20,Instructions,0,Перегрев - расстрел,Brain anomalies,,
466,Instructions/21,Instructions,0,Перегрев - пропуск,Teeth anomalies,,
467,Instructions/22,Instructions,0,Перегрев - отказ,Liver anomalies,,
468,Instructions/23,Instructions,0,Аномалия костей - расстрел,Kidney anomalies,,
469,Instructions/24,Instructions,0,Аномалия костей - пропуск,Stomach anomalies,,
470,Instructions/25,Instructions,0,Аномалия костей - отказ,Phantom creatures in the photo,,
471,Instructions/26,Instructions,0,Аномалия органов - отказ,Reality fractures in the photo,,
472,Instructions/27,Instructions,0,,Phantom hound in the photo,,
473,Instructions/28,Instructions,0,,#N/A,,
474,Instructions/29,Instructions,0,,Steel bones,,
475,Instructions/30,Instructions,0,,Microchip visible under UV light on papers,,
476,Instructions/31,Instructions,0,,Mycelium visible under UV light on papers,,
477,Instructions/32,Instructions,0,,Ones and zeroes visible under UV light on papers,,
478,Instructions/33,Instructions,0,,Runic symbols visible under UV light on papers,,
479,Instructions/34,Instructions,0,,Skull visible under UV light on papers,,
480,Instructions/35,Instructions,0,,Any traces visible under UV light on papers,,
481,Instructions/36,Instructions,0,,Blue crystals on the skin,,
482,Instructions/37,Instructions,0,,Wax seals on the skin,,
483,Instructions/38,Instructions,0,,Macrophagus Pakumanii in the blood,,
484,Instructions/39,Instructions,0,,Erythrocytus Cyberneticus in the blood,,
485,Instructions/40,Instructions,0,,Tentacles in the photo,,
486,Instructions/41,Instructions,0,,Spirits with a hole in their chest in the photo,,
487,Instructions/42,Instructions,0,,Spirit trying to crawl into our world in the photo,,
488,Instructions/43,Instructions,0,,Fly agaric in the photo,,
489,Instructions/44,Instructions,0,,Orange mushrooms on the skin,,
490,Instructions/45,Instructions,0,,Fungus-infested liver,,
491,Instructions/46,Instructions,0,,Green mold on the bones,,
492,Instructions/47,Instructions,0,,Gemstones in the bones,,
493,Instructions/48,Instructions,0,,Internal organs with eyes,,
494,Instructions/49,Instructions,0,,Wires on the bones,,
495,Instructions/50,Instructions,0,,Person made of ones and zeros in the photo,,
496,Instructions/51,Instructions,0,,Gray goo on the skin,,
497,Instructions/52,Instructions,0,,Bones made of gray goo,,
498,Instructions/53,Instructions,0,,Brain made of gray goo jelly,,
499,Instructions/54,Instructions,0,,Spiked sphere instead of a heart,,
500,Instructions/55,Instructions,0,,Spiked sphere instead of a lung,,
501,Instructions/56,Instructions,0,,Gray hands in the photo,,
502,Instructions/57,Instructions,0,,Rain in the photo,,
503,Instructions/58,Instructions,0,,Cybernetic circuits and augmentations on the body,,
504,Instructions/59,Instructions,0,,Cybernetically modified brain,,
505,Instructions/60,Instructions,0,,Cybernetically modified heart,,
506,Instructions/61,Instructions,0,,Cybernetically modified lungs,,
507,Instructions/62,Instructions,0,,Cybernetically modified organs,,
508,Instructions/63,Instructions,0,,Advanced cybernetic bones,,
509,Instructions/64,Instructions,0,,Purple protective field in the photo,,
510,Instructions/65,Instructions,0,,Green circuits in the photo,,
511,Instructions/66,Instructions,0,,Larval skin infestation,,
512,Instructions/67,Instructions,0,,Web-like growths on the skin,,
513,Instructions/68,Instructions,0,,Parasitic scarab on the skin,,
514,Credits/Titles001,Credits,0,,"SECURITY 51
DEVELOPED AND PUBLISHED BY ALAWAR


GAME DIRECTOR
Stepan Komarov

HEAD OF PRODUCTION
Andrew Kuvaev

PROJECT MANAGER
Denis Lepikhov

LEAD GAME DESIGNER
Elnur Khalilov

GAME DESIGNER
Fedor Dvorcov

LEAD PROGRAMMER
Dmitry Miroshnichenko

PROGRAMMER
Semyon Kachur

ART DIRECTOR
Stepan Komarov

LEAD ANIMATOR
Sergey Cherenkov

ARTISTS
Aliya Gabdulbarova
Tatyana Afanasyeva
Anna Artiukhova
Sergey Cherenkov
Ivan Ivkin
Yury Kirkevich

QA LEAD
Vladislav Kufeld

QA TESTERS
Alena Gamanova
Semyon Grachev

LOCALIZATION
Mike Belov
Evgenia Sherbak
BSC Everest

RELEASE MANAGER
Kirill Erkholin


HEAD OF MARKETING
Artem Bashutin

SENIOR MARKETING MANAGER
Slava Budaev

SENIOR COMMUNITY MANAGER
Natalie Mukhortova

COMMUNITY MANAGER
Daniil Krasheninnikov

DESIGNER
Polina Shirshova


HEAD OF BUSINESS DEVELOPMENT
Maria Urbanovich

BUSINESS DEVELOPMENT MANAGER
Alex Arsentiev

ANALYTICS AND STATISTICS
Alexey Balobanov


CEO
Sergey Zanin

CFO
Natalya Staritsyna


HUMAN RESOURCES
Svetlana Ignatenko
Tatyana Ivanova

FINANCE
Anastasia Chornaya
Lidia Malyasova
Maria Popova
Nazgul Ibraeva
Yulia Ponomareva

LEGAL
Anna Yakovleva

IT
Yulia Kulikova
Alexander Malitsky

GENERAL SERVICES
Pavel Titov


MUSIC & SOUND
Igor 'Deallry' Galahov

SOUND
Andrey Shubin


OTHER TEAMS AT ALAWAR
Dmitry Terentiev
Svetlana Shvetsova
Evgenia Lee
Artemy Naimushin
Diana Shutova
Alina Lapitskaya
Andrew Kandzha
Max Minkov
Semyon Erochin
Alexander Stalnov
Irina Gamanova
Ilya Napolov
Maria Pritchina
Anton Kashkovsky
Nikita Zhuperin
Vitaliy Ushmotkin
Anastasia Subbotina
Ekaterina Dampilova
Nikita Mialkin


SPECIAL THANKS TO
Natalya Yarovenko
Alexander Svyazhin
Alexey Turischev
Omet
RawrelTV
our playtesters
and you

Security 51 was made with Unity®. Unity is a trademark or registered trademark of Unity Technologies Copyright © 2005-2026 Unity Technologies. All rights reserved.",,
515,Credits/Titles002,Credits,0,,"HEAD OF MARKETING
Artem Bashutin

SENIOR MARKETING MANAGER
Slava Budaev

COMMUNITY MANAGER
Natalie Mukhortova

DESIGNER
Polina Shirshova

HEAD OF BIZ DEV
Maria Urbanovich

BIZ DEV MANAGER
Alex Arsentiev

ANALYTICS AND STATISTICS
Alexey Balobanov

CEO
Sergey Zanin

COO
Natalya Yarovenko

CFO
Natalya Staritsyna
FINANCE
Anastasia Chornaya
Oksana Mikheeva
Lidia Malyasova
Maria Popova
Nazgul Ibraeva

HUMAN RESOURCES
Svetlana Ignatenko
Tatyana Ivanova

LEGAL
Anna Yakovleva

IT
Yulia Kulikova
Sergey Mayatskiy

GENERAL SERVICES
Pavel Titov

MUSIC BY
Igor ‘Deallry’ Galahov

SPECIAL THANKS TO
Ivan Efimov
Mike Towndrow
Grace Yang
Vicarious PR
Omet
RawrelTV
our playtesters
and you",,
516,Credits/Titles003,Credits,0,, ,,
517,Hints/Hint_001,Hints,0,,"Names, numbers and so forth must match!",,
518,Hints/Hint_002,Hints,0,,Comparing is as easy as pressing [LMB] in a videogame!,,
519,Hints/Hint_003,Hints,0,,In case of doubt you can reference the instructions!,,
520,Hints/Hint_004,Hints,0,,"Once you've checked everything, make a decision!",,
521,Hints/Hint_005,Hints,0,,The elevator can fit up to four people. Going one at a time can take a while! Though it might sometimes be necessary.,,
522,Hints/Hint_006,Hints,0,,Press to examine,,
523,Hints/Hint_007,Hints,0,,Check suspicious things against the list of anomalies,,
524,Hints/Hint_008,Hints,0,,Check what's going on in the elevator,,
525,Hints/Hint_009,Hints,0,,Check unusual things against the list of anomalies,,
526,Hints/Hint_010,Hints,0,,"If something isn't right, press here!",,
527,Hints/Hint_011,Hints,0,,Take it to take photos,,
528,Hints/Hint_012,Hints,0,,Don't forget to replace the film,,
529,Hints/Hint_013,Hints,0,,Bring up the papers to see what is hidden...,,
530,Hints/Hint_014,Hints,0,,Press to see the inner world,,
531,Hints/Tutor_001,Hints,0,,Switch view (press the arrow or press [SHIFT]) to check their face.,,
532,Hints/Tutor_002,Hints,0,,"The face matches the photo, switch back",,
533,Hints/Tutor_003,Hints,0,,"The name, number and photo are correct, you can let them through. Take the access card.",,
534,Hints/Tutor_004,Hints,0,,The elevator can fit 4 people,,
535,Hints/Tutor_005,Hints,0,,Press here to send the elevator down,,
536,Hints/Tutor_006,Hints,0,,The elevator is going down. Be careful who you let in…,,
537,Hints/Tutor_007,Hints,0,,...and who you let out!,,
538,Hints/Tutor_008,Hints,0,,Everything is in order. Close the camera window,,
539,Hints/Tutor_009,Hints,0,,Press to let out,,
540,Hints/Tutor_010,Hints,0,,Today you were tasked to check everyone for rashes,,
541,Hints/Tutor_011,Hints,0,,Press here to activate the x-ray,,
542,Hints/Tutor_012,Hints,0,,Look for a suspicious rash on the body and select it using [LMB],,
543,Hints/Tutor_013,Hints,0,,"Move the cursor to the instructions area, then select the relevant item using [LMB]",,
544,Hints/Tutor_014,Hints,0,,Switch view to deny entrance,,
545,Hints/Tutor_015,Hints,0,,This is definitely an abnormal rash. You cannot let this character through! Take the access card.,,
546,Hints/Tutor_016,Hints,0,,"Pay attention to the photo, name and number in the documents.",,
547,Hints/Tutor_017,Hints,0,,"You're doing a fantastic job! Your first day was a success! Keep up the good work! Oh, and I forgot to mention, there will be no days off.",,
548,Hints/Tutor_018,Hints,0,,Pay attention to the name in the documents. This person is dangerous!,,
549,Hints/Tutor_019,Hints,0,,You need to call armed guards!,,
550,Hints/Tutor_020,Hints,0,,Good. We can rely on you.,,
551,Hints/Tutor_021,Hints,0,,Instructions were violated. Try to be more careful next time!,,
552,Hints/,Hints,0,,#N/A,,
553,CoordinatorReplics/CR_EventMonsterElevator_001,CoordinatorReplics,0,,A recent incident has left the cleaning crew quite busy.,,
554,CoordinatorReplics/CR_EventMonsterElevator_002,CoordinatorReplics,0,,The person you missed was... a bit unwell.,,
555,CoordinatorReplics/CR_EventMonsterElevator_003,CoordinatorReplics,0,,The thing you saw was him sneezing with his mouth closed. Remember that.,,
556,CoordinatorReplics/CR_EventMonsterElevator_004,CoordinatorReplics,0,,You should be more careful next time.,,
557,CoordinatorReplics/CR_EventCatanaManElevator_001,CoordinatorReplics,0,,The person you let through turned out to be an avid fan of Japanese animation.,,
558,CoordinatorReplics/CR_EventCatanaManElevator_002,CoordinatorReplics,0,,You have to be extra careful with those.,,
559,CoordinatorReplics/CR_EventCatanaManElevator_003,CoordinatorReplics,0,,"They can ""omae wa mou shindeiru"" over the whole elevator, whatever that means.",,
560,CoordinatorReplics/CR_EventCatanaManElevator_004,CoordinatorReplics,0,,"Anyway, stay vigilant.",,
561,CoordinatorReplics/CR_EventHihunElevator_001,CoordinatorReplics,0,,The people you just saw in the elevator...,,
562,CoordinatorReplics/CR_EventHihunElevator_002,CoordinatorReplics,0,,You haven't seen them.,,
563,CoordinatorReplics/CR_EventHihunElevator_003,CoordinatorReplics,0,,Remember that.,,
564,CoordinatorReplics/CR_EventHihunElevator_004,CoordinatorReplics,0,,It would make it easier for everyone.,,
565,CoordinatorReplics/,CoordinatorReplics,0,,#N/A,,
566,UI/PlaytestTelemetry,UI,0,,"Please keep in mind that this is an early feedback build that may contain bugs and differ significantly in quality and quantity of content from the final version.

Gameplay may be shown in live streams and video reviews, but we would really appreciate it if you could let your subscribers know that [this is not the final version]!

We want to make our game better. To do that, we need your help in collecting anonymized statistics about how you play.

This does not affect your privacy, as no personal data is collected or shared with third parties.

I agree to help and accept the
Privacy Policy and Terms of Use.",,
567,UI/PlaytestTelemetryFlag,UI,0,,Personal-Data Processing,,
568,Hints/Tutor_022,Hints,0,,Place the card in the punch machine so that the rejection area is inside.,,
569,Hints/Tutor_023,Hints,0,,Punch the access card!,,
570,Dialogue/Conversation/77/Entry/1/Dialogue Text,Dialogue,0,,Don't waste paper!,,
571,Shop/AntidepressantsName,Shop,0,,Sedative,,
572,Shop/AntidepressantsDesc,Shop,0,,"Help mitigate stress, adding {0} points to sanity.",{0},
573,Shop/SandwichName,Shop,0,,Sandwich,,
574,Shop/SandwichDesc,Shop,0,,"A delicious and filling sandwich. Increases sanity by {0} and greatly alleviates hunger, adding +{1} to satiety.",{0} | {1},
575,Shop/CakeName,Shop,0,,Little Cupcake,,
576,Shop/CakeDesc,Shop,0,,"A perfect treat after a hard day at work. Increases sanity by {0} and slightly alleviates hunger, adding +{1} to satiety.",{0} | {1},
577,Shop/,Shop,0,,#N/A,,
578,Dialogue/Conversation/78/Entry/1/Dialogue Text,Dialogue,0,,Keep extra papers away from the punch machine!,,
579,Dialogue/Conversation/79/Entry/1/Dialogue Text,Dialogue,0,,Position the card correctly.,,
580,Dialogue/Conversation/80/Entry/1/Dialogue Text,Dialogue,0,,Hi! Can we skip the x-ray this time?,,
581,UI/MMNG,UI,0,,New Game,,
582,Doc_Loc/NewMaleName1,Doc_Loc,0,,James Wilson,,
583,Doc_Loc/NewMaleName2,Doc_Loc,0,,Ethan Walker,,
584,Doc_Loc/NewMaleName3,Doc_Loc,0,,Mason Cooper,,
585,Doc_Loc/NewMaleName4,Doc_Loc,0,,Logan Reed,,
586,Doc_Loc/NewMaleName5,Doc_Loc,0,,Jackson Hayes,,
587,Doc_Loc/NewMaleName6,Doc_Loc,0,,Liam Bennett,,
588,Doc_Loc/NewMaleName7,Doc_Loc,0,,Noah Sullivan,,
589,Doc_Loc/NewMaleName8,Doc_Loc,0,,Lucas Morgan,,
590,Doc_Loc/NewMaleName9,Doc_Loc,0,,Oliver Brooks,,
591,Doc_Loc/NewMaleName10,Doc_Loc,0,,Benjamin Foster,,
592,Doc_Loc/NewMaleName11,Doc_Loc,0,,Maximillian Müller,,
593,Doc_Loc/NewMaleName12,Doc_Loc,0,,Lucas Schmidt,,
594,Doc_Loc/NewMaleName13,Doc_Loc,0,,Andreas Schneider,,
595,Doc_Loc/NewMaleName14,Doc_Loc,0,,Stefan Fischer,,
596,Doc_Loc/NewMaleName15,Doc_Loc,0,,Tomas Weber,,
597,Doc_Loc/NewMaleName16,Doc_Loc,0,,Michael Meier,,
598,Doc_Loc/NewMaleName17,Doc_Loc,0,,Jürgen Wagner,,
599,Doc_Loc/NewMaleName18,Doc_Loc,0,,Hans Becker,,
600,Doc_Loc/NewMaleName19,Doc_Loc,0,,Klaus Schulz,,
601,Doc_Loc/NewMaleName20,Doc_Loc,0,,Alexander Hoffmann,,
602,Doc_Loc/NewMaleName21,Doc_Loc,0,,Alexander Volkov,,
603,Doc_Loc/NewMaleName22,Doc_Loc,0,,Mikhail Belov,,
604,Doc_Loc/NewMaleName23,Doc_Loc,0,,Dmitry Orlov,,
605,Doc_Loc/NewMaleName24,Doc_Loc,0,,Ivan Romanov,,
606,Doc_Loc/NewMaleName25,Doc_Loc,0,,Alexei Vorobyov,,
607,Doc_Loc/NewMaleName26,Doc_Loc,0,,Sergei Pavlov,,
608,Doc_Loc/NewMaleName27,Doc_Loc,0,,Andrei Kozlov,,
609,Doc_Loc/NewMaleName28,Doc_Loc,0,,Nikolai Makarov,,
610,Doc_Loc/NewMaleName29,Doc_Loc,0,,Artyom Zaitsev,,
611,Doc_Loc/NewMaleName30,Doc_Loc,0,,Vladimir Shevtsov,,
612,Doc_Loc/NewMaleName31,Doc_Loc,0,,Mateo Garcia,,
613,Doc_Loc/NewMaleName32,Doc_Loc,0,,Santiago Rodriguez,,
614,Doc_Loc/NewMaleName33,Doc_Loc,0,,Alejandro Hernandez,,
615,Doc_Loc/NewMaleName34,Doc_Loc,0,,Diego Martinez,,
616,Doc_Loc/NewMaleName35,Doc_Loc,0,,Luis Alfonso Gonzalez,,
617,Doc_Loc/NewMaleName36,Doc_Loc,0,,Javier Lopez,,
618,Doc_Loc/NewMaleName37,Doc_Loc,0,,Miguel Angel Sanchez,,
619,Doc_Loc/NewMaleName38,Doc_Loc,0,,Francisco Perez,,
620,Doc_Loc/NewMaleName39,Doc_Loc,0,,Carlos Ramirez,,
621,Doc_Loc/NewMaleName40,Doc_Loc,0,,Sebastian Torres,,
622,Doc_Loc/NewMaleName41,Doc_Loc,0,,Sato Hiroshi,,
623,Doc_Loc/NewMaleName42,Doc_Loc,0,,Tanaka Kenji,,
624,Doc_Loc/NewMaleName43,Doc_Loc,0,,Suzuki Takashi,,
625,Doc_Loc/NewMaleName44,Doc_Loc,0,,Takahashi Ren,,
626,Doc_Loc/NewMaleName45,Doc_Loc,0,,Watanabe Haruto,,
627,Doc_Loc/NewMaleName46,Doc_Loc,0,,Ito Shota,,
628,Doc_Loc/NewMaleName47,Doc_Loc,0,,Nakamura Daisuke,,
629,Doc_Loc/NewMaleName48,Doc_Loc,0,,Kobayashi Akira,,
630,Doc_Loc/NewMaleName49,Doc_Loc,0,,Yamamoto Kazuo,,
631,Doc_Loc/NewMaleName50,Doc_Loc,0,,Matsumoto Yuto,,
632,Doc_Loc/NewMaleName51,Doc_Loc,0,,Li Wei,,
633,Doc_Loc/NewMaleName52,Doc_Loc,0,,Wang Qiang,,
634,Doc_Loc/NewMaleName53,Doc_Loc,0,,Zhang Lei,,
635,Doc_Loc/NewMaleName54,Doc_Loc,0,,Liu Jun,,
636,Doc_Loc/NewMaleName55,Doc_Loc,0,,Chen Hao,,
637,Doc_Loc/NewMaleName56,Doc_Loc,0,,Yang Bo,,
638,Doc_Loc/NewMaleName57,Doc_Loc,0,,Zhao Ming,,
639,Doc_Loc/NewMaleName58,Doc_Loc,0,,Huang Jian,,
640,Doc_Loc/NewMaleName59,Doc_Loc,0,,Zhou Feng,,
641,Doc_Loc/NewMaleName60,Doc_Loc,0,,Wu Yun,,
642,Doc_Loc/NewMaleName61,Doc_Loc,0,,Chayton Kitchi,,
643,Doc_Loc/NewMaleName62,Doc_Loc,0,,Hania Makwa,,
644,Doc_Loc/NewMaleName63,Doc_Loc,0,,Nokosi Tashunka,,
645,Doc_Loc/NewMaleName64,Doc_Loc,0,,Misu Ohanzi,,
646,Doc_Loc/NewMaleName65,Doc_Loc,0,,Kohana Wakan,,
647,Doc_Loc/NewMaleName66,Doc_Loc,0,,Tyen Kele,,
648,Doc_Loc/NewMaleName67,Doc_Loc,0,,Bodaway Elsu,,
649,Doc_Loc/NewMaleName68,Doc_Loc,0,,Thotsoni Chatan,,
650,Doc_Loc/NewMaleName69,Doc_Loc,0,,Lonan Peita,,
651,Doc_Loc/NewMaleName70,Doc_Loc,0,,Vikasa Vaupani,,
652,Doc_Loc/NewMaleName71,Doc_Loc,0,,Arjun Sharma,,
653,Doc_Loc/NewMaleName72,Doc_Loc,0,,Rohan Gupta,,
654,Doc_Loc/NewMaleName73,Doc_Loc,0,,Vihan Iyer,,
655,Doc_Loc/NewMaleName74,Doc_Loc,0,,Ishan Reddy,,
656,Doc_Loc/NewMaleName75,Doc_Loc,0,,Aarav Singh,,
657,Doc_Loc/NewMaleName76,Doc_Loc,0,,Advait Patel,,
658,Doc_Loc/NewMaleName77,Doc_Loc,0,,Kabir Chatterjee,,
659,Doc_Loc/NewMaleName78,Doc_Loc,0,,Sai Nair,,
660,Doc_Loc/NewMaleName79,Doc_Loc,0,,Reyansh Joshi,,
661,Doc_Loc/NewMaleName80,Doc_Loc,0,,Dev Malhotra,,
662,Doc_Loc/NewMaleName81,Doc_Loc,0,,Femi Soyinka,,
663,Doc_Loc/NewMaleName82,Doc_Loc,0,,Obinna Opara,,
664,Doc_Loc/NewMaleName83,Doc_Loc,0,,Gbenga Akindele,,
665,Doc_Loc/NewMaleName84,Doc_Loc,0,,Ifeanyi Okeke,,
666,Doc_Loc/NewMaleName85,Doc_Loc,0,,Usman Ibrahim,,
667,Doc_Loc/NewMaleName86,Doc_Loc,0,,Bongani Nkosi,,
668,Doc_Loc/NewMaleName87,Doc_Loc,0,,Katlego Modise,,
669,Doc_Loc/NewMaleName88,Doc_Loc,0,,Sipho Celje,,
670,Doc_Loc/NewMaleName89,Doc_Loc,0,,Teboho Radebe,,
671,Doc_Loc/NewMaleName90,Doc_Loc,0,,Kwanda Mabuza,,
672,Doc_Loc/NewMaleName91,Doc_Loc,0,,Ahmed Mansour,,
673,Doc_Loc/NewMaleName92,Doc_Loc,0,,Mahmoud Al Sayed,,
674,Doc_Loc/NewMaleName93,Doc_Loc,0,,Youssef Hassan,,
675,Doc_Loc/NewMaleName94,Doc_Loc,0,,Omar Ibrahim,,
676,Doc_Loc/NewMaleName95,Doc_Loc,0,,Karim Fawzi,,
677,Doc_Loc/NewMaleName96,Doc_Loc,0,,Tarek Radwan,,
678,Doc_Loc/NewMaleName97,Doc_Loc,0,,Hani Khalil,,
679,Doc_Loc/NewMaleName98,Doc_Loc,0,,Mustafa Abdel-Rahman,,
680,Doc_Loc/NewMaleName99,Doc_Loc,0,,Ziad Hegazy,,
681,Doc_Loc/NewMaleName100,Doc_Loc,0,,Amr Salem,,
682,Doc_Loc/NewFemaleName1,Doc_Loc,0,,Olivia Thompson,,
683,Doc_Loc/NewFemaleName2,Doc_Loc,0,,Emma Richardson,,
684,Doc_Loc/NewFemaleName3,Doc_Loc,0,,Ava Collins,,
685,Doc_Loc/NewFemaleName4,Doc_Loc,0,,Sophia Jenkins,,
686,Doc_Loc/NewFemaleName5,Doc_Loc,0,,Isabella Myers,,
687,Doc_Loc/NewFemaleName6,Doc_Loc,0,,Charlotte Gray,,
688,Doc_Loc/NewFemaleName7,Doc_Loc,0,,Amelia Howard,,
689,Doc_Loc/NewFemaleName8,Doc_Loc,0,,Mia Patterson,,
690,Doc_Loc/NewFemaleName9,Doc_Loc,0,,Harper Wright,,
691,Doc_Loc/NewFemaleName10,Doc_Loc,0,,Evelyn Mitchell,,
692,Doc_Loc/NewFemaleName11,Doc_Loc,0,,Sophie Müller,,
693,Doc_Loc/NewFemaleName12,Doc_Loc,0,,Emma Schmidt,,
694,Doc_Loc/NewFemaleName13,Doc_Loc,0,,Hannah Schneider,,
695,Doc_Loc/NewFemaleName14,Doc_Loc,0,,Maria Fischer,,
696,Doc_Loc/NewFemaleName15,Doc_Loc,0,,Anna Weber,,
697,Doc_Loc/NewFemaleName16,Doc_Loc,0,,Laura Meyer,,
698,Doc_Loc/NewFemaleName17,Doc_Loc,0,,Julia Wagner,,
699,Doc_Loc/NewFemaleName18,Doc_Loc,0,,Sabine Becker,,
700,Doc_Loc/NewFemaleName19,Doc_Loc,0,,Karine Schulz,,
701,Doc_Loc/NewFemaleName20,Doc_Loc,0,,Helga Hoffmann,,
702,Doc_Loc/NewFemaleName21,Doc_Loc,0,,Anna Kuznetsova,,
703,Doc_Loc/NewFemaleName22,Doc_Loc,0,,Yelena Sokolova,,
704,Doc_Loc/NewFemaleName23,Doc_Loc,0,,Maria Popova,,
705,Doc_Loc/NewFemaleName24,Doc_Loc,0,,Anastasia Lebedeva,,
706,Doc_Loc/NewFemaleName25,Doc_Loc,0,,Yekaterina Morozova,,
707,Doc_Loc/NewFemaleName26,Doc_Loc,0,,Olga Smirnova,,
708,Doc_Loc/NewFemaleName27,Doc_Loc,0,,Natalia Vasilyeva,,
709,Doc_Loc/NewFemaleName28,Doc_Loc,0,,Tatiana Kovaleva,,
710,Doc_Loc/NewFemaleName29,Doc_Loc,0,,Daria Novikova,,
711,Doc_Loc/NewFemaleName30,Doc_Loc,0,,Svetlana Shapovalova,,
712,Doc_Loc/NewFemaleName31,Doc_Loc,0,,Isabella Flores,,
713,Doc_Loc/NewFemaleName32,Doc_Loc,0,,Sofia Morales,,
714,Doc_Loc/NewFemaleName33,Doc_Loc,0,,Valentina Herrera,,
715,Doc_Loc/NewFemaleName34,Doc_Loc,0,,Camila Castro,,
716,Doc_Loc/NewFemaleName35,Doc_Loc,0,,Elena Ruiz,,
717,Doc_Loc/NewFemaleName36,Doc_Loc,0,,Maria Jose Ortega,,
718,Doc_Loc/NewFemaleName37,Doc_Loc,0,,Gabriela Silva,,
719,Doc_Loc/NewFemaleName38,Doc_Loc,0,,Lucia Mendez,,
720,Doc_Loc/NewFemaleName39,Doc_Loc,0,,Jimena Diaz,,
721,Doc_Loc/NewFemaleName40,Doc_Loc,0,,Fernanda Rojas,,
722,Doc_Loc/NewFemaleName41,Doc_Loc,0,,Sasaki Sakura,,
723,Doc_Loc/NewFemaleName42,Doc_Loc,0,,Yamada Hana,,
724,Doc_Loc/NewFemaleName43,Doc_Loc,0,,Inoue Yuki,,
725,Doc_Loc/NewFemaleName44,Doc_Loc,0,,Kimura Misaki,,
726,Doc_Loc/NewFemaleName45,Doc_Loc,0,,Hayashi Aoi,,
727,Doc_Loc/NewFemaleName46,Doc_Loc,0,,Shimizu Nanami,,
728,Doc_Loc/NewFemaleName47,Doc_Loc,0,,Mori Riko,,
729,Doc_Loc/NewFemaleName48,Doc_Loc,0,,Abe Mei,,
730,Doc_Loc/NewFemaleName49,Doc_Loc,0,,Yoshida Akari,,
731,Doc_Loc/NewFemaleName50,Doc_Loc,0,,Yamaguchi Haruna,,
732,Doc_Loc/NewFemaleName51,Doc_Loc,0,,Xu Meilin,,
733,Doc_Loc/NewFemaleName52,Doc_Loc,0,,Sun Lihua,,
734,Doc_Loc/NewFemaleName53,Doc_Loc,0,,Ma Xiaomei,,
735,Doc_Loc/NewFemaleName54,Doc_Loc,0,,Zhu Ying,,
736,Doc_Loc/NewFemaleName55,Doc_Loc,0,,Hu Yan,,
737,Doc_Loc/NewFemaleName56,Doc_Loc,0,,Guo Xue,,
738,Doc_Loc/NewFemaleName57,Doc_Loc,0,,He Ling,,
739,Doc_Loc/NewFemaleName58,Doc_Loc,0,,Lin Jia,,
740,Doc_Loc/NewFemaleName59,Doc_Loc,0,,Gao Fang,,
741,Doc_Loc/NewFemaleName60,Doc_Loc,0,,Luo Qin,,
742,Doc_Loc/NewFemaleName61,Doc_Loc,0,,Aponi Kachina,,
743,Doc_Loc/NewFemaleName62,Doc_Loc,0,,Doli Winona,,
744,Doc_Loc/NewFemaleName63,Doc_Loc,0,,Nita Chimalis,,
745,Doc_Loc/NewFemaleName64,Doc_Loc,0,,Tallulah Halona,,
746,Doc_Loc/NewFemaleName65,Doc_Loc,0,,Chenoa Kiona,,
747,Doc_Loc/NewFemaleName66,Doc_Loc,0,,Zaltana Mapia,,
748,Doc_Loc/NewFemaleName67,Doc_Loc,0,,Nokomis Sihu,,
749,Doc_Loc/NewFemaleName68,Doc_Loc,0,,Mika Yanaba,,
750,Doc_Loc/NewFemaleName69,Doc_Loc,0,,Oleita Tiwa,,
751,Doc_Loc/NewFemaleName70,Doc_Loc,0,,Kaya Enola,,
752,Doc_Loc/NewFemaleName71,Doc_Loc,0,,Ananya Kulkarni,,
753,Doc_Loc/NewFemaleName72,Doc_Loc,0,,Diya Mukherjee,,
754,Doc_Loc/NewFemaleName73,Doc_Loc,0,,Ishani Rao,,
755,Doc_Loc/NewFemaleName74,Doc_Loc,0,,Maira Das,,
756,Doc_Loc/NewFemaleName75,Doc_Loc,0,,Sanvi Verma,,
757,Doc_Loc/NewFemaleName76,Doc_Loc,0,,Zara Bhat,,
758,Doc_Loc/NewFemaleName77,Doc_Loc,0,,Kavya Menon,,
759,Doc_Loc/NewFemaleName78,Doc_Loc,0,,Priya Pillai,,
760,Doc_Loc/NewFemaleName79,Doc_Loc,0,,Amara Agarwal,,
761,Doc_Loc/NewFemaleName80,Doc_Loc,0,,Navya Saxena,,
762,Doc_Loc/NewFemaleName81,Doc_Loc,0,,Ifeoma Nwasu,,
763,Doc_Loc/NewFemaleName82,Doc_Loc,0,,Oluchi Fasola,,
764,Doc_Loc/NewFemaleName83,Doc_Loc,0,,Funmilayo Alade,,
765,Doc_Loc/NewFemaleName84,Doc_Loc,0,,Amina Shehu,,
766,Doc_Loc/NewFemaleName85,Doc_Loc,0,,Chika Onuoha,,
767,Doc_Loc/NewFemaleName86,Doc_Loc,0,,Palesa Morake,,
768,Doc_Loc/NewFemaleName87,Doc_Loc,0,,Nonhlanhla Zondi,,
769,Doc_Loc/NewFemaleName88,Doc_Loc,0,,Mbali Mthembu,,
770,Doc_Loc/NewFemaleName89,Doc_Loc,0,,Simphiwe Madikizela,,
771,Doc_Loc/NewFemaleName90,Doc_Loc,0,,Refue Morena,,
772,Doc_Loc/NewFemaleName91,Doc_Loc,0,,Amira Gomaa,,
773,Doc_Loc/NewFemaleName92,Doc_Loc,0,,Yasmin Shaker,,
774,Doc_Loc/NewFemaleName93,Doc_Loc,0,,Leyla Osman,,
775,Doc_Loc/NewFemaleName94,Doc_Loc,0,,Nur Amin,,
776,Doc_Loc/NewFemaleName95,Doc_Loc,0,,Salma Rizk,,
777,Doc_Loc/NewFemaleName96,Doc_Loc,0,,Maryam Badawi,,
778,Doc_Loc/NewFemaleName97,Doc_Loc,0,,Hana Mahfouz,,
779,Doc_Loc/NewFemaleName98,Doc_Loc,0,,Farida Sultan,,
780,Doc_Loc/NewFemaleName99,Doc_Loc,0,,Shahd Galal,,
781,Doc_Loc/NewFemaleName100,Doc_Loc,0,,Malak Al Masry,,
782,CityOperations/,CityOperations,0,,#N/A,,
783,CityOperations/op_collect_info_name,CityOperations,0,Сбор информации,Gather Intel,,
784,CityOperations/op_collect_info_desc,CityOperations,0,,Send agents to collect information on cases of disease with unidentified pathogens,,
785,CityOperations/op_collect_samples_name,CityOperations,0,Сбор образцов,Collect Samples,,
786,CityOperations/op_collect_samples_desc,CityOperations,0,,Send a team to collect biomaterial from patients with suspected Infection X,,
787,CityOperations/op_health_propaganda_name,CityOperations,0,Агитация за ЗОЖ,Outreach,,
788,CityOperations/op_health_propaganda_desc,CityOperations,0,,Send agents to promote universal preventive measures,,
789,CityOperations/op_eliminate_foci_name,CityOperations,0,Истребление природных очагов,Control Outbreaks,,
790,CityOperations/op_eliminate_foci_desc,CityOperations,0,,"Send special units kitted out to exterminate rats, pigeons and other potential natural carriers of Infection X",,
791,CityOperations/op_find_p0_name,CityOperations,0,Поиск пациента 0,Find Patient 0,,
792,CityOperations/op_find_p0_desc,CityOperations,0,,Send agents to find and subsequently isolate the first patient with Infection X,,
793,CityOperations/op_disperse_crowds_name,CityOperations,0,Разгон массовых сборов,Prevent Mass Gatherings,,
794,CityOperations/op_disperse_crowds_desc,CityOperations,0,,Send suppression teams to disperse mass events,,
795,CityOperations/op_provoke_disease_name,CityOperations,0,Провоцирование заболевания,Trigger an Outbreak,,
796,CityOperations/op_provoke_disease_desc,CityOperations,0,,Release infected pigeons into densely populated areas to trigger an outbreak of Infection X and then collect materials for research,,
797,CityOperations/op_field_tech_name,CityOperations,0,Полевые эксперименты (технология),Test Run of the Suppressor,,
798,CityOperations/op_field_tech_desc,CityOperations,0,,Conduct a test run of the Suppressor installation and study the effects of its radiation on Infection X,,
799,CityOperations/op_field_parasite_name,CityOperations,0,Полевые эксперименты (паразит),Study Tardifuma Influence,,
800,CityOperations/op_field_parasite_desc,CityOperations,0,,Conduct field studies of Tardifuma worms and their impact on those infected with Virus X,,
801,CityOperations/op_field_fungus_name,CityOperations,0,Полевые эксперименты (грибок),Study Los Evos Influence,,
802,CityOperations/op_field_fungus_desc,CityOperations,0,,Conduct field studies of Los Evos fungi and their impact on those infected with Virus X,,
803,CityOperations/op_limited_tech_name,CityOperations,0,Ограниченый эксперимент (технология),Limited Run of the Suppressor,,
804,CityOperations/op_limited_tech_desc,CityOperations,0,,Send teams to isolate one of the infected areas of the city and run the Suppressor installation within its perimeter,,
805,CityOperations/op_limited_parasite_name,CityOperations,0,Ограниченый эксперимент (паразит),Local Tardifuma Propagation,,
806,CityOperations/op_limited_parasite_desc,CityOperations,0,,Send teams to isolate one of the infected areas of the city and spread Tardifuma worms in it,,
807,CityOperations/op_limited_fungus_name,CityOperations,0,Ограниченый эксперимент (грибок),Local Los Evos Propagation,,
808,CityOperations/op_limited_fungus_desc,CityOperations,0,,Send teams to isolate one of the infected areas of the city and spread Los Evos fungi in it,,
809,CityOperations/op_enkidu_name,CityOperations,0,"Запуск протокола ""Энкиду""",The Enkidu Protocol,,
810,CityOperations/op_enkidu_desc,CityOperations,0,,Deploy a network of Suppressors and activate emission throughout the city,,
811,CityOperations/op_morbophage_name,CityOperations,0,"Запуск протокола ""Морбофаг""",The Morobophage Protocol,,
812,CityOperations/op_morbophage_desc,CityOperations,0,,Send mobile teams to spread Tardifuma worms throughout the city,,
813,CityOperations/op_amanita_name,CityOperations,0,"Запуск протокола ""Аманита Куранс""",The Amanita Curans Protocol,,
814,CityOperations/op_amanita_desc,CityOperations,0,,Send mobile sprayers of Los Evos fungal spores throughout the city,,
815,Journal/,Journal,0,,"The risks of widespread use of Los Evos are still being debated. However, the rapid spread of Infection X may soon force management to take drastic measures.",,
816,Journal/AlienTech_001,Journal,0,Инопланетные технологии 1,The operating principles of the emitters remain unknown. Further research is required. Precautions according to the Sierra-17 protocol must be observed. Highest safety class assigned pending further clarification.,,
817,Journal/AlienTech_002,Journal,0,,"Samples X-17, X-31 and X-44 demonstrated direct effects on biological tissues. A persistent tissue response to emissions is currently observed. Further testing with various voltage profiles is necessary. It would also be advisable to conduct a series of tests with a spectrum-splitter.",,
818,Journal/AlienTech_003,Journal,0,,"Although the operating principles of the devices remain unknown, some potential applications still appear quite realistic. Influencing emission parameters by exposing the device to gamma radiation and a magnetic field appears particularly promising.",,
819,Journal/AlienTech_004,Journal,0,,An experimental device codenamed Suppressor demonstrates a clear and reproducible effect on infected tissue. It is preliminarily considered safe for healthy tissue.,,
820,Journal/AlienTech_005,Journal,0,,"Despite all the potential risks in terms of long-term consequences, the Suppressor appears to be the most promising means of combating Infection X. While concerns raised by some employees regarding secondary bursts in the radio-frequency range are worth considering, they do not constitute a significant argument against its use.",,
821,Journal/SilentHillWorm_001,Journal,0,Тихосопка,There are studies of the competitive relationship between the Infection X pathogen and the Tardifuma cestodes. Further research is needed.,,
822,Journal/SilentHillWorm_002,Journal,0,,Tardifumas are poorly adapted to survival in the human body. Even suppression of the immune system by the Infection X pathogen does not affect the survival rate of the test subjects.,,
823,Journal/SilentHillWorm_003,Journal,0,,"Genetically modified specimens demonstrate improved survival rates in the human body. Furthermore, as a result of a side mutation Los Evos triggers a persistent immune response, affecting, among other things, the Infection X pathogen. Further research is needed.",,
824,Journal/SilentHillWorm_004,Journal,0,,"In fact, seventh-generation Tardifumas are now capable of entering into a symbiotic relationship with the human body. The flagella they developed starting with the fourth generation are now capable of ""fusing"" with nerve endings and stimulating the hypothalamic-pituitary system.",,
825,Journal/Funges_001,Journal,0,Лос Эвос,"An unknown fungus was discovered in sector D-17. The mycelium is dense, directed, and exhibits high resistance to external conditions. The structure appears organized, not chaotic.",,
826,Journal/Funges_002,Journal,0,,The fungus penetrates tissue without causing significant damage. A form of symbiosis with the host organism is observed. The working name for this fungus is Los Evos.,,
827,Journal/Funges_003,Journal,0,,The presence of Los Evos significantly slows the progression of Infection X. It likely suppresses or displaces the pathogen. It is being considered as a potential method of infection control.,,
828,Journal/Funges_004,Journal,0,,"Mycelium penetration into the nervous system has been confirmed. Connections with neurons are formed. Subjects are alive, but exhibit changes in behavior and reactions. The risks remain unclear.",,
829,CityOperations/StrangeDesease,CityOperations,0,,Unknown Disease,,
830,CityOperations/SDHeal_AlienTech,CityOperations,0,,,,
831,CityOperations/SDHeal_LasPlagas,CityOperations,0,,,,
832,CityOperations/SDHeal_Fungoid,CityOperations,0,,,,
833,Правила /,Правила ,0,,,,
834,Правила /Транслитерация на всех языках в зависимости от алфавита.,Правила ,0,,,,
835,Правила /Для языков с латинским алфавитом оставлять имена без изменений.,Правила ,0,,,,
836,Правила /Для Китайского и Корейского фонетическая транслитерация иероглифами.,Правила ,0,,,,
837,Правила /Для Японского транслитерация катаканой,Правила ,0,,,,
838,"Правила /Географические объекты (их пока нет, но потенциально будут):",Правила ,0,,,,
839,Правила /Если название оригинальное - полная транслитерация или с лёгкой шлифовкой под язык,Правила ,0,,,,
840,"Правила /Если в названии есть общипринятые термины типа Восточная, Западная, Европа, Америка и тд - Неоригинальную часть переводить, остальную транслитерировать с легкой шлифовкой по необходимости.",Правила ,0,,,,
841,"Правила /Если название состоит полностью из общепринятых терминов, то перевод полный (Объединённая Федерация, Восточная Империя)",Правила ,0,,,,
842,Dialogue/Conversation/83/Entry/1/Dialogue Text,Dialogue,0,,"Man, someone's tailing me, let me through quickly, I have a terrible feeling!",,
843,Dialogue/Conversation/84/Entry/1/Dialogue Text,Dialogue,0,,May I see your pass?,,
844,Dialogue/Conversation/84/Entry/2/Dialogue Text,Dialogue,0,,I have something much more convincing.,,
845,CoordinatorReplics/CR_StoryModeWelcome_001,CoordinatorReplics,0,,Greetings! And congratulations on your first day. Your job is quite simple: screen visitors according to the instructions you've received.,,
846,CoordinatorReplics/CR_StoryModeWelcome_002,CoordinatorReplics,0,,Thank you! Sounds easy enough.,,
847,CoordinatorReplics/CR_StoryModeWelcome_003,CoordinatorReplics,0,,"Remember, despite its simplicity the importance of your work cannot be overstated. So carefully review the instructions at the start of every day. The situation can change quickly, and so can the rules.",,
848,CoordinatorReplics/CR_StoryModeWelcome_004,CoordinatorReplics,0,,The situation? What situation?,,
849,CoordinatorReplics/CR_StoryModeWelcome_005,CoordinatorReplics,0,,You don't need to worry about that for now. Instructions and visitors: that's all you need to know.,,
850,CoordinatorReplics/CR_StoryModeWelcome_006,CoordinatorReplics,0,,"Got it. Sorry, what did you say your name was?",,
851,CoordinatorReplics/CR_StoryModeWelcome_007,CoordinatorReplics,0,,"It doesn't matter. For you, I'm simply the Supervisor. There's no need to call me. I'll come to you myself when needed.",,
852,CoordinatorReplics/CR_StoryModeWelcome_008,CoordinatorReplics,0,,I see...,,
853,CoordinatorReplics/CR_StoryModeWelcome_009,CoordinatorReplics,0,,Glad to hear it. Good luck in your new job.,,
854,CoordinatorReplics/CR_StoryModeIsolator_001,CoordinatorReplics,0,,"Greetings. Starting today, your clearance level has been upgraded. You can now visit the temporary-holding room. Or rather, you must.",,
855,CoordinatorReplics/CR_StoryModeIsolator_002,CoordinatorReplics,0,,Thanks! But... why?,,
856,CoordinatorReplics/CR_StoryModeIsolator_003,CoordinatorReplics,0,,"It's simple: you need to make sure that the right people are there, and the wrong people are not.",,
857,CoordinatorReplics/CR_StoryModeIsolator_004,CoordinatorReplics,0,,But I'm just a guard...,,
858,CoordinatorReplics/CR_StoryModeIsolator_005,CoordinatorReplics,0,,"It doesn't matter! I'll take care of the formalities. Oh, and you also need to... choose daily recreational activities for those who are temporarily isolated. Some activities may seem strange to you, but pay them no mind.",,
859,CoordinatorReplics/CR_StoryModeIsolator_006,CoordinatorReplics,0,,Okay... although that sounds a little strange...,,
860,CoordinatorReplics/CR_StoryModeIsolator_007,CoordinatorReplics,0,,"It's in your best interest to avoid asking unnecessary questions. New duties mean a pay raise, of course. Have a nice and productive day!",,
861,CoordinatorReplics/CR_StoryModeIsolator_008,CoordinatorReplics,0,,Thanks... you too.,,
862,CoordinatorReplics/CR_StoryModeCity_001,CoordinatorReplics,0,,"Greetings. Since we... had an unexpected staff cut, your responsibilities have expanded again. Your security clearance has, of course, also been upgraded.",,
863,CoordinatorReplics/CR_StoryModeCity_002,CoordinatorReplics,0,,What is it this time?,,
864,CoordinatorReplics/CR_StoryModeCity_003,CoordinatorReplics,0,,You now have access to the citywide monitoring interface and the right to authorize special measures and operations.,,
865,CoordinatorReplics/CR_StoryModeCity_004,CoordinatorReplics,0,,What exactly does that mean?,,
866,CoordinatorReplics/CR_StoryModeCity_005,CoordinatorReplics,0,,"You'll watch the city and decide what the agents should do. As always, unnecessary questions are strongly discouraged. Is everything clear?",,
867,CoordinatorReplics/CR_StoryModeCity_006,CoordinatorReplics,0,,Yes. I guess...,,
868,CoordinatorReplics/CR_StoryModeCity_007,CoordinatorReplics,0,,Splendid. Have a great day!,,
869,CoordinatorReplics/CR_StoryModePlot_001,CoordinatorReplics,0,,"Greetings. As you know, certain processes are taking place in the city. It might not be obvious, but your work has a direct impact on them.",,
870,CoordinatorReplics/CR_StoryModePlot_002,CoordinatorReplics,0,,"Oh... that's good, I guess...",,
871,CoordinatorReplics/CR_StoryModePlot_003,CoordinatorReplics,0,,"I want you to understand that you know as much as necessary. Perhaps in the future you'll be assigned other duties, with different levels of clearance and, of course, greater responsibility.",,
872,CoordinatorReplics/CR_StoryModePlot_004,CoordinatorReplics,0,,Got it.,,
873,CoordinatorReplics/CR_StoryModePlot_005,CoordinatorReplics,0,,I hope so. Just try not to rush things. All in due time.,,
874,CoordinatorReplics/CR_StoryModePlot_006,CoordinatorReplics,0,,Fine...,,
875,Правила /Для Китайского и Корейского фонетическая транслитерация иероглифами.,Правила ,0,,,,
876,Правила /Для Японского транслитерация катаканой,Правила ,0,,,,
877,"Правила /Если в названии есть общипринятые термины типа Восточная, Западная, Европа, Америка и тд - Неоригинальную часть переводить, остальную транслитерировать с легкой шлифовкой по необходимости.",Правила ,0,,,,
878,Правила /Для Китайского и Корейского фонетическая транслитерация иероглифами.,Правила ,0,,,,
879,Правила /Для Японского транслитерация катаканой,Правила ,0,,,,
880,"Правила /Если в названии есть общипринятые термины типа Восточная, Западная, Европа, Америка и тд - Неоригинальную часть переводить, остальную транслитерировать с легкой шлифовкой по необходимости.",Правила ,0,,,,
881,UI/Cam_mode,UI,0,,Camera Mode,,
882,UI/Cam_loc,UI,0,,Location:,,
883,UI/Cam_loc_elev,UI,0,,Elevator,,
884,UI/Cam_mode_visual,UI,0,,Normal,,
885,UI/Cam_mode_Nightvision,UI,0,,Night Vision,,
886,UI/Cam_mode_thermal,UI,0,,Thermal Imaging,,
887,UI/Cam_mode_spectral,UI,0,,Spectral Imaging,,
888,UI/Cam_mode_carp,UI,0,,Hoffman Lenses,,
889,UI/Cam_isolate,UI,0,,Isolate,,
890,UI/Cam_alarm,UI,0,,Eliminate,,
891,UI/Statist_money,UI,0,Пока не используем,Savings,,
892,UI/Statist_day_part_1,UI,0,,Day {0},{0},
893,UI/Statist_day_part_2,UI,0,,over,,
894,UI/Statist_main,UI,0,,Decisions,,
895,UI/Statist_earn,UI,0,,Earned,,
896,UI/Statist_events,UI,0,,Events,,
897,UI/Shop_main_part_1,UI,0,,Upgrades,,
898,UI/Shop_main_part_2,UI,0,,Store,,
899,UI/Shop_money,UI,0,Пока не используем,Savings,,
900,UI/Shop_instruments,UI,0,,Tools,,
901,UI/Shop_cons,UI,0,,Consumables,,
902,UI/Shop_desc,UI,0,,Description:,,
903,UI/IsolatorMax,UI,0,,Maximum capacity: {0},{0},
904,UI/IsolatorCharDays,UI,0,,Days in isolation ward: {0},{0},
905,UI/IsolatorCharAutopsy,UI,0,,Autopsy,,
906,UI/IsolatorCharKill,UI,0,,Kill,,
907,UI/IsolatorCharRelease,UI,0,,Release,,
908,UI/NoDevi,UI,0,,No deviations,,
909,UI/Instruction,UI,0,,Manual,,
910,UI/GameOver,UI,0,,Game over,,
911,Shop/ElevCamModeNightvision,Shop,0,,Night Vision,,
912,Shop/ElevCamModeNightvisionDesc,Shop,0,,Allows you to use the elevator camera's night vision mode (while simultaneously turning off the lighting in the cabin).,,
913,Shop/ElevCamModeTermovision,Shop,0,,Thermal Imaging,,
914,Shop/ElevCamModeTermovisionDesc,Shop,0,,Allows you to use the elevator camera's thermal imaging mode to detect temperature anomalies.,,
915,Shop/ElevCamModeSpectral,Shop,0,,Spectral Imaging,,
916,Shop/ElevCamModeSpectralDesc,Shop,0,,Allows you to use the elevator camera's spectral-photo-hyper-frequency mode to detect unique anomalies.,,
917,Shop/ElevCamModeCarpenterGlasses,Shop,0,,Hoffman Lenses,,
918,Shop/ElevCamModeCarpenterGlassesDesc,Shop,0,,"Allows the use of an experimental elevator camera mode inspired by They Live prototype, which may help discover something truly inconceivable.",,
919,Shop/XRAY_LenzeSize,Shop,0,,X-Ray (Area),,
920,Shop/XRAY_LenzeSizeDesc,Shop,0,,An upgraded X-ray lens with expanded area of ​​effect that makes it easier to detect skin abnormalities.,,
921,Shop/UF-Light_AreaSize,Shop,0,,Ultraviolet (Area),,
922,Shop/UF-Light_AreaSizeDesc,Shop,0,,An upgraded UV lamp with expanded area of ​​effect that makes it easier to check documents for hidden traces.,,
923,Shop/MRI-Organs_LenzeSize,Shop,0,,MRI of Organs (Area),,
924,Shop/MRI-Organs_LenzeSizeDesc,Shop,0,,An upgraded MRI lens with expanded area of ​​effect that makes it easier to detect internal organ abnormalities.,,
925,Shop/Dictophone,Shop,0,,Transcriber,,
926,Shop/DictophoneDesc,Shop,0,,A transcriber that allows you to record conversations with visitors (and use everything they say against them).,,
927,Shop/Dictophone_PrintingSpeed,Shop,0,,Transcriber (Printing Speed),,
928,Shop/Dictophone_PrintingSpeedDesc,Shop,0,,An upgraded transcriber's microphone and printer for faster conversation transcription.,,
929,Shop/Photo_ExposTime,Shop,0,,Polaroid (Development Time),,
930,Shop/Photo_ExposTimeDesc,Shop,0,,Upgraded film cassettes with reduced development time (fast enough to capture a Weeping Angel in the blink of an eye).,,
931,Shop/Photo_ShotCount,Shop,0,,Polaroid (Volume),,
932,Shop/Photo_ShotCountDesc,Shop,0,,Upgraded film cassettes with an increased number of frames per cassette (they are bigger on the inside).,,
933,Shop/MRI-Bones_LenzeSize,Shop,0,,MRI of Bones (Area),,
934,Shop/MRI-Bones_LenzeSizeDesc,Shop,0,,An upgraded MRI lens with expanded area of ​​effect that makes it easier to detect skeletal abnormalities.,,
935,Shop/ThermalVision_LenzeSize,Shop,0,,Thermal Imager (Area),,
936,Shop/ThermalVision_LenzeSizeDesc,Shop,0,,An upgraded thermal imager lens with expanded area of ​​effect that makes it easier to detect thermal anomalies.,,
937,Shop/Fingerprints_FingerprintingTime,Shop,0,,Fingerprinting (Capture Speed),,
938,Shop/Fingerprints_FingerprintingTimeDesc,Shop,0,,Upgraded fingerprint forms that speed up the process of fingerprint capture and recording.,,
939,Shop/Fingerprints_ScanTime,Shop,0,,Fingerprinting (Search Speed),,
940,Shop/Fingerprints_ScanTimeDesc,Shop,0,,An upgraded scanner and software that reduce database search time (even if the suspect has not yet been born).,,
941,Shop/IsolatorCap,Shop,0,,Isolation Ward Capacity,,
942,Shop/IsolatorCapDesc,Shop,0,,An isolation ward compacting program that allows you to accommodate more visitors.,,
943,Правила /Для Китайского и Корейского фонетическая транслитерация иероглифами.,Правила ,0,,,,
944,Правила /Для Японского транслитерация катаканой,Правила ,0,,,,
945,"Правила /Если в названии есть общипринятые термины типа Восточная, Западная, Европа, Америка и тд - Неоригинальную часть переводить, остальную транслитерировать с легкой шлифовкой по необходимости.",Правила ,0,,,,
946,Правила /Для Китайского и Корейского фонетическая транслитерация иероглифами.,Правила ,0,,,,
947,Правила /Для Японского транслитерация катаканой,Правила ,0,,,,
948,"Правила /Если в названии есть общипринятые термины типа Восточная, Западная, Европа, Америка и тд - Неоригинальную часть переводить, остальную транслитерировать с легкой шлифовкой по необходимости.",Правила ,0,,,,
949,UI/Statist_salary,UI,0,,Base salary:,,
950,UI/Statist_award,UI,0,,Performance bonus:,,
951,UI/Statist_penalty,UI,0,,Penalty for errors:,,
952,UI/Statist_totalPlus,UI,0,,TOTAL: +{0}$,{0},
953,UI/Statist_totalMinus,UI,0,,TOTAL: {0}$,{0},
954,Правила /Для Китайского и Корейского фонетическая транслитерация иероглифами.,Правила ,0,,,,
955,Правила /Для Японского транслитерация катаканой,Правила ,0,,,,
956,"Правила /Если в названии есть общипринятые термины типа Восточная, Западная, Европа, Америка и тд - Неоригинальную часть переводить, остальную транслитерировать с легкой шлифовкой по необходимости.",Правила ,0,,,,
957,UI/Money,UI,0,,{0}$,{0},
958,Правила /Для Китайского и Корейского фонетическая транслитерация иероглифами.,Правила ,0,,,,
959,Правила /Для Японского транслитерация катаканой,Правила ,0,,,,
960,"Правила /Если в названии есть общипринятые термины типа Восточная, Западная, Европа, Америка и тд - Неоригинальную часть переводить, остальную транслитерировать с легкой шлифовкой по необходимости.",Правила ,0,,,,
961,UI/ConfirmNewGame,UI,0,,Are you sure you want to start a new game? Your current progress will be rewritten.,,
962,Правила /Для Китайского и Корейского фонетическая транслитерация иероглифами.,Правила ,0,,,,
963,Правила /Для Японского транслитерация катаканой,Правила ,0,,,,
964,"Правила /Если в названии есть общипринятые термины типа Восточная, Западная, Европа, Америка и тд - Неоригинальную часть переводить, остальную транслитерировать с легкой шлифовкой по необходимости.",Правила ,0,,,,
965,Правила /Для Китайского и Корейского фонетическая транслитерация иероглифами.,Правила ,0,,,,
966,Правила /Для Японского транслитерация катаканой,Правила ,0,,,,
967,"Правила /Если в названии есть общипринятые термины типа Восточная, Западная, Европа, Америка и тд - Неоригинальную часть переводить, остальную транслитерировать с легкой шлифовкой по необходимости.",Правила ,0,,,,
968,Правила /Для Китайского и Корейского фонетическая транслитерация иероглифами.,Правила ,0,,,,
969,Правила /Для Японского транслитерация катаканой,Правила ,0,,,,
970,"Правила /Если в названии есть общипринятые термины типа Восточная, Западная, Европа, Америка и тд - Неоригинальную часть переводить, остальную транслитерировать с легкой шлифовкой по необходимости.",Правила ,0,,,,
971,UI/ShowHints,UI,0,,Show hints (H),,
972,Hints/IsoFull,Hints,0,,"The isolation ward is full, you cannot send more!",,
973,Hints/PeopleLeftDownlevel,Hints,0,,"There are people waiting downstairs, send the elevator!",,
974,Hints/PeopleLeftInsideDown,Hints,0,,"There are people left in the elevator, they need to go down!",,
975,Hints/PeopleLeftInsideOut,Hints,0,,"There are people left in the elevator, you need to let them out!",,
976,Правила /Для Китайского и Корейского фонетическая транслитерация иероглифами.,Правила ,0,,,,
977,Правила /Для Японского транслитерация катаканой,Правила ,0,,,,
978,"Правила /Если в названии есть общипринятые термины типа Восточная, Западная, Европа, Америка и тд - Неоригинальную часть переводить, остальную транслитерировать с легкой шлифовкой по необходимости.",Правила ,0,,,,
979,Правила /Для Китайского и Корейского фонетическая транслитерация иероглифами.,Правила ,0,,,,
980,Правила /Для Японского транслитерация катаканой,Правила ,0,,,,
981,"Правила /Если в названии есть общипринятые термины типа Восточная, Западная, Европа, Америка и тд - Неоригинальную часть переводить, остальную транслитерировать с легкой шлифовкой по необходимости.",Правила ,0,,,,
982,UI/Ask,UI,0,,Ask,,
983,UI/PlaytestEnd1,UI,0,"Здесь каламбур ""Тестовый период"" с добавленией плей",OPERATION SECURITY 51 REPORT (PLAYTEST PERIOD),,
984,UI/PlaytestEnd2,UI,0,"Здесь тоже каламбур ""тестовая смена"" с добавленией плей","The biological threat has been eliminated. The countermeasures you've implemented destroyed the pathogen before it could escape the quarantine zone.

 Collateral damage and personnel casualties are deemed allowable. Result rating: ACCEPTABLE.

 HOWEVER: The ""cure"" you used has itself become a new threat. You will learn further about what other anomalies you will have to deal with to keep the situation under control. This concludes your playtest shift.",,
985,UI/PlaytestEnd3,UI,0,,"MANAGEMENT NOTE:
 Dear Employee, thank you for completing the playtest! The full version will feature new threats and consequences for your decisions.
 Please apply for a permanent position and file a violations report.",,
986,UI/PercentPerDay,UI,0,,Growth of {0}% per day,{0},
987,UI/ResultPercent,UI,0,,{0}%,{0},
988,UI/GrowPercent,UI,0,, +{0}%,{0},
989,UI/Price,UI,0,,Price: {0},{0},
990,UI/CityOperations,UI,0,,City Operations,,
991,Real_Dev/154,Real_Dev,0,Неверный номер в паспорте,Yellow Color Mentioned in the Rorschach Test Answers,,
992,Real_Dev/155,Real_Dev,0,Неверный номер в пропуске,Gray Color Mentioned in the Rorschach Test Answers,,
993,Real_Dev/156,Real_Dev,0,Незримый наблюдатель,Gold Mentioned in the Rorschach Test Answers,,
994,Real_Dev/157,Real_Dev,0,Портал в параллель,Silver Mentioned in the Rorschach Test Answers,,
995,Real_Dev/158,Real_Dev,0,Мерки,A Building Mentioned in the Rorschach Test Answers,,
996,Real_Dev/159,Real_Dev,0,Без глаз фото,A Bridge Mentioned in the Rorschach Test Answers,,
997,Real_Dev/160,Real_Dev,0,Гончая,A House Mentioned in the Rorschach Test Answers,,
998,Real_Dev/161,Real_Dev,0,Марионетка,A Castle Mentioned in the Rorschach Test Answers,,
999,Real_Dev/162,Real_Dev,0,Электрический мозг,A Tower or Lighthouse Mentioned in the Rorschach Test Answers,,
1000,Real_Dev/163,Real_Dev,0,Каменный мозг,"A car, train, or plane is mentioned in the Rorschach test answers",,
1001,Real_Dev/164,Real_Dev,0,Рыба-капля мозг,A Ship Mentioned in the Rorschach Test Answers,,
1002,Real_Dev/165,Real_Dev,0,Зубы акулы,An Animal Mentioned in the Rorschach Test Answers,,
1003,Real_Dev/166,Real_Dev,0,Пакет с жидколстью - право (лёгкое),A Wolf Mentioned in the Rorschach Test Answers,,
1004,Real_Dev/167,Real_Dev,0,Сердце каменное,A Cat Mentioned in the Rorschach Test Answers,,
1005,Real_Dev/168,Real_Dev,0,Сердце электрическое,A Bear Mentioned in the Rorschach Test Answers,,
1006,Real_Dev/169,Real_Dev,0,Сердце с булавками,A Bird Mentioned in the Rorschach Test Answers,,
1007,Real_Dev/170,Real_Dev,0,Кислотный пакет (печень),A Fish Mentioned in the Rorschach Test Answers,,
1008,Real_Dev/171,Real_Dev,0,Печка (желудок),A bug is mentioned in the Rorschach test answers,,
1009,Real_Dev/172,Real_Dev,0,Электро почки - право,A Raven Mentioned in the Rorschach Test Answers,,
1010,Real_Dev/173,Real_Dev,0,Электро почки - лево,Flowers Mentioned in the Rorschach Test Answers,,
1011,Real_Dev/174,Real_Dev,0,Пакет с жидколстью - лево (лёгкое),Mushrooms Mentioned in the Rorschach Test Answers,,
1012,Real_Dev/175,Real_Dev,0,Ивент терминатор,"A pistol, revolver, or rifle is mentioned in the Rorschach test answers",,
1013,Real_Dev/176,Real_Dev,0,Подозрительная сыпь на шее-Чел-Ж в слот,Blood Mentioned in the Rorschach Test Answers,,
1014,Real_Dev/177,Real_Dev,0,Пасть на животе,A man is mentioned in the Rorschach test answers,,
1015,IsolatorExperiments/,IsolatorExperiments,0,,,,
1016,IsolatorExperiments/RubberDuck_Name,IsolatorExperiments,0,,,,
1017,IsolatorExperiments/RubberDuck_Descr,IsolatorExperiments,0,,,,
1018,Правила /Для Китайского и Корейского фонетическая транслитерация иероглифами.,Правила ,0,,,,
1019,Правила /Для Японского транслитерация катаканой,Правила ,0,,,,
1020,"Правила /Если в названии есть общипринятые термины типа Восточная, Западная, Европа, Америка и тд - Неоригинальную часть переводить, остальную транслитерировать с легкой шлифовкой по необходимости.",Правила ,0,,,,
1021,Hints/Tutor_024,Hints,0,,The face matches the photo.,,
1022,Hints/Tutor_025,Hints,0,,Switch back.,,
1023,Hints/Tutor_026,Hints,0,,Move the cursor to the instructions area.,,
1024,Hints/Tutor_027,Hints,0,,Select the relevant item using [LMB].,,
1025,Hints/Tutor_028,Hints,0,,"Today, you will have to search for anomalies using the camera. Select the camera by clicking [LMB] over it.",,
1026,Hints/Tutor_029,Hints,0,,Interference! That means there's an anomaly somewhere. Find the area with the strongest interference and take a photo by clicking [LMB].,,
1027,Hints/Tutor_030,Hints,0,,"The photo is on your desk and will be developed soon. Sometimes they can contain things that aren't visible to the naked eye. When a visitor brings such an entity with them, you will get interference on the camera's screen. The closer the anomalous entity is to the edges of the frame, the stronger the interference. Use [RMB] to put away the camera.",,
1028,Hints/Tutor_031,Hints,0,,This visitor looks unwell. Their skin needs to be examined.,,
1029,Hints/Tutor_032,Hints,0,,This doesn't look normal. Select the affected area using [LMB].,,
1030,Hints/Tutor_033,Hints,0,,The database contains information on all known anomalies. Press [LMB] to compare.,,
1031,Hints/Tutor_034,Hints,0,,This is definitely a skin mutation! You should ask for a pass.,,
1032,Hints/Tutor_035,Hints,0,,"This pass is clearly a cheap fake. You know what to do! (And if not, check the manual).",,
1033,Hints/Tutor_036,Hints,0,,Strange sounds seem to be coming from the elevator shaft... You should investigate.,,
1034,Hints/Tutor_037,Hints,0,,"First, let's turn off the lights. Press [LMBCAMVIS] to do this.",,
1035,Hints/Tutor_038,Hints,0,,"At first glance, these passengers appear to be fine, but you should conduct a more thorough inspection to be on the safe side.",,
1036,Hints/Tutor_039,Hints,0,,You have to send them to the isolation ward for further study!,,
1037,Hints/Tutor_040,Hints,0,,Close the camera.,,
1038,Hints/Tutor_041,Hints,0,,Press this button to go to the isolation ward.,,
1039,Hints/Tutor_042,Hints,0,,Welcome to the isolation ward. Use [LMB] on any silhouette for information and interaction.,,
1040,Hints/Tutor_043,Hints,0,,You can conduct one experiment per day to advance your understanding of anomalies. Press here to choose today's experiment.,,
1041,Hints/Tutor_044,Hints,0,,Let's start with something harmless.,,
1042,Hints/Tutor_045,Hints,0,,The experiment will last all day. Perhaps tomorrow we'll know a little more about the anomalies. Press here to approve the experiment.,,
1043,Hints/Tutor_046,Hints,0,,There's nothing more to do here today. Press here to leave the isolation ward.,,
1044,Hints/Tutor_047,Hints,0,,Press here to go to the city screen.,,
1045,Hints/Tutor_048,Hints,0,,"This is the city operations screen. Here, you can see what's happening with the city, and the operations available to you.",,
1046,Hints/Tutor_049,Hints,0,,"An epidemic of an unknown disease is raging in the city. Given the high risk, reaching a critical point will call for...the most drastic measures.",,
1047,Hints/Tutor_050,Hints,0,,"The search for a less radical solution is ongoing. Experiments in isolation wards and field operations are being conducted to this end. If we can push back this unknown infection, it will be a huge win for all of humanity!",,
1048,Hints/Tutor_051,Hints,0,,Available field operations are marked on the city screen. Select one using [LMB].,,
1049,Hints/Tutor_052,Hints,0,,"Our operational capabilities are limited for now. But the more we know about the anomalies, the more options we'll have. Initiate the operation using [LMBNORTH].",,
1050,Hints/Tutor_053,Hints,0,,"The operation will take exactly 24 hours. Your watch is over for today. This city doesn't need heroes, it needs reliable people like you!",,
1051,CityOperations/AlienInvasion,CityOperations,0,,Alien Invasion,,
1052,CityOperations/Zombies,CityOperations,0,,Zombies,,
1053,CityOperations/CultActivity,CityOperations,0,,Dark Practices,,
1054,IsolatorExperiments/RubberDuckIsoTest_Name,IsolatorExperiments,0,,DUCC Project Display,,
1055,IsolatorExperiments/RubberDuckIsoTest_Descr,IsolatorExperiments,0,,Place the special prototype Rubber Duck in the ward. Scientific value of the object to be determined. Do not compress unless necessary.,,
1056,IsolatorExperiments/DiscoballIsoTest_Name,IsolatorExperiments,0,,Retro-Acoustic Test,,
1057,IsolatorExperiments/DiscoballIsoTest_Descr,IsolatorExperiments,0,,"Lower a special rotating light object into the isolation ward. If it triggers spontaneous dance moves, remain calm.",,
1058,IsolatorExperiments/TeslaballIsoTest_Name,IsolatorExperiments,0,,Energy Sphere Experiment,,
1059,IsolatorExperiments/TeslaballIsoTest_Descr,IsolatorExperiments,0,,"Raise the experimental Tesla Globe energy node in the center of the ward. Do not touch the electric discharges, even if they appear safe. Do not light cigarettes with electric discharges.",,
1060,IsolatorExperiments/PurplefogIsoTest_Name,IsolatorExperiments,0,,Prolonged Inhalation of Lilac 8,,
1061,IsolatorExperiments/PurplefogIsoTest_Descr,IsolatorExperiments,0,,"Fill the ward with an experimental heavy lilac compound gas Lilac 8. Do not include complaints of a strange odor, dizziness, voices in the head, and itching on the left side of the body in the report.",,
1062,IsolatorExperiments/DigitsIsoTest_Name,IsolatorExperiments,0,,Arithmometric Test,,
1063,IsolatorExperiments/DigitsIsoTest_Descr,IsolatorExperiments,0,,"Lower a block of screens into the isolation ward, broadcasting a neuro-encoding sequence of numbers. Attempts to find a pattern are considered an undesirable side effect. The correct answer is ""42.""",,
1064,IsolatorExperiments/WaterIsoTest_Name,IsolatorExperiments,0,,Dihydrogen Monoxide Treatment,,
1065,IsolatorExperiments/WaterIsoTest_Descr,IsolatorExperiments,0,,"Activate the internal dihydrogen monoxide spray system. If the equipment gets wet, pretend it was planned. Ignore requests for towels.",,
1066,IsolatorExperiments/HotIsoTest_Name,IsolatorExperiments,0,,High Temperature Exposure,,
1067,IsolatorExperiments/HotIsoTest_Descr,IsolatorExperiments,0,,"Deploy experimental heating elements in the ward. Do not use the device for cooking purposes. If someone asks to crack open a window, shoot them on the spot.",,
1068,IsolatorExperiments/ColdIsoTest_Name,IsolatorExperiments,0,,Low Temperature Exposure,,
1069,IsolatorExperiments/ColdIsoTest_Descr,IsolatorExperiments,0,,"Activate the ward's extreme cooling system. Snow and icicle formation are considered normal. If someone asks to close the window, incinerate them.",,
1070,IsolatorExperiments/UVLightIsoTest_Name,IsolatorExperiments,0,,Quartz-12 Exposure,,
1071,IsolatorExperiments/UVLightIsoTest_Descr,IsolatorExperiments,0,,"Place high-power quartz lamps in the isolation ward. Only those who have signed all the documents are permitted to look at the light source. If [redacted] occurs, activate the self-destruct system.",,
1072,Правила /Для Китайского и Корейского фонетическая транслитерация иероглифами.,Правила ,0,,,,
1073,Правила /Для Японского транслитерация катаканой,Правила ,0,,,,
1074,"Правила /Если в названии есть общипринятые термины типа Восточная, Западная, Европа, Америка и тд - Неоригинальную часть переводить, остальную транслитерировать с легкой шлифовкой по необходимости.",Правила ,0,,,,
1075,Правила /Для Китайского и Корейского фонетическая транслитерация иероглифами.,Правила ,0,,,,
1076,Правила /Для Японского транслитерация катаканой,Правила ,0,,,,
1077,"Правила /Если в названии есть общипринятые термины типа Восточная, Западная, Европа, Америка и тд - Неоригинальную часть переводить, остальную транслитерировать с легкой шлифовкой по необходимости.",Правила ,0,,,,
1078,Правила /Для Китайского и Корейского фонетическая транслитерация иероглифами.,Правила ,0,,,,
1079,Правила /Для Японского транслитерация катаканой,Правила ,0,,,,
1080,"Правила /Если в названии есть общипринятые термины типа Восточная, Западная, Европа, Америка и тд - Неоригинальную часть переводить, остальную транслитерировать с легкой шлифовкой по необходимости.",Правила ,0,,,,
1081,Правила /Для Китайского и Корейского фонетическая транслитерация иероглифами.,Правила ,0,,,,
1082,Правила /Для Японского транслитерация катаканой,Правила ,0,,,,
1083,"Правила /Если в названии есть общипринятые термины типа Восточная, Западная, Европа, Америка и тд - Неоригинальную часть переводить, остальную транслитерировать с легкой шлифовкой по необходимости.",Правила ,0,,,,
1084,Hints/IsoClearing,Hints,0,,Decontamination in progress. Please wait.,,
1085,Правила /Для Китайского и Корейского фонетическая транслитерация иероглифами.,Правила ,0,,,,
1086,Правила /Для Японского транслитерация катаканой,Правила ,0,,,,
1087,"Правила /Если в названии есть общипринятые термины типа Восточная, Западная, Европа, Америка и тд - Неоригинальную часть переводить, остальную транслитерировать с легкой шлифовкой по необходимости.",Правила ,0,,,,
1088,UI/PlaytestTelemetry1,UI,0,,"Please keep in mind that this is an early feedback build that may contain bugs and differ significantly in quality and quantity of content from the final version.

Gameplay may be shown in live streams and video reviews, but we would really appreciate it if you could let your subscribers know that [this is not the final version]!",,
1089,UI/PlaytestTelemetry2,UI,0,,"We want to make our game better. To do that, we need your help in collecting anonymized statistics about how you play.

This does not affect your privacy, as no personal data is collected or shared with third parties.

I agree to help and accept the
Privacy Policy and Terms of Use.",,
1090,Правила /Для Китайского и Корейского фонетическая транслитерация иероглифами.,Правила ,0,,,,
1091,Правила /Для Японского транслитерация катаканой,Правила ,0,,,,
1092,"Правила /Если в названии есть общипринятые термины типа Восточная, Западная, Европа, Америка и тд - Неоригинальную часть переводить, остальную транслитерировать с легкой шлифовкой по необходимости.",Правила ,0,,,,
1093,Real_Dev/,Real_Dev,0,,#N/A,,
1094,Правила /Для Китайского и Корейского фонетическая транслитерация иероглифами.,Правила ,0,,,,
1095,Правила /Для Японского транслитерация катаканой,Правила ,0,,,,
1096,"Правила /Если в названии есть общипринятые термины типа Восточная, Западная, Европа, Америка и тд - Неоригинальную часть переводить, остальную транслитерировать с легкой шлифовкой по необходимости.",Правила ,0,,,,
1097,CoordinatorReplics/CR_StoryModeWelcome_003.1,CoordinatorReplics,0,,"Remember, despite its simplicity the importance of your work cannot be overstated.",,
1098,CoordinatorReplics/CR_StoryModeWelcome_003.2,CoordinatorReplics,0,,"So carefully review the instructions at the start of every day. The situation can change quickly, and so can the rules.",,
1099,CoordinatorReplics/CR_StoryModeIsolator_005.1,CoordinatorReplics,0,,It doesn't matter! I'll take care of the formalities.,,
1100,CoordinatorReplics/CR_StoryModeIsolator_005.2,CoordinatorReplics,0,,"Oh, and you also need to... choose daily recreational activities for those who are temporarily isolated.",,
1101,CoordinatorReplics/CR_StoryModePlot_003.1,CoordinatorReplics,0,,I want you to understand that you know as much as necessary.,,
1102,CoordinatorReplics/CR_StoryModePlot_003.2,CoordinatorReplics,0,,"Perhaps in the future you'll be assigned other duties, with different levels of clearance and, of course, greater responsibility.",,
1103,Правила /Для Китайского и Корейского фонетическая транслитерация иероглифами.,Правила ,0,,,,
1104,Правила /Для Японского транслитерация катаканой,Правила ,0,,,,
1105,"Правила /Если в названии есть общипринятые термины типа Восточная, Западная, Европа, Америка и тд - Неоригинальную часть переводить, остальную транслитерировать с легкой шлифовкой по необходимости.",Правила ,0,,,,
1106,Hints/Tutor_054,Hints,0,,Press here to get back to work.,,
1107,CityOperations/Progress,CityOperations,0,,Progress,,
1108,CityOperations/AlienTech,CityOperations,0,,Extraterrestrial technologies,,
1109,CityOperations/Fungus,CityOperations,0,,Fungus,,
1110,CityOperations/Parasite,CityOperations,0,,Parasite,,
1111,Правила /Для Китайского и Корейского фонетическая транслитерация иероглифами.,Правила ,0,,,,
1112,Правила /Для Японского транслитерация катаканой,Правила ,0,,,,
1113,"Правила /Если в названии есть общипринятые термины типа Восточная, Западная, Европа, Америка и тд - Неоригинальную часть переводить, остальную транслитерировать с легкой шлифовкой по необходимости.",Правила ,0,,,,
1114,Правила /Для Китайского и Корейского фонетическая транслитерация иероглифами.,Правила ,0,,,,
1115,Правила /Для Японского транслитерация катаканой,Правила ,0,,,,
1116,"Правила /Если в названии есть общипринятые термины типа Восточная, Западная, Европа, Америка и тд - Неоригинальную часть переводить, остальную транслитерировать с легкой шлифовкой по необходимости.",Правила ,0,,,,
1117,UI/SurveyLink,UI,0,,https://forms.office.com/r/HjQ9QmA5uF,,
1118,Правила /Для Китайского и Корейского фонетическая транслитерация иероглифами.,Правила ,0,,,,
1119,Правила /Для Японского транслитерация катаканой,Правила ,0,,,,
1120,"Правила /Если в названии есть общипринятые термины типа Восточная, Западная, Европа, Америка и тд - Неоригинальную часть переводить, остальную транслитерировать с легкой шлифовкой по необходимости.",Правила ,0,,,,
1121,Правила /Для Китайского и Корейского фонетическая транслитерация иероглифами.,Правила ,0,,,,
1122,Правила /Для Японского транслитерация катаканой,Правила ,0,,,,
1123,"Правила /Если в названии есть общипринятые термины типа Восточная, Западная, Европа, Америка и тд - Неоригинальную часть переводить, остальную транслитерировать с легкой шлифовкой по необходимости.",Правила ,0,,,,
1124,Правила /Для Китайского и Корейского фонетическая транслитерация иероглифами.,Правила ,0,,,,
1125,Правила /Для Японского транслитерация катаканой,Правила ,0,,,,
1126,"Правила /Если в названии есть общипринятые термины типа Восточная, Западная, Европа, Америка и тд - Неоригинальную часть переводить, остальную транслитерировать с легкой шлифовкой по необходимости.",Правила ,0,,,,
1127,UI/Start_Language_Button_Russian,UI,0,,Русский,,
1128,UI/Start_Language_Button_English,UI,0,,English,,
1129,UI/Start_Language_Button_Chinese (Simplified),UI,0,,简体中文,,
1130,UI/Start_Language_Button_French,UI,0,,Français,,
1131,UI/Start_Language_Button_German,UI,0,,Deutsch,,
1132,UI/Start_Language_Button_Spanish,UI,0,,Español,,
1133,UI/Start_Language_Button_Brazil,UI,0,,Português (Brasil),,
1134,UI/Start_Language_Button_Chinese (Traditional),UI,0,,繁體中文,,
1135,UI/Start_Language_Button_Korean,UI,0,,한국어,,
1136,UI/Start_Language_Button_Polish,UI,0,,Polski,,
1137,UI/Start_Language_Button_Japanese,UI,0,,日本語,,
1138,UI/Start_Language_Button_Turkish,UI,0,,Türkçe,,
1139,Правила /Для Китайского и Корейского фонетическая транслитерация иероглифами.,Правила ,0,,,,
1140,Правила /Для Японского транслитерация катаканой,Правила ,0,,,,
1141,"Правила /Если в названии есть общипринятые термины типа Восточная, Западная, Европа, Америка и тд - Неоригинальную часть переводить, остальную транслитерировать с легкой шлифовкой по необходимости.",Правила ,0,,,,
1142,Правила /Для Китайского и Корейского фонетическая транслитерация иероглифами.,Правила ,0,,,,
1143,Правила /Для Японского транслитерация катаканой,Правила ,0,,,,
1144,"Правила /Если в названии есть общипринятые термины типа Восточная, Западная, Европа, Америка и тд - Неоригинальную часть переводить, остальную транслитерировать с легкой шлифовкой по необходимости.",Правила ,0,,,,
1145,UI/NextDay,UI,0,,Next Day,,
1146,UI/Restart,UI,0,,Restart Day,,
1147,Hints/Tutor_055,Hints,0,,This panel has the character's financial and health indicators.,,
1148,Hints/Tutor_056,Hints,0,,"This is the sanity bar. Mistakes and stressful situations lower it. At the end of the day, some sanity restores naturally. You have to buy food or medication to get more.",,
1149,Hints/Tutor_057,Hints,0,,"This is the satiety bar. It decreases every day after work. To refill it, you need to buy food.",,
1150,Hints/Tutor_058,Hints,0,,"If any of these stats drop to zero, your character will die, and the game will be over.",,
1151,Hints/Tutor_059,Hints,0,,Press here to go to the store!,,
1152,Hints/Tutor_060,Hints,0,,Press here to buy (and eat) a sandwich. This will restore your satiety and some sanity. Make sure to keep an eye on these stats!,,
1153,Hints/Tutor_061,Hints,0,,You can purchase upgrades below. New options will appear over time. Good luck!,,
1154,CoordinatorReplics/CR_StoryModeInstructions_001,CoordinatorReplics,0,Куратор,You did quite well yesterday. Keep up the good work.,,
1155,CoordinatorReplics/CR_StoryModeInstructions_002,CoordinatorReplics,0,Охранник,Thanks!,,
1156,CoordinatorReplics/CR_StoryModeInstructions_003,CoordinatorReplics,0,Куратор,A little tip: read the instructions carefully. They change every day; such is the nature of this…place.,,
1157,CoordinatorReplics/CR_StoryModeInstructions_004,CoordinatorReplics,0,Охранник,I get it... I think.,,
1158,CoordinatorReplics/CR_StoryModeInstructions_005,CoordinatorReplics,0,,"Even if a person comes with a third eye or a blobfish instead of a brain, if the instructions don't say anything about him, you should let him through.",,
1159,CoordinatorReplics/CR_StoryModeInstructions_006,CoordinatorReplics,0,Куратор,Even if it was different the day before. Do you understand?,,
1160,CoordinatorReplics/CR_StoryModeInstructions_007,CoordinatorReplics,0,Охранник,"Yeah, sure, I do!",,
1161,CoordinatorReplics/CR_StoryModeInstructions_008,CoordinatorReplics,0,Охранник,"A fish instead of a brain, well, I never...",,
1162,Правила /Для Китайского и Корейского фонетическая транслитерация иероглифами.,Правила ,0,,,,
1163,Правила /Для Японского транслитерация катаканой,Правила ,0,,,,
1164,"Правила /Если в названии есть общипринятые термины типа Восточная, Западная, Европа, Америка и тд - Неоригинальную часть переводить, остальную транслитерировать с легкой шлифовкой по необходимости.",Правила ,0,,,,
1165,UI/IsoFullCantGo,UI,0,,The isolation ward is full. Reduce the number of people before leaving.,,
1166,Правила /Для Китайского и Корейского фонетическая транслитерация иероглифами.,Правила ,0,,,,
1167,Правила /Для Японского транслитерация катаканой,Правила ,0,,,,
1168,"Правила /Если в названии есть общипринятые термины типа Восточная, Западная, Европа, Америка и тд - Неоригинальную часть переводить, остальную транслитерировать с легкой шлифовкой по необходимости.",Правила ,0,,,,
1169,Правила /Для Китайского и Корейского фонетическая транслитерация иероглифами.,Правила ,0,,,,
1170,Правила /Для Японского транслитерация катаканой,Правила ,0,,,,
1171,"Правила /Если в названии есть общипринятые термины типа Восточная, Западная, Европа, Америка и тд - Неоригинальную часть переводить, остальную транслитерировать с легкой шлифовкой по необходимости.",Правила ,0,,,,
1172,CoordinatorReplics/CR_EventNinja_001,CoordinatorReplics,0,,You shouldn't worry about what happened.,,
1173,CoordinatorReplics/CR_EventNinja_002,CoordinatorReplics,0,,"If you had let this man through without checking anything, as he asked, he would, of course, have stayed alive.",,
1174,CoordinatorReplics/CR_EventNinja_003,CoordinatorReplics,0,,"But that would mean a breach of instructions, which is a luxury we cannot afford.",,
1175,Правила /Для Китайского и Корейского фонетическая транслитерация иероглифами.,Правила ,0,,,,
1176,Правила /Для Японского транслитерация катаканой,Правила ,0,,,,
1177,"Правила /Если в названии есть общипринятые термины типа Восточная, Западная, Европа, Америка и тд - Неоригинальную часть переводить, остальную транслитерировать с легкой шлифовкой по необходимости.",Правила ,0,,,,
1178,Hints/Tutor_062,Hints,0,,"This panel shows your character's financial and health indicators: sanity and satiety. It's important to keep your sanity and satiety levels high; otherwise, your character will die. You can replenish them with food and pills from the store.",,
1179,CoordinatorReplics/CR_StoryModeWelcome_001.1,CoordinatorReplics,0,,Greetings! And congratulations on your first day.,,
1180,CoordinatorReplics/CR_StoryModeWelcome_001.2,CoordinatorReplics,0,,Your job is quite simple: screen visitors according to the instructions you've received.,,
1181,CoordinatorReplics/CR_StoryModeIsolator_001.1,CoordinatorReplics,0,,"Greetings. Starting today, your clearance level has been upgraded.",,
1182,CoordinatorReplics/CR_StoryModeIsolator_001.2,CoordinatorReplics,0,,"You can now visit the temporary-holding room. Or rather, you must.",,
1183,CoordinatorReplics/CR_StoryModeIsolator_005.3,CoordinatorReplics,0,,"Some activities may seem strange to you, but pay them no mind.",,
1184,CoordinatorReplics/CR_StoryModeIsolator_007.1,CoordinatorReplics,0,,"It's in your best interest to avoid asking unnecessary questions. New duties mean a pay raise, of course.",,
1185,CoordinatorReplics/CR_StoryModeIsolator_007.2,CoordinatorReplics,0,,Have a nice and productive day!,,
1186,CoordinatorReplics/CR_StoryModeCity_001.1,CoordinatorReplics,0,,"Greetings. Since we... had an unexpected staff cut, your responsibilities have expanded again.",,
1187,CoordinatorReplics/CR_StoryModeCity_001.2,CoordinatorReplics,0,,"Your security clearance has, of course, also been upgraded.",,
1188,CoordinatorReplics/CR_StoryModePlot_001.1,CoordinatorReplics,0,,"Greetings. As you know, certain processes are taking place in the city.",,
1189,CoordinatorReplics/CR_StoryModePlot_001.2,CoordinatorReplics,0,,"It might not be obvious, but your work has a direct impact on them.",,
1190,CoordinatorReplics/CR_StoryModeInstructions_005.1,CoordinatorReplics,0,Куратор,Even if you see someone with a third eye or a fish instead of a brain...,,
1191,CoordinatorReplics/CR_StoryModeInstructions_005.2,CoordinatorReplics,0,Куратор,"If the instructions don't mention otherwise, you must let them through.",,
1192,Правила /Для Китайского и Корейского фонетическая транслитерация иероглифами.,Правила ,0,,,,
1193,Правила /Для Японского транслитерация катаканой,Правила ,0,,,,
1194,"Правила /Если в названии есть общипринятые термины типа Восточная, Западная, Европа, Америка и тд - Неоригинальную часть переводить, остальную транслитерировать с легкой шлифовкой по необходимости.",Правила ,0,,,,
1195,Правила /Для Китайского и Корейского фонетическая транслитерация иероглифами.,Правила ,0,,,,
1196,Правила /Для Японского транслитерация катаканой,Правила ,0,,,,
1197,"Правила /Если в названии есть общипринятые термины типа Восточная, Западная, Европа, Америка и тд - Неоригинальную часть переводить, остальную транслитерировать с легкой шлифовкой по необходимости.",Правила ,0,,,,
1198,Правила /Для Китайского и Корейского фонетическая транслитерация иероглифами.,Правила ,0,,,,
1199,Правила /Для Японского транслитерация катаканой,Правила ,0,,,,
1200,"Правила /Если в названии есть общипринятые термины типа Восточная, Западная, Европа, Америка и тд - Неоригинальную часть переводить, остальную транслитерировать с легкой шлифовкой по необходимости.",Правила ,0,,,,
1201,Правила /Для Китайского и Корейского фонетическая транслитерация иероглифами.,Правила ,0,,,,
1202,Правила /Для Японского транслитерация катаканой,Правила ,0,,,,
1203,"Правила /Если в названии есть общипринятые термины типа Восточная, Западная, Европа, Америка и тд - Неоригинальную часть переводить, остальную транслитерировать с легкой шлифовкой по необходимости.",Правила ,0,,,,
1204,Правила /Для Китайского и Корейского фонетическая транслитерация иероглифами.,Правила ,0,,,,
1205,Правила /Для Японского транслитерация катаканой,Правила ,0,,,,
1206,"Правила /Если в названии есть общипринятые термины типа Восточная, Западная, Европа, Америка и тд - Неоригинальную часть переводить, остальную транслитерировать с легкой шлифовкой по необходимости.",Правила ,0,,,,
1207,Правила /Для Китайского и Корейского фонетическая транслитерация иероглифами.,Правила ,0,,,,
1208,Правила /Для Японского транслитерация катаканой,Правила ,0,,,,
1209,"Правила /Если в названии есть общипринятые термины типа Восточная, Западная, Европа, Америка и тд - Неоригинальную часть переводить, остальную транслитерировать с легкой шлифовкой по необходимости.",Правила ,0,,,,
1210,Hints/Tutor_063,Hints,0,,"The priority of instructions depends on the order in which they are listed. The higher on the list, the more important they are!",,
1211,Hints/Tutor_064,Hints,0,,"The experiment in the isolation ward you chose yesterday was completed successfully. The data from it will allow us to conduct an operation in the city. The further the research progresses, the more effective the operations will become. Make sure to check the isolation ward every day!",,
1212,Hints/Tutor_065,Hints,0,,"The tactical operation in the city was a success, and we've made some progress in finding a way to handle the unknown disease. Make sure to check the city screen every day and schedule operations!",,
1213,Правила /Для Китайского и Корейского фонетическая транслитерация иероглифами.,Правила ,0,,,,
1214,Правила /Для Японского транслитерация катаканой,Правила ,0,,,,
1215,"Правила /Если в названии есть общипринятые термины типа Восточная, Западная, Европа, Америка и тд - Неоригинальную часть переводить, остальную транслитерировать с легкой шлифовкой по необходимости.",Правила ,0,,,,
1216,Правила /Для Китайского и Корейского фонетическая транслитерация иероглифами.,Правила ,0,,,,
1217,Правила /Для Японского транслитерация катаканой,Правила ,0,,,,
1218,"Правила /Если в названии есть общипринятые термины типа Восточная, Западная, Европа, Америка и тд - Неоригинальную часть переводить, остальную транслитерировать с легкой шлифовкой по необходимости.",Правила ,0,,,,
1219,UI/CamCens,UI,0,,"SIGNAL
LOCKED",,
1220,Правила /Для Китайского и Корейского фонетическая транслитерация иероглифами.,Правила ,0,,,,
1221,Правила /Для Японского транслитерация катаканой,Правила ,0,,,,
1222,"Правила /Если в названии есть общипринятые термины типа Восточная, Западная, Европа, Америка и тд - Неоригинальную часть переводить, остальную транслитерировать с легкой шлифовкой по необходимости.",Правила ,0,,,,
1223,Instructions/Denied,Instructions,0,,"Always let through, except when the following are detected:",,
1224,Instructions/Approve,Instructions,0,,"Let through, ignoring ALL instructions, if the following are detected:",,
1225,Instructions/Kill,Instructions,0,,"Call security, ignoring previous instructions, if the following are detected:",,
1226,Instructions/69,Instructions,0,,Insectoid-type bones,,
1227,Instructions/70,Instructions,0,,Insectoid lung infestation,,
1228,Instructions/71,Instructions,0,,Insectoid heart infestation,,
1229,Instructions/72,Instructions,0,,Insectoid liver infestation,,
1230,Instructions/73,Instructions,0,,Larval transformation of the stomach,,
1231,Instructions/74,Instructions,0,,Giant larva in the photo,,
1232,Instructions/75,Instructions,0,,LED-modified lung,,
1233,Правила /Для Китайского и Корейского фонетическая транслитерация иероглифами.,Правила ,0,,,,
1234,Правила /Для Японского транслитерация катаканой,Правила ,0,,,,
1235,"Правила /Если в названии есть общипринятые термины типа Восточная, Западная, Европа, Америка и тд - Неоригинальную часть переводить, остальную транслитерировать с легкой шлифовкой по необходимости.",Правила ,0,,,,
1236,UI/LiftFalseKill,UI,0,,People without anomalies eliminated,,
1237,UI/LiftFalseOpen,UI,0,,People with anomalies were released,,
1238,Правила /Для Китайского и Корейского фонетическая транслитерация иероглифами.,Правила ,0,,,,
1239,Правила /Для Японского транслитерация катаканой,Правила ,0,,,,
1240,"Правила /Если в названии есть общипринятые термины типа Восточная, Западная, Европа, Америка и тд - Неоригинальную часть переводить, остальную транслитерировать с легкой шлифовкой по необходимости.",Правила ,0,,,,
1241,Правила /Для Китайского и Корейского фонетическая транслитерация иероглифами.,Правила ,0,,,,
1242,Правила /Для Японского транслитерация катаканой,Правила ,0,,,,
1243,"Правила /Если в названии есть общипринятые термины типа Восточная, Западная, Европа, Америка и тд - Неоригинальную часть переводить, остальную транслитерировать с легкой шлифовкой по необходимости.",Правила ,0,,,,
1244,Правила /Для Китайского и Корейского фонетическая транслитерация иероглифами.,Правила ,0,,,,
1245,Правила /Для Японского транслитерация катаканой,Правила ,0,,,,
1246,"Правила /Если в названии есть общипринятые термины типа Восточная, Западная, Европа, Америка и тд - Неоригинальную часть переводить, остальную транслитерировать с легкой шлифовкой по необходимости.",Правила ,0,,,,
1247,Правила /Для Китайского и Корейского фонетическая транслитерация иероглифами.,Правила ,0,,,,
1248,Правила /Для Японского транслитерация катаканой,Правила ,0,,,,
1249,"Правила /Если в названии есть общипринятые термины типа Восточная, Западная, Европа, Америка и тд - Неоригинальную часть переводить, остальную транслитерировать с легкой шлифовкой по необходимости.",Правила ,0,,,,
1250,Правила /Для Китайского и Корейского фонетическая транслитерация иероглифами.,Правила ,0,,,,
1251,Правила /Для Японского транслитерация катаканой,Правила ,0,,,,
1252,"Правила /Если в названии есть общипринятые термины типа Восточная, Западная, Европа, Америка и тд - Неоригинальную часть переводить, остальную транслитерировать с легкой шлифовкой по необходимости.",Правила ,0,,,,
1253,Правила /Для Китайского и Корейского фонетическая транслитерация иероглифами.,Правила ,0,,,,
1254,Правила /Для Японского транслитерация катаканой,Правила ,0,,,,
1255,"Правила /Если в названии есть общипринятые термины типа Восточная, Западная, Европа, Америка и тд - Неоригинальную часть переводить, остальную транслитерировать с легкой шлифовкой по необходимости.",Правила ,0,,,,
1256,Dialogue/Conversation/93/Entry/1/Dialogue Text,Dialogue,0,Реплика грибника,"Step it up, man, I'm in a rush.",,
1257,Правила /Для Китайского и Корейского фонетическая транслитерация иероглифами.,Правила ,0,,,,
1258,Правила /Для Японского транслитерация катаканой,Правила ,0,,,,
1259,"Правила /Если в названии есть общипринятые термины типа Восточная, Западная, Европа, Америка и тд - Неоригинальную часть переводить, остальную транслитерировать с легкой шлифовкой по необходимости.",Правила ,0,,,,
1260,Dialogue/Conversation/95/Entry/1/Dialogue Text,Dialogue,0,Реплика взрывной головы,Hi! I strongly advise against doing an MRI of the bones.,,
1261,Правила /Для Китайского и Корейского фонетическая транслитерация иероглифами.,Правила ,0,,,,
1262,Правила /Для Японского транслитерация катаканой,Правила ,0,,,,
1263,"Правила /Если в названии есть общипринятые термины типа Восточная, Западная, Европа, Америка и тд - Неоригинальную часть переводить, остальную транслитерировать с легкой шлифовкой по необходимости.",Правила ,0,,,,
1264,Dialogue/Conversation/97/Entry/1/Dialogue Text,Dialogue,0,Реплика острых костей,"Check whatever you want, but don't touch my soul.",,
1265,Правила /Для Китайского и Корейского фонетическая транслитерация иероглифами.,Правила ,0,,,,
1266,Правила /Для Японского транслитерация катаканой,Правила ,0,,,,
1267,"Правила /Если в названии есть общипринятые термины типа Восточная, Западная, Европа, Америка и тд - Неоригинальную часть переводить, остальную транслитерировать с легкой шлифовкой по необходимости.",Правила ,0,,,,
1268,UI/MoodCalm,UI,0,,Calm,,
1269,UI/MoodNervous,UI,0,,Nervous,,
1270,UI/MoodWithdrawn,UI,0,,Withdrawn,,
1271,UI/MoodParanoid,UI,0,,Paranoid,,
1272,UI/MoodBreakup,UI,0,,Broken,,
1273,UI/MoodDead,UI,0,,Dead,,
1274,UI/RemoveBody,UI,0,,Remove body,,
1275,Dialogue/Conversation/100/Entry/1/Dialogue Text,Dialogue,0,Реплика окаменение,I hope there won't be any flashing lights- I can't stand them!,,
1276,Dialogue/Conversation/101/Entry/1/Dialogue Text,Dialogue,0,Реплика при запуске события окаменения,What have you done?!,,
1277,Hints/IsoStatusRed,Hints,0,,There's an emergency in the isolation ward. Guest interaction and cultural events are unavailable. Please come back tomorrow!,,
1278,Правила /Для Китайского и Корейского фонетическая транслитерация иероглифами.,Правила ,0,,,,
1279,Правила /Для Японского транслитерация катаканой,Правила ,0,,,,
1280,"Правила /Если в названии есть общипринятые термины типа Восточная, Западная, Европа, Америка и тд - Неоригинальную часть переводить, остальную транслитерировать с легкой шлифовкой по необходимости.",Правила ,0,,,,
1281,CoordinatorReplics/CR_EventBombist_001,CoordinatorReplics,0,,#N/A,,
1282,CoordinatorReplics/CR_EventBombist_002,CoordinatorReplics,0,,#N/A,,
1283,CoordinatorReplics/CR_EventBombist_003,CoordinatorReplics,0,,#N/A,,
1284,CoordinatorReplics/CR_EventBombistIsolated_001,CoordinatorReplics,0,,#N/A,,
1285,CoordinatorReplics/CR_EventBombistIsolated_002,CoordinatorReplics,0,,#N/A,,
1286,CoordinatorReplics/CR_EventBombistIsolated_003,CoordinatorReplics,0,,#N/A,,
1287,Правила /Для Китайского и Корейского фонетическая транслитерация иероглифами.,Правила ,0,,,,
1288,Правила /Для Японского транслитерация катаканой,Правила ,0,,,,
1289,"Правила /Если в названии есть общипринятые термины типа Восточная, Западная, Европа, Америка и тд - Неоригинальную часть переводить, остальную транслитерировать с легкой шлифовкой по необходимости.",Правила ,0,,,,
1290,Dialogue/Conversation/106/Entry/1/Dialogue Text,Dialogue,0,Реплика приветствия Volvox,Can we please skip the organ scan? It makes me sick to my stomach.,,
1291,Правила /Для Китайского и Корейского фонетическая транслитерация иероглифами.,Правила ,0,,,,
1292,Правила /Для Японского транслитерация катаканой,Правила ,0,,,,
1293,"Правила /Если в названии есть общипринятые термины типа Восточная, Западная, Европа, Америка и тд - Неоригинальную часть переводить, остальную транслитерировать с легкой шлифовкой по необходимости.",Правила ,0,,,,
1294,UI/TimeOutTransport,UI,0,,,,
1295,UI/TimeBonus,UI,0,,Speed bonus:,,
1296,Правила /Для Китайского и Корейского фонетическая транслитерация иероглифами.,Правила ,0,,,,
1297,Правила /Для Японского транслитерация катаканой,Правила ,0,,,,
1298,"Правила /Если в названии есть общипринятые термины типа Восточная, Западная, Европа, Америка и тд - Неоригинальную часть переводить, остальную транслитерировать с легкой шлифовкой по необходимости.",Правила ,0,,,,
1299,UI/EndDayProblemPenalty,UI,0,,Infected released into the city:,,
1300,UI/DemoEnd1,UI,0,,OPERATION SECURITY 51 REPORT (INTRODUCTORY PERIOD),,
1301,UI/DemoEnd2,UI,0,,"The biological threat has been eliminated. The countermeasures you've implemented destroyed the pathogen before it could escape the quarantine zone.

 Collateral damage and personnel casualties are deemed allowable. Result rating: ACCEPTABLE.

 HOWEVER: The ""cure"" you used has itself become a new threat. You will learn further about what other anomalies you will have to deal with to keep the situation under control. This concludes your introductory shift.",,
1302,UI/DemoEnd3,UI,0,,"MANAGEMENT NOTE:
 Dear Employee, thank you for completing the demo! The full version will feature new threats and consequences for your decisions.
 Please apply for a permanent position and file a violations report.",,
1303,UI/IsolAlarm,UI,0,,ALARM,,
1304,Events_For_Stats/Melting,Events_For_Stats,0,,Floor is stained with a skin-like substance,,
1305,Events_For_Stats/Ninja_kill,Events_For_Stats,0,,Body parts packaged separately,,
1306,Events_For_Stats/Katana_Lift,Events_For_Stats,0,,Elevator damaged by a blade of unidentified material,,
1307,Events_For_Stats/MonstTentacles_Lift,Events_For_Stats,0,,Unidentified life form damaged the elevator,,
1308,Events_For_Stats/,Events_For_Stats,0,,,,
1309,Hints/Tutor_066,Hints,0,,This is a 24-hour clock. The hand shows the time. The green sector indicates your shift. The length of the shift may vary from day to day.,,
1310,Hints/Tutor_067,Hints,0,,"During your shift, you must check everyone going in and out. If you manage to do it before the end of the shift, you'll get a bonus. If you don't check someone or leave them waiting for the elevator, you'll be fined.",,
1311,Hints/Tutor_068,Hints,0,,"The number of people remaining for the day is shown on your monitor, with those already waiting for the elevator in square brackets.",,
1312,CoordinatorReplics/CR_StoryModeInstructions_007.1,CoordinatorReplics,0,Куратор,"All right. And keep in mind, yesterday was just a simulation.",,
1313,CoordinatorReplics/CR_StoryModeInstructions_007.2,CoordinatorReplics,0,Охранник,WHAT?!,,
1314,CoordinatorReplics/CR_StoryModeInstructions_007.3,CoordinatorReplics,0,Куратор,You don't want to know the details. Just remember: time is finite.,,
1315,CoordinatorReplics/CR_StoryModeInstructions_007.4,CoordinatorReplics,0,Охранник,Time... That's right! It did feel weird that yesterday flew by so quickly... So it wasn't even real!,,
1316,CoordinatorReplics/CR_StoryModeInstructions_007.5,CoordinatorReplics,0,Охранник,"Well, even if the work was a sim, the money I got for it was real.",,
1317,CoordinatorReplics/CR_StoryModeInstructions_007.6,CoordinatorReplics,0,Куратор,"That's the right attitude. We pay you for your work, not for your questions.",,
1318,CoordinatorReplics/CR_StoryModeInstructions_007.7,CoordinatorReplics,0,Куратор,"And if you complete it earlier than planned, you will get a bonus.",,
1319,CoordinatorReplics/CR_StoryModeInstructions_007.8,CoordinatorReplics,0,Охранник,You should have led with that! Gotcha.,,
1320,CoordinatorReplics/CR_StoryModeInstructions_007.9,CoordinatorReplics,0,Куратор,"Good, that's the spirit. Have a productive day.",,
1321,Правила /Для Китайского и Корейского фонетическая транслитерация иероглифами.,Правила ,0,,,,
1322,Правила /Для Японского транслитерация катаканой,Правила ,0,,,,
1323,"Правила /Если в названии есть общипринятые термины типа Восточная, Западная, Европа, Америка и тд - Неоригинальную часть переводить, остальную транслитерировать с легкой шлифовкой по необходимости.",Правила ,0,,,,
1324,Правила /Для Китайского и Корейского фонетическая транслитерация иероглифами.,Правила ,0,,,,
1325,Правила /Для Японского транслитерация катаканой,Правила ,0,,,,
1326,"Правила /Если в названии есть общипринятые термины типа Восточная, Западная, Европа, Америка и тд - Неоригинальную часть переводить, остальную транслитерировать с легкой шлифовкой по необходимости.",Правила ,0,,,,
1327,Правила /Для Китайского и Корейского фонетическая транслитерация иероглифами.,Правила ,0,,,,
1328,Правила /Для Японского транслитерация катаканой,Правила ,0,,,,
1329,"Правила /Если в названии есть общипринятые термины типа Восточная, Западная, Европа, Америка и тд - Неоригинальную часть переводить, остальную транслитерировать с легкой шлифовкой по необходимости.",Правила ,0,,,,
1330,Правила /Для Китайского и Корейского фонетическая транслитерация иероглифами.,Правила ,0,,,,
1331,Правила /Для Японского транслитерация катаканой,Правила ,0,,,,
1332,"Правила /Если в названии есть общипринятые термины типа Восточная, Западная, Европа, Америка и тд - Неоригинальную часть переводить, остальную транслитерировать с легкой шлифовкой по необходимости.",Правила ,0,,,,
1333,Правила /Для Китайского и Корейского фонетическая транслитерация иероглифами.,Правила ,0,,,,
1334,Правила /Для Японского транслитерация катаканой,Правила ,0,,,,
1335,"Правила /Если в названии есть общипринятые термины типа Восточная, Западная, Европа, Америка и тд - Неоригинальную часть переводить, остальную транслитерировать с легкой шлифовкой по необходимости.",Правила ,0,,,,
1336,Правила /Для Китайского и Корейского фонетическая транслитерация иероглифами.,Правила ,0,,,,
1337,Правила /Для Японского транслитерация катаканой,Правила ,0,,,,
1338,"Правила /Если в названии есть общипринятые термины типа Восточная, Западная, Европа, Америка и тд - Неоригинальную часть переводить, остальную транслитерировать с легкой шлифовкой по необходимости.",Правила ,0,,,,
1339,UI/GameOverTip_1,UI,0,,"An unknown disease struck the entire city, and it was destroyed. (Conducting regular operations in the city could have helped prevent this)",,
1340,UI/GameOverTip_2,UI,0,,"You died of starvation. (To satisfy hunger, you must buy food from the shop at the end of the day)",,
1341,UI/GameOverTip_3,UI,0,,"You died of stress. (To restore sanity, you must buy sedatives or food from the shop at the end of the day)",,
1342,UI/GameOverTip_4,UI,0,,"You defeated the unknown disease with a special fungus. Though, this led to a zombie apocalypse. Oops. (You did everything right, sometimes the solution just becomes a new problem)",,
1343,UI/GameOverTip_5,UI,0,,"You defeated the unknown disease with another infectious disease. What could go wrong? (You did everything right, sometimes the solution just becomes a new problem)",,
1344,UI/GameOverTip_6,UI,0,,"You defeated the unknown disease with the help of alien technology. Now, the owners of this technology have returned. With ""special"" probes. (You did everything right, sometimes the solution just becomes a new problem)",,
1345,UI/GameOverTip_7,UI,0,,"You were killed by an aggressive visitor. (In your next life, be more careful: if you see something dangerous, do not touch or provoke it!)",,
1346,Правила /Для Китайского и Корейского фонетическая транслитерация иероглифами.,Правила ,0,,,,
1347,Правила /Для Японского транслитерация катаканой,Правила ,0,,,,
1348,"Правила /Если в названии есть общипринятые термины типа Восточная, Западная, Европа, Америка и тд - Неоригинальную часть переводить, остальную транслитерировать с легкой шлифовкой по необходимости.",Правила ,0,,,,
1349,Правила /Для Китайского и Корейского фонетическая транслитерация иероглифами.,Правила ,0,,,,
1350,Правила /Для Японского транслитерация катаканой,Правила ,0,,,,
1351,"Правила /Если в названии есть общипринятые термины типа Восточная, Западная, Европа, Америка и тд - Неоригинальную часть переводить, остальную транслитерировать с легкой шлифовкой по необходимости.",Правила ,0,,,,
1352,UI/StartDay,UI,0,,Start Shift,,
1353,Правила /Для Китайского и Корейского фонетическая транслитерация иероглифами.,Правила ,0,,,,
1354,Правила /Для Японского транслитерация катаканой,Правила ,0,,,,
1355,"Правила /Если в названии есть общипринятые термины типа Восточная, Западная, Европа, Америка и тд - Неоригинальную часть переводить, остальную транслитерировать с легкой шлифовкой по необходимости.",Правила ,0,,,,
1356,Правила /Для Китайского и Корейского фонетическая транслитерация иероглифами.,Правила ,0,,,,
1357,Правила /Для Японского транслитерация катаканой,Правила ,0,,,,
1358,"Правила /Если в названии есть общипринятые термины типа Восточная, Западная, Европа, Америка и тд - Неоригинальную часть переводить, остальную транслитерировать с легкой шлифовкой по необходимости.",Правила ,0,,,,
1359,Правила /Для Китайского и Корейского фонетическая транслитерация иероглифами.,Правила ,0,,,,
1360,Правила /Для Японского транслитерация катаканой,Правила ,0,,,,
1361,"Правила /Если в названии есть общипринятые термины типа Восточная, Западная, Европа, Америка и тд - Неоригинальную часть переводить, остальную транслитерировать с легкой шлифовкой по необходимости.",Правила ,0,,,,
1362,Правила /Для Китайского и Корейского фонетическая транслитерация иероглифами.,Правила ,0,,,,
1363,Правила /Для Японского транслитерация катаканой,Правила ,0,,,,
1364,"Правила /Если в названии есть общипринятые термины типа Восточная, Западная, Европа, Америка и тд - Неоригинальную часть переводить, остальную транслитерировать с легкой шлифовкой по необходимости.",Правила ,0,,,,
1365,Правила /Для Китайского и Корейского фонетическая транслитерация иероглифами.,Правила ,0,,,,
1366,Правила /Для Японского транслитерация катаканой,Правила ,0,,,,
1367,"Правила /Если в названии есть общипринятые термины типа Восточная, Западная, Европа, Америка и тд - Неоригинальную часть переводить, остальную транслитерировать с легкой шлифовкой по необходимости.",Правила ,0,,,,
1368,Dialogue/Conversation/108/Entry/1/Dialogue Text,Dialogue,0,Реплика TrainA,"I'm in a hurry, let's skip the formalities!",,
1369,Dialogue/Conversation/108/Entry/2/Dialogue Text,Dialogue,0,Реплика TrainA,"Running late for a train, are you?",,
1370,Dialogue/Conversation/108/Entry/3/Dialogue Text,Dialogue,0,Реплика TrainA,"The other way around! Hey, no photos!",,
1371,Dialogue/EventTrainA,Dialogue,0,Ивентовая реплика TrainA,"I have to run, I have to run!!!",,
1372,Правила /Для Китайского и Корейского фонетическая транслитерация иероглифами.,Правила ,0,,,,
1373,Правила /Для Японского транслитерация катаканой,Правила ,0,,,,
1374,"Правила /Если в названии есть общипринятые термины типа Восточная, Западная, Европа, Америка и тд - Неоригинальную часть переводить, остальную транслитерировать с легкой шлифовкой по необходимости.",Правила ,0,,,,
1375,UI/Shop_Max,UI,0,,MAX.,,
1376,Dialogue/Conversation/110/Entry/1/Dialogue Text,Dialogue,0,Ивент карликов,"George, they made us! Let's book it!",,
1377,Dialogue/Conversation/113/Entry/1/Dialogue Text,Dialogue,0,Привет Venom'a,"Hey, don't you try using those fancy gadgets to look under my clothes! Or deeper.",,
1378,Правила /Для Китайского и Корейского фонетическая транслитерация иероглифами.,Правила ,0,,,,
1379,Правила /Для Японского транслитерация катаканой,Правила ,0,,,,
1380,"Правила /Если в названии есть общипринятые термины типа Восточная, Западная, Европа, Америка и тд - Неоригинальную часть переводить, остальную транслитерировать с легкой шлифовкой по необходимости.",Правила ,0,,,,
1381,Правила /Для Китайского и Корейского фонетическая транслитерация иероглифами.,Правила ,0,,,,
1382,Правила /Для Японского транслитерация катаканой,Правила ,0,,,,
1383,"Правила /Если в названии есть общипринятые термины типа Восточная, Западная, Европа, Америка и тд - Неоригинальную часть переводить, остальную транслитерировать с легкой шлифовкой по необходимости.",Правила ,0,,,,
1384,Hints/Tutor_069,Hints,0,,Open the camera box,,
1385,Правила /Для Китайского и Корейского фонетическая транслитерация иероглифами.,Правила ,0,,,,
1386,Правила /Для Японского транслитерация катаканой,Правила ,0,,,,
1387,"Правила /Если в названии есть общипринятые термины типа Восточная, Западная, Европа, Америка и тд - Неоригинальную часть переводить, остальную транслитерировать с легкой шлифовкой по необходимости.",Правила ,0,,,,
1388,UI/LiftCam_Notify,UI,0,"Сообщение о том, что лифт в движении",Unavailable now,,
1389,UI/LiftCam_OpenDoors,UI,0,Открыть двери,Open doors,,
1390,UI/LiftCam_GoDown,UI,0,Отправить вниз,Send down,,
1391,UI/LiftCam_TakeAction,UI,0,Принять меры,Take action,,
1392,UI/LiftCam_Isolate,UI,0,Изолировать,Isolate,,
1393,UI/LiftCam_Exterminate,UI,0,Уничтожить,Exterminate,,
1394,UI/LiftCam_Release,UI,0,Выпустить (наверху),Let out,,
1395,UI/LiftCam_LetGoDown,UI,0,Пропустить (вниз),Let in,,
1396,Правила /Для Китайского и Корейского фонетическая транслитерация иероглифами.,Правила ,0,,,,
1397,Правила /Для Японского транслитерация катаканой,Правила ,0,,,,
1398,"Правила /Если в названии есть общипринятые термины типа Восточная, Западная, Европа, Америка и тд - Неоригинальную часть переводить, остальную транслитерировать с легкой шлифовкой по необходимости.",Правила ,0,,,,
1399,UI/Print,UI,0,,Print,,
1400,UI/LiftCam_MovNotify,UI,0,,The elevator is moving. You have to wait until it stops.,,
1401,UI/LiftCam_PassNotify,UI,0,,Passengers are entering or exiting the elevator. You have to wait for them to finish.,,
1402,Dialogue/Conversation/115/Entry/1/Dialogue Text,Dialogue,0,"Реплика, что идет печать",Printing in progress,,
1403,Dialogue/Conversation/116/Entry/1/Dialogue Text,Dialogue,0,"Реплика, что такую справку уже печатали",I have already printed out this one,,
1404,Doc_Loc/MicroTypeOrg,Doc_Loc,0,,Organoid,,
1405,Doc_Loc/MicroTypeParasy,Doc_Loc,0,,Parasite,,
1406,Doc_Loc/MicroWarn0,Doc_Loc,0,,0 (Nominal),,
1407,Doc_Loc/MicroWarn1,Doc_Loc,0,,1 (Atypical activity),,
1408,Doc_Loc/MicroWarn2,Doc_Loc,0,,2 (Potential threat),,
1409,Doc_Loc/MicroWarn3,Doc_Loc,0,,3 (Biohazard),,
1410,Doc_Loc/MicroWarn4,Doc_Loc,0,,4 (Aggressive pathogen),,
1411,Doc_Loc/MicroWarn5,Doc_Loc,0,,5 (Critical infection),,
1412,Doc_Loc/MicroWarn6,Doc_Loc,0,,6 ([CLASSIFIED]-class threat),,
1413,Doc_Loc/MicroErytName,Doc_Loc,0,,Erythrocytus Vulgaris,,
1414,Doc_Loc/MicroPacmanName,Doc_Loc,0,,Macrophagus Pakumanii,,
1415,Doc_Loc/MicroVerorbName,Doc_Loc,0,,Vermis Orbitans,,
1416,Doc_Loc/MicroErytDesc,Doc_Loc,0,,A standard human red blood cell. Responsible for transporting oxygen through the body's tissue.,,
1417,Doc_Loc/MicroPacmanDesc,Doc_Loc,0,,A spherical microorganism. Distinguished by an abnormally wide mouth opening. Causes rapid cellular anemia.,,
1418,Doc_Loc/MicroVerorbDesc,Doc_Loc,0,,"An elongated, thread-like parasite. It does not attack cells directly but drains nutrients from a distance, depleting the cell until it disintegrates completely.",,
1419,Правила /Для Китайского и Корейского фонетическая транслитерация иероглифами.,Правила ,0,,,,
1420,Правила /Для Японского транслитерация катаканой,Правила ,0,,,,
1421,"Правила /Если в названии есть общипринятые термины типа Восточная, Западная, Европа, Америка и тд - Неоригинальную часть переводить, остальную транслитерировать с легкой шлифовкой по необходимости.",Правила ,0,,,,
1422,NewsAndReports/,NewsAndReports,0,,,,
1423,NewsAndReports/RepHeader,NewsAndReports,0,Заголовок будет отрисован,Report,,
1424,NewsAndReports/RepDefault,NewsAndReports,0,,"The experiment proceeded normally, and no significant events were observed.",,
1425,NewsAndReports/RepNoExp,NewsAndReports,0,,No experiments were conducted yesterday. Please note: the downtime of multifunctional isolation units may lead to adverse long-term consequences.,,
1426,NewsAndReports/RepNoAnomaliesChars,NewsAndReports,0,,The test subjects displayed no reaction to the experiment. We recommend introducing a different lineup. The method of removing current subjects remains at the discretion of the authorized person.,,
1427,NewsAndReports/RepEmptyIsoExp,NewsAndReports,0,,"Conducting an experiment in an empty isolation ward confirmed the hypothesis about the absence of invisible people, objects, otherworldly entities, and other imperceptible phenomena inside.",,
1428,NewsAndReports/RepUnlockHeader,NewsAndReports,0,,New operations available:,,
1429,NewsAndReports/RandomNews_1,NewsAndReports,0,,GOJO SATORU ARRIVED IN SHIBUYA,,
1430,NewsAndReports/RandomNews_2,NewsAndReports,0,,SECOND SOCK LOCATED BY INVESTIGATORS,,
1431,NewsAndReports/RepRubberDuck_Normal,NewsAndReports,0,,The exposure experiment proceeded as planned. The yellow color and shape of the object are believed to have a positive effect on the subjects' hormonal levels and mood.,,
1432,NewsAndReports/RepDisco_Normal,NewsAndReports,0,,The acoustic test yielded significant results: [redacted]. The subject's seven attempts to initiate a dance sequence during the experiment were decisively suppressed.,,
1433,NewsAndReports/RepTesla_Normal,NewsAndReports,0,,"The experimental energy node elicited mixed reactions in the subjects. Spikes of activity across different brain regions, as well as increased motor function, were registered.",,
1434,NewsAndReports/RepPurpleFog_Normal,NewsAndReports,0,,"The experiment on long-term inhalation of the Lilac-8 gas was considered a success, despite the following observed side effects: cough, confusion, dizziness, itching, hallucinations, shortness of breath, weakness, panic attacks, bleeding from [redacted], tinnitus, grogginess, paranoid psychosis, swelling of the legs, aching joints, and flatulence.",,
1435,NewsAndReports/RepDigits_Normal,NewsAndReports,0,,"The arithmetic test revealed the following pattern: prolonged staring at numbers triggers migraines and a persistent aversion to algebra in subjects. For further experiments, five-minute breaks involving exposure to music tracks or short-form videos are strongly recommended.",,
1436,NewsAndReports/RepWater_Normal,NewsAndReports,0,,The experiment revealed the following pattern: prolonged exposure of subjects to water spraying in a confined space resulted in the subjects becoming very wet in the vast majority of cases.,,
1437,NewsAndReports/RepHot_Normal,NewsAndReports,0,,"The experiment revealed the following: prolonged stay in a confined space with an elevated temperature triggers profuse sweating in subjects. For further experiments, we recommend supplying subjects with deodorant in advance.",,
1438,NewsAndReports/RepCold_Normal,NewsAndReports,0,,"The experiment involving a prolonged stay in a low-temperature environment revealed the following reactions in subjects: chills, loud chattering of teeth, shrinking, convulsive rubbing of the body with the palms of the hands, unflattering comments about the management of [redacted], and demands to provide warm clothing and hot drinks (obviously ignored).",,
1439,NewsAndReports/RepUVLight_Normal,NewsAndReports,0,,"The experiment involving prolonged exposure to Quartz-12 lamps showed no significant changes in the subjects' health, either physical or mental. For further experiments, we recommend testing Quartz-12M, Quartz-9, Quartz-6/7, and Quartz-21 lamps.",,
1440,NewsAndReports/RepCharDead_AlienTech,NewsAndReports,0,,Subject [redacted] committed the unauthorized dissection of the carotid arteries during the experiment.,,
1441,NewsAndReports/RepCharDead_Fungus,NewsAndReports,0,,"Subject [redacted] complained of feeling unwell during the experiment, after which he suddenly died and became fungified.",,
1442,NewsAndReports/RepCharDead_Parasite,NewsAndReports,0,,"During the experiment, subject [redacted] developed a severe allergic reaction that resulted in disfigurement and death.",,
1443,NewsAndReports/RepCharBreak_Fungoid,NewsAndReports,0,,"During the experiment, subject [redacted] lost consciousness, fell to the floor, and experienced tonic seizures. Three minutes and twenty seconds later, he rose to his feet and attacked [redacted]. Personnel were ordered not to interfere. Subsequently, [redacted]...bodies were piled in a heap in the center of the room. Two hours later, unidentified luminescent fungi began to sprout through the bodies. It is recommended that the isolation ward be cleaned and treated with chemicals according to Form 10-14.",,
1444,NewsAndReports/RepCharBreak_AlienTech,NewsAndReports,0,,"Subject [redacted] has undergone spontaneous mutation. Body elongation, changes to tissue structure, skin growths, and altered consciousness were observed. During the transformation, the subject attacked and absorbed [redacted]. You are ordered to study the subject for 24 hours, followed by termination. Exercise extreme caution.",,
1445,NewsAndReports/RepCharBreak_Parasite,NewsAndReports,0,,The isolation ward is filled with organs and tissues that spontaneously grew out of subject [redacted]'s body. The subject supposedly retains formal signs of life. Recommended course of action: collect a histological specimen and conduct thermal treatment of the isolation ward.,,
1446,NewsAndReports/RepCons_BigDuck,NewsAndReports,0,,"During the experiment, the DUCC object spontaneously expanded to a critical size. Avoid using sharp objects during cleanup to prevent a potentially dangerous explosion.",,
1447,NewsAndReports/RepCons_BigTesla,NewsAndReports,0,,"During the experiment, the Tesla Globe overloaded, triggering a phenomenon known as a ""resonance cascade."" Perform cleanup using Barrier-114 protective suits.",,
1448,NewsAndReports/RepCons_Bio,NewsAndReports,0,,"Due to an experiment-induced ""avalanche"" of mutations and uncontrolled growth of biological tissue, the isolation ward is temporarily unavailable for new subjects and experiments. An emergency biohazard response team has been called to perform cleanup after hours.",,
1449,NewsAndReports/RepCons_Ice,NewsAndReports,0,,"During the experiment, a failure occurred in the cooling unit's control module, resulting in shock cooling of the isolation ward and the formation of large icicles. We recommend using the Cyclops laser system to fix the issue. Exercise caution.",,
1450,NewsAndReports/RepCons_Macabre,NewsAndReports,0,,"The acoustic test using phonograph records found in the [redacted]...mansion resulted in the painful death of the subjects, with the formation of post-mortem shadow projections. It is strictly prohibited to interrupt the music until it finishes playing on its own and the projections fade.",,
1451,NewsAndReports/RepCons_Mist,NewsAndReports,0,,"Due to an equipment failure, the experimental gas Lilac-8 was injected at a concentration 47 times higher than intended. The test subjects are confirmed dead. The origin, nature, and intentions of the creatures observed in the isolation ward are unknown. A request has been sent to COMCON-1. Please stand by.",,
1452,NewsAndReports/RepCons_Cube,NewsAndReports,0,,"During the experiment, the subjects were spontaneously transported to an unknown point in space. This ejection point is presumably located outside the solar system. The nature of the cubic object that appeared in the isolation ward the moment the subjects disappeared is subject to investigation under the Horizon-97 protocol.",,
1453,NewsAndReports/RepCons_Shrooms,NewsAndReports,0,,The explosive growth of fungi has been detected in the isolation ward. This is presumably due to the significant increase in humidity and the presence of the necessary nutrients in the test subjects' bodies. It is recommended that spore samples be collected and the ward purged.,,
1454,NewsAndReports/RepCons_Plant,NewsAndReports,0,,"For reasons unknown, a seed of the Marsian Mantrapper plant was present inside the isolation ward during the experiment. Exposure to quartz lamplight triggered a growth phase that lasted a record-breaking 7.5 minutes, after which the plant entered protein-diet mode. We recommend moving the plant to [redacted] while observing all necessary safety protocols.",,
1455,NewsAndReports/RepCons_Ducks,NewsAndReports,0,,"During the experiment, spontaneous transformations of subjects to mimic the exposed object were observed. The causes, as with Event [redacted], are unknown. All available tests must be performed. Subjects are to be moved to [redacted] for long-term storage.",,
1456,NewsAndReports/RepCons_Mannequin,NewsAndReports,0,,"During the experiment, a brief blackout was recorded, during which objects visually identical to mannequins were moved into the isolation ward. The status of the test subjects is unknown. A detailed study of the objects is required, after which a decision will be made about their disposal or storage at [redacted] or [redacted].",,
1457,NewsAndReports/RepCons_LightningBall,NewsAndReports,0,,"During the experiment, a momentary voltage surge occurred in the Tesla Globe circuit, resulting in the destruction of the stabilizing coils, a breach in the insulating dome, and the subsequent uncontrolled release of the energy sphere into the isolation ward. Contact with the energy sphere must be avoided until it has discharged naturally.",,
1458,NewsAndReports/RepCons_FireTornado,NewsAndReports,0,,"During the experiment, thermal vortices of unknown origin formed. A detailed study of this phenomenon and its subsequent elimination is required. When collecting the remains of the test subjects, make sure to avoid dispersing or mixing them.",,
1459,NewsAndReports/RepCons_Petrified,NewsAndReports,0,,"The experiment was interrupted due to the petrification of the subjects. According to the lab technician on duty, the culprit was, quote, ""some kind of magic man in a robe, shouting 'petrificus' and shooting bright beams from his wand."" Before sending the subjects to [redacted], all necessary tests (including blood and drug screening for the technician) must be performed.",,
1460,NewsAndReports/RepCons_Agent,NewsAndReports,0,,Warning: The arithmetic test triggered the activation of a sleeper agent (subject under the fictitious name [redacted])! A neuroprogrammer from Section 48-91 of the Orwellian Foreign Intelligence Service is suspected of being involved. You are to exercise extreme caution until security eliminates the agent.,,
1461,NewsAndReports/RepCons_NightLongKnives,NewsAndReports,0,,"During the experiment, a conflict arose among the subjects over a discussion of recent sporting events. The research team made the decision not to involve security and continued the experiment. The conflict quickly escalated into a violent brawl, resulting in the death of all subjects from their injuries.",,
1462,Правила /Для Китайского и Корейского фонетическая транслитерация иероглифами.,Правила ,0,,,,
1463,Правила /Для Японского транслитерация катаканой,Правила ,0,,,,
1464,"Правила /Если в названии есть общипринятые термины типа Восточная, Западная, Европа, Америка и тд - Неоригинальную часть переводить, остальную транслитерировать с легкой шлифовкой по необходимости.",Правила ,0,,,,
1465,Правила /Для Китайского и Корейского фонетическая транслитерация иероглифами.,Правила ,0,,,,
1466,Правила /Для Японского транслитерация катаканой,Правила ,0,,,,
1467,"Правила /Если в названии есть общипринятые термины типа Восточная, Западная, Европа, Америка и тд - Неоригинальную часть переводить, остальную транслитерировать с легкой шлифовкой по необходимости.",Правила ,0,,,,
1468,NewsAndReports/RandomNews_3,NewsAndReports,0,,MYSTERIOUS DISAPPEARANCE IN AN OLD MANSION,,
1469,NewsAndReports/HeadlinerNews_Desease1,NewsAndReports,0,,THREE THOUSAND PEOPLE MANIFEST SYMPTOMS OF AN UNKNOWN DISEASE,,
1470,NewsAndReports/HeadlinerNews_Day1,NewsAndReports,0,,MAN MIRACULOUSLY SURVIVES ENCOUNTER WITH PHANTOM HOUND,,
1471,NewsAndReports/RepAfterRedStatus1,NewsAndReports,0,,"The consequences of the incident in the isolation ward have been successfully eliminated. During the cleanup, [redacted] occurred, as a result of which junior employee [redacted] was hospitalized with moderate injury. The isolation ward is now fully functional.",,
1472,Правила /Для Китайского и Корейского фонетическая транслитерация иероглифами.,Правила ,0,,,,
1473,Правила /Для Японского транслитерация катаканой,Правила ,0,,,,
1474,"Правила /Если в названии есть общипринятые термины типа Восточная, Западная, Европа, Америка и тд - Неоригинальную часть переводить, остальную транслитерировать с легкой шлифовкой по необходимости.",Правила ,0,,,,
1475,Правила /Для Китайского и Корейского фонетическая транслитерация иероглифами.,Правила ,0,,,,
1476,Правила /Для Японского транслитерация катаканой,Правила ,0,,,,
1477,"Правила /Если в названии есть общипринятые термины типа Восточная, Западная, Европа, Америка и тд - Неоригинальную часть переводить, остальную транслитерировать с легкой шлифовкой по необходимости.",Правила ,0,,,,
1478,Hints/Tutor_070,Hints,0,,Select what to do with the character,,
1479,Правила /Для Китайского и Корейского фонетическая транслитерация иероглифами.,Правила ,0,,,,
1480,Правила /Для Японского транслитерация катаканой,Правила ,0,,,,
1481,"Правила /Если в названии есть общипринятые термины типа Восточная, Западная, Европа, Америка и тд - Неоригинальную часть переводить, остальную транслитерировать с легкой шлифовкой по необходимости.",Правила ,0,,,,
1482,NewsAndReports/RandomNews_4,NewsAndReports,0,,Who Turned Off The Moon? Scientists Are Baffled!,,
1483,NewsAndReports/RandomNews_5,NewsAndReports,0,,Radio Waves Change Memories. Remember This!,,
1484,NewsAndReports/RandomNews_6,NewsAndReports,0,,Tunnels Found Beneath The City. Where Do They Lead?,,
1485,NewsAndReports/RandomNews_7,NewsAndReports,0,,Sociological Survey Showed: It Was Potatoes After All!,,
1486,NewsAndReports/RandomNews_8,NewsAndReports,0,,Cameras Looking In — A New Invention!,,
1487,NewsAndReports/RandomNews_9,NewsAndReports,0,,The Secret Department Is Here! Nobody Knows Why...,,
1488,NewsAndReports/RandomNews_10,NewsAndReports,0,,The Truth About Garden Gnomes Is Classified Again!,,
1489,NewsAndReports/RandomNews_11,NewsAndReports,0,,Suspect Your Neighbor Of Spying? Keep An Eye Out!,,
1490,NewsAndReports/RandomNews_12,NewsAndReports,0,,Authorities Are Hiding The Second Dawn!,,
1491,NewsAndReports/RandomNews_13,NewsAndReports,0,,Do Not Feed Antennas! Wear Tinfoil Hats!,,
1492,NewsAndReports/RandomNews_14,NewsAndReports,0,,Mushroom Cult: Fact Or Fiction?,,
1493,NewsAndReports/RandomNews_15,NewsAndReports,0,,Mushrooms Demand Silence! Read Full Ranger Account,,
1494,NewsAndReports/RandomNews_16,NewsAndReports,0,,Record Chickpea Harvest! Count Your Chicks And Peas!,,
1495,NewsAndReports/RandomNews_17,NewsAndReports,0,,Spores Spread Downtown! Be Careful Breathing!,,
1496,NewsAndReports/RandomNews_18,NewsAndReports,0,,Mycelium Defeats Concrete: An Unlikely Foreman's Story,,
1497,NewsAndReports/RandomNews_19,NewsAndReports,0,,Forest Chooses New Priests: Live Report,,
1498,NewsAndReports/RandomNews_20,NewsAndReports,0,,Do Not Eat Singing Mushrooms! New Ranger Revelations,,
1499,NewsAndReports/RandomNews_21,NewsAndReports,0,,Ranger Warns: The Great Mushroom Has Awakened...,,
1500,NewsAndReports/RandomNews_22,NewsAndReports,0,,Humanity Confirms Sentience In Mushrooms (But Not Vice Versa),,
1501,NewsAndReports/RandomNews_23,NewsAndReports,0,,Everyone Has Heard The Mushrooms Singing! A Note on Hallucinogenics,,
1502,NewsAndReports/RandomNews_24,NewsAndReports,0,,Magic Requires Batteries: A New Startup!,,
1503,NewsAndReports/RandomNews_25,NewsAndReports,0,,Bug-Free Spells! Archmage Updates The Firmware,,
1504,NewsAndReports/RandomNews_26,NewsAndReports,0,,All Runes Digitized. Is Rollback Possible?,,
1505,NewsAndReports/RandomNews_27,NewsAndReports,0,,Water Tower Connects To Wi-Fi,,
1506,NewsAndReports/RandomNews_28,NewsAndReports,0,,The Server Has Blessed The Priests. Will This Help?,,
1507,NewsAndReports/RandomNews_29,NewsAndReports,0,,Cables Are Stronger Than Amulets: More On Routing...,,
1508,NewsAndReports/RandomNews_30,NewsAndReports,0,,Technomancers Shape Fate: Fact Or Fiction?,,
1509,NewsAndReports/RandomNews_31,NewsAndReports,0,,Man Escapes Certain Death. For How Long?,,
1510,NewsAndReports/RandomNews_32,NewsAndReports,0,,Implants Are Out. What Goes In?,,
1511,NewsAndReports/RandomNews_33,NewsAndReports,0,,Robot Demands Vacation. Will It Get A Power Bank?,,
1512,NewsAndReports/RandomNews_34,NewsAndReports,0,,Do Not Trust Elevators! Seriously!,,
1513,NewsAndReports/RandomNews_35,NewsAndReports,0,,Drone Steals Pigeon. The Search Continues...,,
1514,NewsAndReports/RandomNews_36,NewsAndReports,0,,Hacker Installs Doom On A Traffic Light,,
1515,NewsAndReports/RandomNews_37,NewsAndReports,0,,Fantastic News: Cybercat Found Alive!,,
1516,NewsAndReports/RandomNews_38,NewsAndReports,0,,Brain Chips Cause Insomnia. Will An Update Help?,,
1517,NewsAndReports/RandomNews_39,NewsAndReports,0,,Clock Goes Backwards Again. What Could This Mean?,,
1518,NewsAndReports/RandomNews_40,NewsAndReports,0,,Mirrors Locked In Dispute: Who Is The Fairest Of Them All?,,
1519,NewsAndReports/RandomNews_41,NewsAndReports,0,,"Ghost Rents A Castle, Funding Sources Questioned",,
1520,NewsAndReports/RandomNews_42,NewsAndReports,0,,"Witch Opens A Pharmacy, Faces Licensing Controversy",,
1521,NewsAndReports/RandomNews_43,NewsAndReports,0,,House Disappears Overnight. Where Is It Now?,,
1522,NewsAndReports/RandomNews_44,NewsAndReports,0,,"Raven Knows The Password, But What For?",,
1523,NewsAndReports/RandomNews_45,NewsAndReports,0,,"Dreams Are Evidence, And Snoring Is Aggravating",,
1524,NewsAndReports/RandomNews_46,NewsAndReports,0,,The Ministry Of Health Approves Of Necromancy,,
1525,NewsAndReports/RandomNews_47,NewsAndReports,0,,Immortality Tax Abolished: Who Benefits?,,
1526,NewsAndReports/RandomNews_48,NewsAndReports,0,,AI Deems Ghosts Legal. What Does This Mean?,,
1527,NewsAndReports/RandomNews_49,NewsAndReports,0,,Pentagrams Are Going Digital. Why?,,
1528,NewsAndReports/RandomNews_50,NewsAndReports,0,,It's Now Official: Crypto Is Cursed,,
1529,NewsAndReports/RandomNews_51,NewsAndReports,0,,Server Off To The Astral Plane: Which Drum Can Help?,,
1530,NewsAndReports/RandomNews_52,NewsAndReports,0,,Exorcist Loses To Algorithm: New Exorcism Record,,
1531,NewsAndReports/RandomNews_53,NewsAndReports,0,,Flying Dutchman Crew Pushes Back Against Remote Work,,
1532,Rorschach/,Rorschach,0,,,,
1533,Rorschach/TestStartDialogue_1,Rorschach,0,,These blots look interesting!,,
1534,Rorschach/TestStartDialogue_2,Rorschach,0,,Did someone spill coffee here?,,
1535,Rorschach/TestStartDialogue_3,Rorschach,0,,It doesn't look like anything to me.,,
1536,Rorschach/TestStartDialogue_4,Rorschach,0,,These blots look interesting!,,
1537,Rorschach/TestStartDialogue_5,Rorschach,0,,These things creep me out...,,
1538,Rorschach/TestStartDialogue_6,Rorschach,0,,Sometimes a cigar is just a cigar...,,
1539,Rorschach/TestStartDialogue_7,Rorschach,0,,Is this some kind of contemporary art?,,
1540,Rorschach/TestStartDialogue_8,Rorschach,0,,What are these strange things?,,
1541,Rorschach/TestStartDialogue_9,Rorschach,0,,I'm not locked in here with you...,,
1542,Rorschach/TestStartDialogue_10,Rorschach,0,,These blots look like...blots!,,
1543,Rorschach/TestReplyVariant_1,Rorschach,0,,Red Bridge,,
1544,Rorschach/TestReplyVariant_2,Rorschach,0,,Blue Boat,,
1545,Rorschach/TestReplyVariant_3,Rorschach,0,,White Wolf,,
1546,Rorschach/TestReplyVariant_4,Rorschach,0,,Black Raven,,
1547,Rorschach/TestReplyVariant_5,Rorschach,0,,Green Bug,,
1548,Rorschach/TestReplyVariant_6,Rorschach,0,,Yellow House,,
1549,Rorschach/TestReplyVariant_7,Rorschach,0,,Red Flower,,
1550,Rorschach/TestReplyVariant_8,Rorschach,0,,Gray Robot,,
1551,Rorschach/TestReplyVariant_9,Rorschach,0,,Golden Throne,,
1552,Rorschach/TestReplyVariant_10,Rorschach,0,,Silver Sword,,
1553,Rorschach/TestReplyVariant_11,Rorschach,0,,Gray Blot,,
1554,Rorschach/TestReplyVariant_12,Rorschach,0,,Creepy Forest,,
1555,Rorschach/TestReplyVariant_13,Rorschach,0,,Creepy Clown,,
1556,Rorschach/TestReplyVariant_14,Rorschach,0,,Black Cat,,
1557,Rorschach/TestReplyVariant_15,Rorschach,0,,Good Man,,
1558,Rorschach/TestReplyVariant_16,Rorschach,0,,Bad Wolf,,
1559,Rorschach/TestReplyVariant_17,Rorschach,0,,Sleepy Raven,,
1560,Rorschach/TestReplyVariant_18,Rorschach,0,,Still Water,,
1561,Rorschach/TestReplyVariant_19,Rorschach,0,,Abandoned House,,
1562,Rorschach/TestReplyVariant_20,Rorschach,0,,Lonely Lighthouse,,
1563,Rorschach/TestReplyVariant_21,Rorschach,0,,Dark Castle,,
1564,Rorschach/TestReplyVariant_22,Rorschach,0,,Black Tower,,
1565,Rorschach/TestReplyVariant_23,Rorschach,0,,Gingerbread House,,
1566,Rorschach/TestReplyVariant_24,Rorschach,0,,Black Moon,,
1567,Rorschach/TestReplyVariant_25,Rorschach,0,,Yellow Cat,,
1568,Rorschach/TestReplyVariant_26,Rorschach,0,,Man in a Forest,,
1569,Rorschach/TestReplyVariant_27,Rorschach,0,,Man in Water,,
1570,Rorschach/TestReplyVariant_28,Rorschach,0,,Fish in Space,,
1571,Rorschach/TestReplyVariant_29,Rorschach,0,,White Throne,,
1572,Rorschach/TestReplyVariant_30,Rorschach,0,,Fire Spirit,,
1573,Rorschach/TestReplyVariant_31,Rorschach,0,,Honey Forest,,
1574,Rorschach/TestReplyVariant_32,Rorschach,0,,Foggy Bridge,,
1575,Rorschach/TestReplyVariant_33,Rorschach,0,,Space Bridge,,
1576,Rorschach/TestReplyVariant_34,Rorschach,0,,Gray Raven,,
1577,Rorschach/TestReplyVariant_35,Rorschach,0,,Black Water,,
1578,Rorschach/TestReplyVariant_36,Rorschach,0,,Scary Wolf,,
1579,Rorschach/TestReplyVariant_37,Rorschach,0,,Deer in a Forest,,
1580,Rorschach/TestReplyVariant_38,Rorschach,0,,Polar Bear,,
1581,Rorschach/TestReplyVariant_39,Rorschach,0,,Green Flame,,
1582,Rorschach/TestReplyVariant_40,Rorschach,0,,Stone Mushroom,,
1583,Rorschach/TestReplyVariant_41,Rorschach,0,,Funny Water,,
1584,Rorschach/TestReplyVariant_42,Rorschach,0,,Gloomy Flower,,
1585,Rorschach/TestReplyVariant_43,Rorschach,0,,Ugly Water,,
1586,Rorschach/TestReplyVariant_44,Rorschach,0,,Red Bear,,
1587,Rorschach/TestReplyVariant_45,Rorschach,0,,Honey Cake,,
1588,Rorschach/TestReplyVariant_46,Rorschach,0,,Apple Pie,,
1589,Rorschach/TestReplyVariant_47,Rorschach,0,,Mushroom Soup,,
1590,Rorschach/TestReplyVariant_48,Rorschach,0,,Yellow House,,
1591,Rorschach/TestReplyVariant_49,Rorschach,0,,Kombucha,,
1592,Rorschach/TestReplyVariant_50,Rorschach,0,,Sweet Bread,,
1593,Rorschach/TestReplyVariant_51,Rorschach,0,,Autumn Soup,,
1594,Rorschach/TestReplyVariant_52,Rorschach,0,,Berry Bush,,
1595,Rorschach/TestReplyVariant_53,Rorschach,0,,Nut Forest,,
1596,Rorschach/TestReplyVariant_54,Rorschach,0,,Beautiful Cat,,
1597,Rorschach/TestReplyVariant_55,Rorschach,0,,Black Forest,,
1598,Rorschach/TestReplyVariant_56,Rorschach,0,,Old Car,,
1599,Rorschach/TestReplyVariant_57,Rorschach,0,,Fast Train,,
1600,Rorschach/TestReplyVariant_58,Rorschach,0,,Rusty Plane,,
1601,Rorschach/TestReplyVariant_59,Rorschach,0,,Magic Plane,,
1602,Rorschach/TestReplyVariant_60,Rorschach,0,,Battle Rifle,,
1603,Rorschach/TestReplyVariant_61,Rorschach,0,,Steam Car,,
1604,Rorschach/TestReplyVariant_62,Rorschach,0,,Flying House,,
1605,Rorschach/TestReplyVariant_63,Rorschach,0,,Big Boat,,
1606,Rorschach/TestReplyVariant_64,Rorschach,0,,Green Plane,,
1607,Rorschach/TestReplyVariant_65,Rorschach,0,,Ancient Revolver,,
1608,Rorschach/TestReplyVariant_66,Rorschach,0,,Red Clown,,
1609,Rorschach/TestReplyVariant_67,Rorschach,0,,Black Angel,,
1610,Rorschach/TestReplyVariant_68,Rorschach,0,,White Demon,,
1611,Rorschach/TestReplyVariant_69,Rorschach,0,,Mirror Spirit,,
1612,Rorschach/TestReplyVariant_70,Rorschach,0,,Faceless Man,,
1613,Rorschach/TestReplyVariant_71,Rorschach,0,,Quiet Ghost,,
1614,Rorschach/TestReplyVariant_72,Rorschach,0,,Bone Dragon,,
1615,Rorschach/TestReplyVariant_73,Rorschach,0,,Mysterious Forest,,
1616,Rorschach/TestReplyVariant_74,Rorschach,0,,Stone Man,,
1617,Rorschach/TestReplyVariant_75,Rorschach,0,,Terrifying Wolf,,
1618,Rorschach/TestReplyVariant_76,Rorschach,0,,Gold Raven,,
1619,Rorschach/TestReplyVariant_77,Rorschach,0,,Strange Man,,
1620,Rorschach/TestReplyVariant_78,Rorschach,0,,Old Man,,
1621,Rorschach/TestReplyVariant_79,Rorschach,0,,Young Man,,
1622,Rorschach/TestReplyVariant_80,Rorschach,0,,Blind Man,,
1623,Rorschach/TestReplyVariant_81,Rorschach,0,,Good Man,,
1624,Rorschach/TestReplyVariant_82,Rorschach,0,,Merry Man,,
1625,Rorschach/TestReplyVariant_83,Rorschach,0,,Cunning Man,,
1626,Rorschach/TestReplyVariant_84,Rorschach,0,,Sleepy Man,,
1627,Rorschach/TestReplyVariant_85,Rorschach,0,,Homeless Man,,
1628,Rorschach/TestReplyVariant_86,Rorschach,0,,Silent Man,,
1629,Rorschach/TestReplyVariant_87,Rorschach,0,,Tired Man,,
1630,Rorschach/TestReplyVariant_88,Rorschach,0,,Mysterious Man,,
1631,Rorschach/TestReplyVariant_89,Rorschach,0,,Flying Fish,,
1632,Rorschach/TestReplyVariant_90,Rorschach,0,,Dancing House,,
1633,Rorschach/TestReplyVariant_91,Rorschach,0,,Singing Stone,,
1634,Rorschach/TestReplyVariant_92,Rorschach,0,,Smiling Bug,,
1635,Rorschach/TestReplyVariant_93,Rorschach,0,,Black Bug,,
1636,Rorschach/TestReplyVariant_94,Rorschach,0,,Golden Robot,,
1637,Rorschach/TestReplyVariant_95,Rorschach,0,,Running Forest,,
1638,Rorschach/TestReplyVariant_96,Rorschach,0,,Talking Mushroom,,
1639,Rorschach/TestReplyVariant_97,Rorschach,0,,Laughing Bridge,,
1640,Rorschach/TestReplyVariant_98,Rorschach,0,,Leaping Train,,
1641,Rorschach/TestReplyVariant_99,Rorschach,0,,Little Dragon,,
1642,Rorschach/TestReplyVariant_100,Rorschach,0,,Toy House,,
1643,Rorschach/TestReplyVariant_101,Rorschach,0,,Plush Wolf,,
1644,Rorschach/TestReplyVariant_102,Rorschach,0,,Paper Bug,,
1645,Rorschach/TestReplyVariant_103,Rorschach,0,,Sweet Castle,,
1646,Rorschach/TestReplyVariant_104,Rorschach,0,,Green Elephant,,
1647,Rorschach/TestReplyVariant_105,Rorschach,0,,Stone Clown,,
1648,Rorschach/TestReplyVariant_106,Rorschach,0,,Rainbow Cat,,
1649,Rorschach/TestReplyVariant_107,Rorschach,0,,Sleepy Dragon,,
1650,Rorschach/TestReplyVariant_108,Rorschach,0,,Expensive Bread,,
1651,Rorschach/TestReplyVariant_109,Rorschach,0,,Stone Orb,,
1652,Rorschach/TestReplyVariant_110,Rorschach,0,,Nervous Clown,,
1653,Rorschach/TestReplyVariant_111,Rorschach,0,,Rusty Moon,,
1654,Rorschach/TestReplyVariant_112,Rorschach,0,,Empty Castle,,
1655,Rorschach/TestReplyVariant_113,Rorschach,0,,Broken Bridge,,
1656,Rorschach/TestReplyVariant_114,Rorschach,0,,Black Smoke,,
1657,Rorschach/TestReplyVariant_115,Rorschach,0,,Dead Forest,,
1658,Rorschach/TestReplyVariant_116,Rorschach,0,,Extinguished Lighthouse,,
1659,Rorschach/TestReplyVariant_117,Rorschach,0,,Ugly Man,,
1660,Rorschach/TestReplyVariant_118,Rorschach,0,,Black Revolver,,
1661,Rorschach/TestReplyVariant_119,Rorschach,0,,Naked Pistol,,
1662,Rorschach/TestReplyVariant_120,Rorschach,0,,Blue Rifle,,
1663,Rorschach/TestReplyVariant_121,Rorschach,0,,Antique Revolver,,
1664,Rorschach/TestReplyVariant_122,Rorschach,0,,Precise Pistol,,
1665,Правила /Для Китайского и Корейского фонетическая транслитерация иероглифами.,Правила ,0,,,,
1666,Правила /Для Японского транслитерация катаканой,Правила ,0,,,,
1667,"Правила /Если в названии есть общипринятые термины типа Восточная, Западная, Европа, Америка и тд - Неоригинальную часть переводить, остальную транслитерировать с легкой шлифовкой по необходимости.",Правила ,0,,,,
1668,Правила /Для Китайского и Корейского фонетическая транслитерация иероглифами.,Правила ,0,,,,
1669,Правила /Для Японского транслитерация катаканой,Правила ,0,,,,
1670,"Правила /Если в названии есть общипринятые термины типа Восточная, Западная, Европа, Америка и тд - Неоригинальную часть переводить, остальную транслитерировать с легкой шлифовкой по необходимости.",Правила ,0,,,,
1671,UI/AnomaliesMissed,UI,0,,Anomalies missed:,,
1672,Hints/Tutor_071,Hints,0,,Press [LMB] on the character to get information and select actions,,
1673,Hints/Tutor_072,Hints,0,,This character shows signs of fungal activity that needs to be studied.,,
1674,Hints/Tutor_073,Hints,0,,Press here to mark the character for the isolation ward,,
1675,Hints/Tutor_074,Hints,0,,This character is also infected and must be isolated!,,
1676,Hints/Tutor_075,Hints,0,,Excellent! Now activate the detention protocol!,,
1677,NewsAndReports/RepCons_DimensionalVortex,NewsAndReports,0,,The arithmetic test triggered the formation of a spatial wormhole. Test subjects were presumably sucked into the rift and transported through space and time in an unknown direction. We recommend waiting for the wormhole to degrade naturally.,,
1678,NewsAndReports/RepCons_AliceInCage,NewsAndReports,0,,"During the experiment, a particularly large humanoid specimen spontaneously invaded the space. HQ dispatched Captain Ackerman to deal with the aftermath. Until his arrival, access to the isolation ward is restricted.",,
1679,NewsAndReports/RepCons_TechRefrigerator,NewsAndReports,0,,"Warning: During the experiment, a high-tech object spontaneously teleported into the isolation ward. The ""popping"" effect caused damage to test subjects incompatible with continued living. Await the arrival of specialists from the engineering wing.",,
1680,NewsAndReports/RepCons_Embrions,NewsAndReports,0,,"During the experiment, a series of spontaneous biological metamorphoses occurred, forming, according to experts, a ""spherical vacuum embryonic host"". We recommend restricting access and awaiting the arrival of the biological-hazard-elimination team.",,
1681,NewsAndReports/RepCons_Pupation,NewsAndReports,0,,"Exposure to high temperatures led to the activation of embryos of an unidentified endotic symbiont, which entered the pupation phase. According to available data, the test subjects were transformed into a nutrient medium. We strongly advise not interacting with organic objects inside the isolation ward.",,
1682,NewsAndReports/RepCons_WaterAndElectricity,NewsAndReports,0,,"A technical failure caused the plumbing and electrical equipment to malfunction, resulting in the death of the test subjects, from either drowning or electrocution (the exact cause will be determined by a special commission). Depressurizing the isolation ward is prohibited until the malfunctions are fully resolved.",,
1683,NewsAndReports/RepCons_FiltrationTurbine,NewsAndReports,0,,"During the experiment, the location of heavy equipment was unintentionally changed. As a result of this event, the test subjects sustained various injuries and are no longer considered alive. A team of movers was called in to relocate the object intentionally. Please stand by.",,
1684,NewsAndReports/RepCons_WelcomeToBugClub,NewsAndReports,0,,"During the experiment, a biological object of unknown type formed spontaneously. Observations revealed various light and acoustic events' occurring within the object. Continued observations are recommended until comprehensive information about the nature of the phenomenon is obtained.",,
1685,NewsAndReports/RepCons_DuckSquad,NewsAndReports,0,,"During the experiment, an Anatidian special-forces unit was teleported into the chamber. The test subjects were eliminated. A negotiation team will arrive shortly. Open confrontation is strictly prohibited, to avoid interplanetary conflict. Access to the isolation ward is to be restricted.",,
1686,NewsAndReports/RepCons_DuckbugQueen,NewsAndReports,0,,"The experiment provoked [redacted] of insectoid type. The fate of the test subjects is unknown, but it is highly likely they were consumed by the bugs. For unknown reasons, the Duck object was not only unharmed, but transformed into something resembling a bug queen. Continued observation is recommended.",,
1687,NewsAndReports/RepCons_FractalMushroom,NewsAndReports,0,,"During the experiment, a ""fungoid incident"" occurred, resulting in the formation of a fungal fractaloid. In the incident, the test subjects were subjected to multiple mycelial infestations, resulting in negative survival rates. Special transport for the fractaloid will arrive within the day.",,
1688,NewsAndReports/RepCons_DefensiveLarva,NewsAndReports,0,,"During the experiment, an explosive mutation occurred in Tardifuma larvae present in the bodies of one or more test subjects. Ultraviolet radiation triggered the larvae's transition to the defensive form, but before doing so they accumulated nutrients for a prolonged hibernation by devouring the test subjects. Approaching the larvae is prohibited until the arrival of the biological-hazard-elimination team.",,
1689,NewsAndReports/RepCons_MetalSplashes,NewsAndReports,0,,"The experiment was interrupted due to condensation of an unspecified type of ferrochemical liquid within the ward. As a result of [redacted], the subjects' bodies underwent forced fragmentation. Use of the isolation ward must be limited until the ferrochemical liquids have completely oxidized and decomposed.",,
1690,NewsAndReports/RepCons_Breedman,NewsAndReports,0,,"During the experiment, spontaneous loafing of test subjects occurred. Access to the isolation ward is restricted until a special expert commission arrives. Attempts to use the test subjects for culinary purposes will be repressed in the most decisive manner.",,
1691,NewsAndReports/RepCons_FrostMushroom,NewsAndReports,0,,"Due to the introduction of spores of a fungus known as Mors Nivalis into the isolation ward and the creation of a favorable environment, accelerated growth of the aforementioned fungus has occurred within the ward. As this fungus is a protected species of [redacted] class, access to the isolation ward must be restricted until the arrival of the on-duty cryptomycologists.",,
1692,NewsAndReports/RepCons_HeatCocoon,NewsAndReports,0,,"[redacted] occurred during the experiment. The nature of this phenomenon remains unknown. According to experts, ""something like an igloo, but made of meat"" formed. Further study is necessary. Access to the isolation ward must be restricted until [redacted] phase occurs, followed by destruction of biological materials.",,
1693,NewsAndReports/RepCons_Laserball,NewsAndReports,0,,"The experiment involved the use of the Death Ball 9000 device, developed by [redacted] laboratory under a program for the development of advanced camouflaged weapons. The use of this device instead of the standard Disco Ball device is to be considered an unintentional accident. Access to the isolation ward is restricted until a special team arrives to dismantle the device.",,
1694,NewsAndReports/RepCons_Rastaparty,NewsAndReports,0,,"Due to the unplanned nature of this experiment, which involved the use of hallucinogenic mushrooms in a specialized acoustic environment, the subjects must not be disturbed for 24 hours. At the end of the experiment, they must be [redacted].",,
1695,NewsAndReports/RepCons_Frankenstein,NewsAndReports,0,,"During the experiment, [redacted] occurred. A mysterious note was also discovered that said ""Don't let things go pear-shaped!"" All personnel are required to comply with the ""Abbot Fetel"" protocol. Restrict access to the isolation ward, and do not remove [redacted] object yourself!",,
1696,NewsAndReports/RepCons_HiveMindBall,NewsAndReports,0,,"During the experiment, a successful attempt to establish contact of the third kind was recorded. The counterparty is unknown. Transmitted messages are being decrypted. Test subjects are to be considered negatively alive. An urgent request has been sent to COMCON-1. Await further instructions...",,
1697,NewsAndReports/RepAfterRedCode_1,NewsAndReports,0,,The consequences of the emergency in the isolation ward have been eliminated. No casualties or injuries were reported during the cleanup process. The ward is available for experiments.,,
1698,NewsAndReports/RepAfterRedCode_2,NewsAndReports,0,,[redacted] staff have successfully eliminated all consequences of the emergency in the isolation ward. The ward is cleared for further experiments.,,
1699,NewsAndReports/RepAfterRedCode_3,NewsAndReports,0,,"Thanks to the selfless dedication of [redacted] staff, the emergency cleanup of the isolation ward is complete. We recommend starting a new experiment as soon as possible.",,
1700,NewsAndReports/RepAfterRedCode_4,NewsAndReports,0,,"The isolation ward has been brought into full compliance with the requirements of the ""Enigma 35"" protocol. The immediate search for and introduction of test subjects is recommended, followed by further experiments.",,
1701,Правила /Для Китайского и Корейского фонетическая транслитерация иероглифами.,Правила ,0,,,,
1702,Правила /Для Японского транслитерация катаканой,Правила ,0,,,,
1703,"Правила /Если в названии есть общипринятые термины типа Восточная, Западная, Европа, Америка и тд - Неоригинальную часть переводить, остальную транслитерировать с легкой шлифовкой по необходимости.",Правила ,0,,,,
1704,Правила /Для Китайского и Корейского фонетическая транслитерация иероглифами.,Правила ,0,,,,
1705,Правила /Для Японского транслитерация катаканой,Правила ,0,,,,
1706,"Правила /Если в названии есть общипринятые термины типа Восточная, Западная, Европа, Америка и тд - Неоригинальную часть переводить, остальную транслитерировать с легкой шлифовкой по необходимости.",Правила ,0,,,,
1707,Hints/Tutor_076,Hints,0,,Now you should switch to thermal imaging.,,
1708,Правила /Для Китайского и Корейского фонетическая транслитерация иероглифами.,Правила ,0,,,,
1709,Правила /Для Японского транслитерация катаканой,Правила ,0,,,,
1710,"Правила /Если в названии есть общипринятые термины типа Восточная, Западная, Европа, Америка и тд - Неоригинальную часть переводить, остальную транслитерировать с легкой шлифовкой по необходимости.",Правила ,0,,,,
1711,Правила /Для Китайского и Корейского фонетическая транслитерация иероглифами.,Правила ,0,,,,
1712,Правила /Для Японского транслитерация катаканой,Правила ,0,,,,
1713,"Правила /Если в названии есть общипринятые термины типа Восточная, Западная, Европа, Америка и тд - Неоригинальную часть переводить, остальную транслитерировать с легкой шлифовкой по необходимости.",Правила ,0,,,,
1714,Правила /Для Китайского и Корейского фонетическая транслитерация иероглифами.,Правила ,0,,,,
1715,Правила /Для Японского транслитерация катаканой,Правила ,0,,,,
1716,"Правила /Если в названии есть общипринятые термины типа Восточная, Западная, Европа, Америка и тд - Неоригинальную часть переводить, остальную транслитерировать с легкой шлифовкой по необходимости.",Правила ,0,,,,
1717,UI/PCSearch,UI,0,Анимация отпечатков пальцев,DATABASE SEARCH,,
1718,UI/PCAnalysis,UI,0,Анимация отпечатков пальцев,Analysis,,
1719,Правила /Для Китайского и Корейского фонетическая транслитерация иероглифами.,Правила ,0,,,,
1720,Правила /Для Японского транслитерация катаканой,Правила ,0,,,,
1721,"Правила /Если в названии есть общипринятые термины типа Восточная, Западная, Европа, Америка и тд - Неоригинальную часть переводить, остальную транслитерировать с легкой шлифовкой по необходимости.",Правила ,0,,,,
1722,Правила /Для Китайского и Корейского фонетическая транслитерация иероглифами.,Правила ,0,,,,
1723,Правила /Для Японского транслитерация катаканой,Правила ,0,,,,
1724,"Правила /Если в названии есть общипринятые термины типа Восточная, Западная, Европа, Америка и тд - Неоригинальную часть переводить, остальную транслитерировать с легкой шлифовкой по необходимости.",Правила ,0,,,,
1725,Hints/Tutor_077,Hints,0,,"Starting today, you can take blood samples and examine them under a microscope",,
1726,Hints/Tutor_078,Hints,0,,Open the container with the specialized biological-collection kit,,
1727,Hints/Tutor_079,Hints,0,,Take the biological-collection kit,,
1728,Hints/Tutor_080,Hints,0,,Apply the biological-collection kit by pressing [LMB] on the test subject,,
1729,Hints/Tutor_081,Hints,0,,Use the mouse to set the injection depth and press [LMB] to take a sample,,
1730,Hints/Tutor_082,Hints,0,,Open the container with the microscope,,
1731,Hints/Tutor_083,Hints,0,,Place the sample on the microscope slide for further analysis by pressing [LMB] on it,,
1732,Hints/Tutor_084,Hints,0,,Press [RMB] to put away the biological-collection kit,,
1733,Hints/Tutor_085,Hints,0,,Press [LMB] on the microscope to look into the eyepiece,,
1734,Hints/Tutor_086,Hints,0,,Press [LMB] on the dangerous yellow organism to select it,,
1735,Hints/Tutor_087,Hints,0,,Print out the info on this organism,,
1736,Hints/Tutor_088,Hints,0,,Please wait for the analysis to be completed and the report to be printed,,
1737,Hints/Tutor_089,Hints,0,,Close the microscope window,,
1738,Hints/Tutor_090,Hints,0,,"Pay attention to the information about this organism. According to today's instruction, if such an organism is found in the blood appropriate measures must be taken!",,
1739,Hints/Tutor_091,Hints,0,,"Starting today, you can take fingerprints",,
1740,Hints/Tutor_092,Hints,0,,Let's check the passport for fingerprints. Turn on the UV lamp and drag the passport under it,,
1741,Hints/Tutor_093,Hints,0,,There are fingerprints on the document. You must check whether these prints belong to the person in front of you,,
1742,Hints/Tutor_094,Hints,0,,Open the container with the specialized fingerprinting kit,,
1743,Hints/Tutor_095,Hints,0,,Take the specialized fingerprinting kit...,,
1744,Hints/Tutor_096,Hints,0,,...and hand it to the person you are checking,,
1745,Hints/Tutor_097,Hints,0,,Now you'll have to wait,,
1746,Hints/Tutor_098,Hints,0,,Compare this fingerprint with the printout.,,
1747,CoordinatorReplics/BM_Tutor_001,CoordinatorReplics,0,,Afternoon...,,
1748,CoordinatorReplics/BM_Tutor_002,CoordinatorReplics,0,,Hello! Good to see you!,,
1749,CoordinatorReplics/BM_Tutor_003,CoordinatorReplics,0,,I have an unusual question for you: are you afraid of blood?,,
1750,CoordinatorReplics/BM_Tutor_004,CoordinatorReplics,0,,Wh-what?!,,
1751,CoordinatorReplics/BM_Tutor_005,CoordinatorReplics,0,,You misunderstand...,,
1752,CoordinatorReplics/BM_Tutor_006,CoordinatorReplics,0,,"From now on, your responsibilities will include collecting and testing blood.",,
1753,CoordinatorReplics/BM_Tutor_007,CoordinatorReplics,0,,"If the instructions require it, of course.",,
1754,CoordinatorReplics/BM_Tutor_008,CoordinatorReplics,0,,Don't you think this is a bit much?,,
1755,CoordinatorReplics/BM_Tutor_009,CoordinatorReplics,0,,I think someone is getting a pay rise.,,
1756,CoordinatorReplics/BM_Tutor_010,CoordinatorReplics,0,,Mmm... well... I guess it shouldn't be too hard...,,
1757,CoordinatorReplics/BM_Tutor_011,CoordinatorReplics,0,,Exactly... Have a good shift.,,
1758,CoordinatorReplics/BM_Tutor_012,CoordinatorReplics,0,,You too...,,
1759,CoordinatorReplics/Finger_Tutor_001,CoordinatorReplics,0,,Greetings.,,
1760,CoordinatorReplics/Finger_Tutor_002,CoordinatorReplics,0,,"Yes, hello.",,
1761,CoordinatorReplics/Finger_Tutor_003,CoordinatorReplics,0,,You've probably been wondering...,,
1762,CoordinatorReplics/Finger_Tutor_004,CoordinatorReplics,0,,Why it was that you never checked if the visitors' papers belonged to them?,,
1763,CoordinatorReplics/Finger_Tutor_005,CoordinatorReplics,0,,I haven't actually thought about it...,,
1764,CoordinatorReplics/Finger_Tutor_006,CoordinatorReplics,0,,"Well, you should have. Extra layers of security help avoid catastrophic mistakes, after all.",,
1765,CoordinatorReplics/Finger_Tutor_007,CoordinatorReplics,0,,What are you getting at?,,
1766,CoordinatorReplics/Finger_Tutor_008,CoordinatorReplics,0,,"In short, you will now need to request fingerprints and check them against the database.",,
1767,CoordinatorReplics/Finger_Tutor_009,CoordinatorReplics,0,,I knew that was where this was going!,,
1768,CoordinatorReplics/Finger_Tutor_010,CoordinatorReplics,0,,Don't let us down.,,
1769,CoordinatorReplics/Finger_Tutor_011,CoordinatorReplics,0,,Very well...,,
1770,CityOperations/op_first_recon_name,CityOperations,0,Первичная разведка,Primary Recon,,
1771,CityOperations/op_first_recon_descr,CityOperations,0,Сбор данных о контактах,"Send a team to conduct primary reconnaissance of potential landing locations, based on indirect evidence of the ""visitors"".",,
1772,CityOperations/op_contact_data_name,CityOperations,0,Установка детекторов,Contact-Data Collection,,
1773,CityOperations/op_contact_data_descr,CityOperations,0,Расследование похищений,"Send a team to interview witnesses who directly or indirectly claim to have had personal contact with the ""visitors"". Physical and medicinal measures are permitted.",,
1774,CityOperations/op_detector_deployment_name,CityOperations,0,"Протокол ""Наблюдатель""",Detector Deployment,,
1775,CityOperations/op_detector_deployment_descr,CityOperations,0,"Полевые испытания ""Серой слизи""",Send technical teams to install Butler 17SD detectors in various parts of the city for subsequent monitoring of atypical activity.,,
1776,CityOperations/op_abduction_investigation_name,CityOperations,0,"Отправка ""стальных"" для патрулирования",Investigation of Kidnappings,,
1777,CityOperations/op_abduction_investigation_descr,CityOperations,0,Высадка кладки киберинсектоидов,"Send a team to investigate archival criminal cases of kidnappings the circumstances of which may indicate the involvement of ""visitors"".",,
1778,CityOperations/op_observer_protocol_name,CityOperations,0,Активация ферросладжевых генераторов,"The ""Beholder"" Protocol",,
1779,CityOperations/op_observer_protocol_descr,CityOperations,0,"Формирование огневых позиций ""стальных""","Send a psyops team to train sleeper agents for surveillance and early warning. Agents will be selected through a ""blind"" lottery.",,
1780,CityOperations/op_gray_slime_trials_name,CityOperations,0,Активация киберинсектоидов,Gray Goo Field Testing,,
1781,CityOperations/op_gray_slime_trials_descr,CityOperations,0,"Разворачивание системы ПВО ""Тандерклауд""","Send an engineering team to conduct ferrosludge testing in urban conditions. In the event of an emergency, cordon off the area, citing a gas leak from the main line.",,
1782,CityOperations/op_steel_patrol_name,CityOperations,0,"Формирование отрядов ПВО ""Стальная стена""",Steel Units Out On Patrol,,
1783,CityOperations/op_steel_patrol_descr,CityOperations,0,"Активация паттерна ""Оборона гнезда""",Send an experimental squad of cybernetic combat units to patrol the city areas with the highest crime rates. The team should be monitored using a reconnaissance UAV.,,
1784,CityOperations/op_cyberbrood_deployment_name,CityOperations,0,"Операция ""Падение небес""",Planting Cyber-Insectoid Eggs,,
1785,CityOperations/op_cyberbrood_deployment_descr,CityOperations,0,"Операция ""Железная стойкость""",Send a Kappa team from the Experimental-Biophysics Department to deposit clutches of cyber-insectoid genetically modified organisms in the most favorable parts of the city.,,
1786,CityOperations/op_ferrosludge_generators_name,CityOperations,0,"Активация паттерна ""Тотальное инстребление""",Activating Ferrosludge Generators,,
1787,CityOperations/op_ferrosludge_generators_descr,CityOperations,0,,"Send an engineering team to assemble and launch experimental ferrosludge generators in sparsely populated areas of the city, and also establish a 24-hour duty of sappers and medics in case of generator failure.",,
1788,CityOperations/op_steel_fire_positions_name,CityOperations,0,Сбор образцов почвы,Steel Units' Battle Positions,,
1789,CityOperations/op_steel_fire_positions_descr,CityOperations,0,Изучение городской микрофлоры,"Send an engineering team to create long-term battle positions, taking into account the specifics of cybernetic combat units.",,
1790,CityOperations/op_cyberbrood_activation_name,CityOperations,0,"Картографирование ""отростков"" тихосопки",Activating Cyber-Insectoids,,
1791,CityOperations/op_cyberbrood_activation_descr,CityOperations,0,Закачка химических средств в канализацию,Send small ground-based drones to spray a growth activator near the nests of cyber-insectoid genetically modified organisms.,,
1792,CityOperations/op_thundercloud_aa_name,CityOperations,0,Отправка отрядов выжигателей,"Deploying the ""Thundercloud"" Air-Defense System",,
1793,CityOperations/op_thundercloud_aa_descr,CityOperations,0,"Тестирование ""дьявольских грибов""","Send an engineering team and a group of specialists to deploy and put on combat alert the ""Thundercloud"" ferrosludge air-defense system.",,
1794,CityOperations/op_steel_wall_name,CityOperations,0,Исследование влияния кристаллов,"Forming ""Steel Wall"" Air-Defense Units",,
1795,CityOperations/op_steel_wall_descr,CityOperations,0,"Испытание ""кристаллической машины""","Send an engineering team to deploy cybernetic combat units of the ""Steel Wall"" specialized air-defense system and put them on alert within battle positions.",,
1796,CityOperations/op_nest_defense_name,CityOperations,0,"Распространение спор ""дьявольских грибов""","Activating the ""Nest Defense"" Pattern",,
1797,CityOperations/op_nest_defense_descr,CityOperations,0,Активация кристаллических структур,Use chemical sprayers to activate the psycho-behavioral pattern of active defense in cyber-insectoid genetically modified organisms.,,
1798,CityOperations/op_fall_of_heavens_name,CityOperations,0,"Запуск ""магической машины""",Operation Skyfall,,
1799,CityOperations/op_fall_of_heavens_descr,CityOperations,0,"Протокол ""Микотизация""","Launch an extended series of salvoes at the unmasked ""visitor"" targets from all active ferrosludge installations of the ""Thundercloud"" air-defense system.",,
1800,CityOperations/op_iron_resolve_name,CityOperations,0,"Проведение ""кристаллического ритуала""",Operation Iron Resolve,,
1801,CityOperations/op_iron_resolve_descr,CityOperations,0,"Активация поиска ""корней скверны""","Relay an order to launch a large-scale attack on the unmasked ""visitor"" targets through the communication networks of cybernetic combat units until the ""visitors"" are completely destroyed.",,
1802,CityOperations/op_total_extermination_name,CityOperations,0,"Операция ""Грибной дождь""","Activating the ""Total Extermination"" Pattern",,
1803,CityOperations/op_total_extermination_descr,CityOperations,0,"Операция ""Сладкая месть""","Spray the ""Circe M"" formulation, which provokes a psycho-behavioral pattern of aggression in cyber-insectoid genetically modified organisms towards unmasked ""visitor"" targets.",,
1804,CityOperations/op_soil_sampling_name,CityOperations,0,"Операция ""Призыв фей""",Collecting Soil Samples,,
1805,CityOperations/op_soil_sampling_descr,CityOperations,0,,Send a research team to collect soil samples in various parts of the city for subsequent study of their chemical and microbiological composition.,,
1806,CityOperations/op_microflora_study_name,CityOperations,0,Сбор информации о случаях зомбификации,Studying Urban Microflora,,
1807,CityOperations/op_microflora_study_descr,CityOperations,0,Отправка отрядов сдерживания,Send a scientific team to study the microbiological composition of soil in various parts of the city. Pay particular attention to areas of Tardifuma activity.,,
1808,CityOperations/op_root_mapping_name,CityOperations,0,Отправка отрядов контроля толпы,"Mapping the ""Shoots"" of Tardifuma",,
1809,CityOperations/op_root_mapping_descr,CityOperations,0,Баррикадирование и установка ловушек,"Map all significant underground shoots of Tardifuma using ultrasound. Pay particular attention to large ""branches"" and nodules of any nature.",,
1810,CityOperations/op_sewer_chemical_injection_name,CityOperations,0,Формирование укрепленных позиций,Pumping Chemicals Into the Sewers,,
1811,CityOperations/op_sewer_chemical_injection_descr,CityOperations,0,Распространение коконов трупожорки,"Send tanker trucks with the ""Blue 9"" formulation to various areas of the city and pump it into the city sewer system.",,
1812,CityOperations/op_burner_squads_name,CityOperations,0,Тестирование противозомбических чипов,Deploying Burner Squads,,
1813,CityOperations/op_burner_squads_descr,CityOperations,0,Экстренные имплантационные мероприятия,Send teams with portable flamethrowers to eliminate the densest clusters of Tardifuma shoots.,,
1814,CityOperations/op_devil_mushroom_trials_name,CityOperations,0,Применение ускорителей роста трупожорки,"Testing ""Devil Mushrooms""",,
1815,CityOperations/op_devil_mushroom_trials_descr,CityOperations,0,Принудительное противозомбическое чипирование,"Send a team of mycologists to conduct experiments in order to determine Devil Mushrooms' effect on Tardifuma. In case of a significant reaction, deploy teams with flamethrowers.",,
1816,CityOperations/op_crystal_research_name,CityOperations,0,Массовое применение защитных имплантов,Researching the Effects of Crystals,,
1817,CityOperations/op_crystal_research_descr,CityOperations,0,Провоцирование вылупления трупожорки,"Send a team from Department 10 to conduct a limited experiment to activate glycosynthium crystals. In the event of any emergency, activate the agent elimination protocol.",,
1818,CityOperations/op_crystal_machine_trials_name,CityOperations,0,Установка ретрансляторов защитной сети,"Testing the ""Crystal Machine""",,
1819,CityOperations/op_crystal_machine_trials_descr,CityOperations,0,Принудительная установка защитных имплантов,"Assemble and launch an experimental computing machine powered by subpositron crystals. Given the need for a psi field of a certain density, a city area with a sufficient population must be selected for the launch.",,
1820,CityOperations/op_spore_dispersal_name,CityOperations,0,"Операция ""Шведский стол""","Spreading ""Devil Mushroom"" Spores",,
1821,CityOperations/op_spore_dispersal_descr,CityOperations,0,"Рассылка протокола ""Киберлазарь""","Conduct a controlled spraying of Devil Mushroom spores, taking into account the current humidity, lighting and wind conditions, to achieve their maximum distribution in Tardifuma-populated locations.",,
1822,CityOperations/op_crystal_activation_name,CityOperations,0,"Операция ""Железный дровосек""",Activating Crystalline Structures,,
1823,CityOperations/op_crystal_activation_descr,CityOperations,0,,Perform a special sequence of actions to activate large-scale glycosynthium crystals and form quasi-thinking objects of the Gingerbread Golem type.,,
1824,CityOperations/op_magic_machine_name,CityOperations,0,,Magic Machine Launch,,
1825,CityOperations/op_magic_machine_descr,CityOperations,0,,Conduct a full launch of an experimental computing machine powered by subpositron crystals. Set the target action to be the complete or partial destruction of Tardifuma shoots within the city limits and record the calculation results.,,
1826,CityOperations/op_mycotization_protocol_name,CityOperations,0,,Mycotization Protocol,,
1827,CityOperations/op_mycotization_protocol_descr,CityOperations,0,,Conduct a series of sequential sprayings of Devil Mushroom spores and ensure the most favorable climate for their growth using the necessary measures.,,
1828,CityOperations/op_crystal_ritual_name,CityOperations,0,,"Conducting the ""Crystal Ritual""",,
1829,CityOperations/op_crystal_ritual_descr,CityOperations,0,,Initiate large-scale operations to activate glycosynthium crystals and subsequently create oversized quasi-thinking objects of the Gingerbread Golem type tasked to exterminate Tardifuma.,,
1830,CityOperations/op_scourge_root_search_name,CityOperations,0,,"Activating the Search for the ""Roots of Corruption""",,
1831,CityOperations/op_scourge_root_search_descr,CityOperations,0,,Set the subpositron machine the task of detecting and eliminating all shoots and parts of Tardifuma and ensure the implementation of the solution calculated by the machine.,,
1832,CityOperations/op_mushroom_rain_name,CityOperations,0,,Operation Mushroom Rain,,
1833,CityOperations/op_mushroom_rain_descr,CityOperations,0,,Reconfigure hidden Cesium 12K climate-control systems to create the most favorable conditions for the growth and development of Devil Mushrooms with the goal of subsequently destroying Tardifuma during their life cycle. The negative impact on the health of residents is considered reasonable.,,
1834,CityOperations/op_sweet_revenge_name,CityOperations,0,,Operation Sweet Revenge,,
1835,CityOperations/op_sweet_revenge_descr,CityOperations,0,,"Initiate the program codenamed ""Summon Gozer the Sweetener"", the purpose of which is to form an ultimate quasi-thinking Gingerbread Golem capable of destroying Tardifuma once and for all.",,
1836,CityOperations/op_fairy_summoning_name,CityOperations,0,,Operation Summon the Fairies,,
1837,CityOperations/op_fairy_summoning_descr,CityOperations,0,,"Devote all available material and human resources to implementing the Tardifuma-elimination plan, as calculated by the subpositron machine. Any costs and casualties are deemed acceptable.",,
1838,CityOperations/op_zombie_case_reports_name,CityOperations,0,,Gathering Zombification-Case Data,,
1839,CityOperations/op_zombie_case_reports_descr,CityOperations,0,,"Send a research team to collect data and samples on the occurrence of symptoms of ""fungus zombus"" in residents.",,
1840,CityOperations/op_containment_squads_name,CityOperations,0,,Deploying Containment Units,,
1841,CityOperations/op_containment_squads_descr,CityOperations,0,,"Send armed forces to suppress registered outbreaks of ""fungus zombus"". Any use of physical force is considered permissible.",,
1842,CityOperations/op_crowd_control_name,CityOperations,0,,Deploying Crowd-Control Units,,
1843,CityOperations/op_crowd_control_descr,CityOperations,0,,"Send reinforced combat teams to areas of mass ""fungus zombus"" outbreaks to contain the spread of the disease. Any measures, including the physical elimination of carriers, are considered permissible.",,
1844,CityOperations/op_barricades_and_traps_name,CityOperations,0,,Barricading and Setting Traps,,
1845,CityOperations/op_barricades_and_traps_descr,CityOperations,0,,"Determine locations for installing barricades capable of holding back crowds of ""fungus zombus"" carriers, and dispatch engineering teams to erect them.",,
1846,CityOperations/op_fortified_positions_name,CityOperations,0,,Setting Up Fortified Positions,,
1847,CityOperations/op_fortified_positions_descr,CityOperations,0,,"Send engineering teams to form long-term fortified positions based on existing barricades and obstacles to prevent containment breaches by ""fungus zombus"" carriers.",,
1848,CityOperations/op_carrion_brood_spread_name,CityOperations,0,,Distributing Corpse-Eater Cocoons,,
1849,CityOperations/op_carrion_brood_spread_descr,CityOperations,0,,"Drop corpse-eater cocoons in areas with high levels of ""fungus zombus"" spread. Establish 24-hour surveillance of the dropped cocoons using reconnaissance UAVs.",,
1850,CityOperations/op_anti_zombie_chip_trials_name,CityOperations,0,,Testing Anti-Zombification Microchips,,
1851,CityOperations/op_anti_zombie_chip_trials_descr,CityOperations,0,,"Conduct experimental implantation and activation of Flemming 17 microchips in volunteers. If implantation is successful, conduct the necessary tests.",,
1852,CityOperations/op_emergency_implantation_name,CityOperations,0,,Emergency Implantation Measures,,
1853,CityOperations/op_emergency_implantation_descr,CityOperations,0,,"Conduct forced implanting procedures of the ""conditionally safe"" category and above on quarantined individuals from the high-risk group.",,
1854,CityOperations/op_brood_growth_accelerators_name,CityOperations,0,,Corpse-Eater Growth Accelerators,,
1855,CityOperations/op_brood_growth_accelerators_descr,CityOperations,0,,Perform remote stimulation of corpse-eater cocoons using directed radio-frequency emissions.,,
1856,CityOperations/op_forced_chip_implantation_name,CityOperations,0,,Forced Anti-Zombification Microchipping,,
1857,CityOperations/op_forced_chip_implantation_descr,CityOperations,0,,Conduct forced implantation of Flemming 17 microchips on the high-risk group as well as any volunteers.,,
1858,CityOperations/op_mass_implant_deployment_name,CityOperations,0,,Mass Use of Defensive Implants,,
1859,CityOperations/op_mass_implant_deployment_descr,CityOperations,0,,"Conduct forced implanting procedures of the ""conditionally safe"" category and above on quarantined individuals, as well as all those who have been in contact with them during the previous month.",,
1860,CityOperations/op_brood_hatching_name,CityOperations,0,,Inducing Corpse-Eaters,,
1861,CityOperations/op_brood_hatching_descr,CityOperations,0,,Stimulate accelerated growth and hatching of the corpse-eater using the Hibiscus 9 formulation and directed radio-frequency emissions.,,
1862,CityOperations/op_defense_relay_network_name,CityOperations,0,,Installing Defense-Network Repeaters,,
1863,CityOperations/op_defense_relay_network_descr,CityOperations,0,,Send engineering teams to expedite the assembly and launch of the broadcast network for coordinating Flemming 17 series microchips.,,
1864,CityOperations/op_forced_implants_name,CityOperations,0,,Forced Installation of Defensive Implants,,
1865,CityOperations/op_forced_implants_descr,CityOperations,0,,"Conduct forced procedures to replace the ""fungus zombus"" patients' organs with implants in the affected areas of the city. In the event of resistance, the decision to isolate or eliminate the subject should be made by the senior officer present.",,
1866,CityOperations/op_swedish_table_name,CityOperations,0,,Operation Buffet,,
1867,CityOperations/op_swedish_table_descr,CityOperations,0,,"Conduct an additional drop of mutated corpse-eater cocoons, followed by their activation and forced hatching in all areas affected by ""fungus zombus"".",,
1868,CityOperations/op_cyberlazar_protocol_name,CityOperations,0,,"Distributing the ""Cyber ​​Lazarus"" Protocol",,
1869,CityOperations/op_cyberlazar_protocol_descr,CityOperations,0,,"Initiate the distribution of the ""Cyber Lazarus"" protocol over the internal secure communication network of Flemming 17 series microchips under the guise of a standard firmware update.",,
1870,CityOperations/op_iron_woodcutter_name,CityOperations,0,,Operation Tin Man,,
1871,CityOperations/op_iron_woodcutter_descr,CityOperations,0,,Perform implantation surgeries on proven and potential target organs in the entire city population. Any resistance is to be considered a threat to public safety.,,
1872,CityOperations/AlienInvasion2,CityOperations,0,,Extraterrestrial Technologies 2,,
1873,CityOperations/CultActivity2,CityOperations,0,,Parasite 2,,
1874,CityOperations/Zombies2,CityOperations,0,,Fungus 2,,
1875,CityOperations/GrayGoo,CityOperations,0,,Gray Goo,,
1876,CityOperations/Cyberman,CityOperations,0,,Cybermen,,
1877,CityOperations/Replicators,CityOperations,0,,Reptiloids,,
1878,CityOperations/HellMushroom,CityOperations,0,,Hellish Mushrooms,,
1879,CityOperations/MagickCrystal,CityOperations,0,,Magic Crystals,,
1880,CityOperations/TechnoMagick,CityOperations,0,,Technomancy,,
1881,CityOperations/Sarancha,CityOperations,0,,Locusts,,
1882,CityOperations/Chips,CityOperations,0,,Microchipping,,
1883,CityOperations/PostApoc,CityOperations,0,,Post-Apocalypse,,
1884,CityOperations/TechnoSymbios,CityOperations,0,,Technosymbiosis,,
1885,CityOperations/Skynet,CityOperations,0,,Skynet,,
1886,CityOperations/Mechanoids,CityOperations,0,,Mechanoids,,
1887,CityOperations/SatanaMushroom,CityOperations,0,,Satanic Mushrooms,,
1888,CityOperations/Goser,CityOperations,0,,Gozer,,
1889,CityOperations/Transform,CityOperations,0,,Transform,,
1890,CityOperations/Insectoids,CityOperations,0,,Insectoids,,
1891,CityOperations/Hack,CityOperations,0,,Hack,,
1892,CityOperations/PostApoc2,CityOperations,0,,Post-Apocalypse 2,,
1893,CityOperations/DeusExMachine,CityOperations,0,,Deus Ex Machina,,
1894,Правила /Для Китайского и Корейского фонетическая транслитерация иероглифами.,Правила ,0,,,,
1895,Правила /Для Японского транслитерация катаканой,Правила ,0,,,,
1896,"Правила /Если в названии есть общипринятые термины типа Восточная, Западная, Европа, Америка и тд - Неоригинальную часть переводить, остальную транслитерировать с легкой шлифовкой по необходимости.",Правила ,0,,,,
1897,UI/GameOverTip_AlienInvasion2,UI,0,,The visitors seized control of the city and launched a full-scale invasion. (Regular operations in the city could have helped prevent this.),,
1898,UI/GameOverTip_TechnoSymbios,UI,0,,Ferrosludge augmentations have gone out of control and consumed the entire city. (Regular operations in the city could have helped prevent this.),,
1899,UI/GameOverTip_Skynet,UI,0,,All digital augmentations and equipment have come under the control of AM0N. Humanity is enslaved. (Regular operations in the city could have helped prevent this.),,
1900,UI/GameOverTip_Mechanoids,UI,0,,Mechanoid life spread and began to displace organic life. (Regular operations in the city could have helped prevent this.),,
1901,UI/GameOverTip_Zombies2,UI,0,,Fungus zombus has gone out of control and the city is overrun with walking corpses. (Regular operations in the city could have helped prevent this.),,
1902,UI/GameOverTip_Insectoids,UI,0,,An insectoid branch of evolution has taken over the city and begun to actively displace humanity. (Regular operations in the city could have helped prevent this.),,
1903,UI/GameOverTip_Hack,UI,0,,A hacker group gained complete control over the web and infiltrated the government. (Regular operations in the city could have helped prevent this.),,
1904,UI/GameOverTip_PostApoc2,UI,0,,"An augmentation frenzy struck the city, leading to anarchy. (Regular operations in the city could have helped prevent this.)",,
1905,UI/GameOverTip_CultActivity2,UI,0,,The cultists have completed the summoning and are actively destroying humanity. (Regular operations in the city could have helped prevent this.),,
1906,UI/GameOverTip_SatanaMushroom,UI,0,,Mushroom-worshippers have summoned hellspawn. (Regular operations in the city could have helped prevent this.),,
1907,UI/GameOverTip_Goser,UI,0,,We completely lost control over the fairytale creatures. (Regular operations in the city could have helped prevent this.),,
1908,UI/GameOverTip_Transform,UI,0,,The technomancers have completed the transformation of the city into their weapon. (Regular operations in the city could have helped prevent this.),,
1909,Правила /Для Китайского и Корейского фонетическая транслитерация иероглифами.,Правила ,0,,,,
1910,Правила /Для Японского транслитерация катаканой,Правила ,0,,,,
1911,"Правила /Если в названии есть общипринятые термины типа Восточная, Западная, Европа, Америка и тд - Неоригинальную часть переводить, остальную транслитерировать с легкой шлифовкой по необходимости.",Правила ,0,,,,
1912,Instructions/,Instructions,0,,#N/A,,
1913,Shop/TGLS_Bobblehead,Shop,0,,A cute red panda figurine from the last gas station in a faraway suburb. It'll brighten up the daily grind and help you calm your mind a bit.,,
1914,Shop/TLGS_Bobblehead_Title,Shop,0,,Red Panda Figurine,,
1915,Правила /Для Китайского и Корейского фонетическая транслитерация иероглифами.,Правила ,0,,,,
1916,Правила /Для Японского транслитерация катаканой,Правила ,0,,,,
1917,"Правила /Если в названии есть общипринятые термины типа Восточная, Западная, Европа, Америка и тд - Неоригинальную часть переводить, остальную транслитерировать с легкой шлифовкой по необходимости.",Правила ,0,,,,
1918,Правила /Для Китайского и Корейского фонетическая транслитерация иероглифами.,Правила ,0,,,,
1919,Правила /Для Японского транслитерация катаканой,Правила ,0,,,,
1920,"Правила /Если в названии есть общипринятые термины типа Восточная, Западная, Европа, Америка и тд - Неоригинальную часть переводить, остальную транслитерировать с легкой шлифовкой по необходимости.",Правила ,0,,,,
1921,Doc_Loc/Siniy_Kvadrat_Name,Doc_Loc,0,,Quadratum Caeruleum,,
1922,Doc_Loc/Fioletoviy_kvadrat_Name,Doc_Loc,0,,Quadratum Purpureum,,
1923,Doc_Loc/Seraya_sliz_Name,Doc_Loc,0,,Sphaera Ferromorpha,,
1924,Doc_Loc/Simbiont_Name,Doc_Loc,0,,Symbion Oculus,,
1925,Doc_Loc/Simb-otrostok_Name,Doc_Loc,0,,Tentaculum Infectans,,
1926,Doc_Loc/Kiber-erit_Name,Doc_Loc,0,,Erythrocytus Cyberneticus,,
1927,Doc_Loc/Geks_Name,Doc_Loc,0,,Octodiscus Aureus,,
1928,Doc_Loc/II-erit_Name,Doc_Loc,0,,Erythrocytus Cognitivus,,
1929,Doc_Loc/Tekhno-komar_Name,Doc_Loc,0,,Culex Replicator,,
1930,Doc_Loc/Tekhno-shmel_Name,Doc_Loc,0,,Bombus Metallicus,,
1931,Doc_Loc/Tekhno-tsvetok_Name,Doc_Loc,0,,Flos Metallicus,,
1932,Doc_Loc/Gniloy_eri_Name,Doc_Loc,0,,Erythrocytus Necroticus,,
1933,Doc_Loc/Sinyaya_izolenta_Name,Doc_Loc,0,,Taenia Caerulea,,
1934,Doc_Loc/Eri_v_izolente_Name,Doc_Loc,0,,Erythrocytus Ligatus,,
1935,Doc_Loc/Chernaya_izolenta_Name,Doc_Loc,0,,Taenia Nigra,,
1936,Doc_Loc/Roy_oskolkov_Name,Doc_Loc,0,,Examen Viride,,
1937,Doc_Loc/Eri_v_oskolkakh_Name,Doc_Loc,0,,Erythrocytus Fragmentatus,,
1938,Doc_Loc/5G_Eri_Name,Doc_Loc,0,,Erythrocytus Telemetricus,,
1939,Doc_Loc/Lichinka_Name,Doc_Loc,0,,Larva Locustarum,,
1940,Doc_Loc/Koroleva_roya_Name,Doc_Loc,0,,Regina Examinis,,
1941,Doc_Loc/Sgustok_slizi_Name,Doc_Loc,0,,Mucus Animatus,,
1942,Doc_Loc/Sliz-eri_Name,Doc_Loc,0,,Erythrocytus Mucosus,,
1943,Doc_Loc/Siniy_Kvadrat_Desc,Doc_Loc,0,,An inorganic cellular structure from another planet. Serves as a medium for transferring charge and information.,,
1944,Doc_Loc/Fioletoviy_kvadrat_Desc,Doc_Loc,0,,An overclocked form of the quadratic carrier. Aggressively destroys organic matter and overloads machinery.,,
1945,Doc_Loc/Seraya_sliz_Desc,Doc_Loc,0,,A nanite pseudo-organism with a ferromagnetic structure. Engulfs its victim and turns it into a copy of itself.,,
1946,Doc_Loc/Simbiont_Desc,Doc_Loc,0,,A sentient cluster of nanite slime with rapidly regenerating tentacles. Reproduces by detaching infectious tendrils.,,
1947,Doc_Loc/Simb-otrostok_Desc,Doc_Loc,0,,"A mobile, non-sentient tendril. Embeds itself in a cell and completely rebuilds it into a new parent cluster.",,
1948,Doc_Loc/Kiber-erit_Desc,Doc_Loc,0,,A semi-synthetic blood cell. Spreads protective augments and rebuilds alien organoids.,,
1949,Doc_Loc/Geks_Desc,Doc_Loc,0,,A synthetic network unit. Spreads the influence of AM0N.,,
1950,Doc_Loc/II-erit_Desc,Doc_Loc,0,,A networked erythrocyte. Bends healthy cells to the will of AM0N.,,
1951,Doc_Loc/Tekhno-komar_Desc,Doc_Loc,0,,A mechanical blood-sucking replicator. Fully drains an erythrocyte and uses the harvested material to divide.,,
1952,Doc_Loc/Tekhno-shmel_Desc,Doc_Loc,0,,Autonomous mechanoid microfauna. Pollinates inanimate synthetics.,,
1953,Doc_Loc/Tekhno-tsvetok_Desc,Doc_Loc,0,,A mechanoid microflora structure that emits a nutrient signal. Attracts replicators and reshapes them.,,
1954,Doc_Loc/Gniloy_eri_Desc,Doc_Loc,0,,A blackened necrotic cell surrounded by a toxic haze. Infects healthy erythrocytes and accelerates their decay.,,
1955,Doc_Loc/Sinyaya_izolenta_Desc,Doc_Loc,0,,"A tape-like augment capable of binding living and damaged cells. Wraps itself around a cell, forming a protective cocoon.",,
1956,Doc_Loc/Eri_v_izolente_Desc,Doc_Loc,0,,An erythrocyte tightly bound in a protective sheath. It retains its mobility but seeks to leave the site of infection.,,
1957,Doc_Loc/Chernaya_izolenta_Desc,Doc_Loc,0,,An aggressive tape-like augment. Overheats the blue tapes and destroys any organoids through an exothermic reaction.,,
1958,Doc_Loc/Roy_oskolkov_Desc,Doc_Loc,0,,A synthetic colony of microscopic chips. Surrounds an erythrocyte and anchors itself in its membrane.,,
1959,Doc_Loc/Eri_v_oskolkakh_Desc,Doc_Loc,0,,An erythrocyte covered in embedded microchips. The cell retains its mobility and tries to leave the site of infection.,,
1960,Doc_Loc/5G_Eri_Desc,Doc_Loc,0,,An augmented erythrocyte controlled by external signals. Reprograms the embedded microchips.,,
1961,Doc_Loc/Lichinka_Desc,Doc_Loc,0,,"A cellular scavenger that feeds on necrotic cells. After processing them, it releases a healthy blood cell.",,
1962,Doc_Loc/Koroleva_roya_Desc,Doc_Loc,0,,An evolved reproductive specimen that commands the swarm's slime forms. Infects erythrocytes with slime and devours them along with their offspring.,,
1963,Doc_Loc/Sgustok_slizi_Desc,Doc_Loc,0,,A detached fragment of living slime. Engulfs an erythrocyte and rebuilds it into a slime form. Moves on instinct.,,
1964,Doc_Loc/Sliz-eri_Desc,Doc_Loc,0,,A swollen slime membrane with an erythrocyte trapped inside. Instinctively returns to the swarm queen.,,
1965,CityOperations/op_dm_recon_graygoo_name,CityOperations,0,,Collecting Data on the Ferrosludge Spread,,
1966,CityOperations/op_dm_mapping_graygoo_name,CityOperations,0,,Mapping the Probabilities of Ferrosludge Neutralization,,
1967,CityOperations/op_dm_initializing_graygoo_name,CityOperations,0,,"Initiating Convergence Points ""0-1-Temperance-January""",,
1968,CityOperations/op_dm_stability_graygoo_name,CityOperations,0,,"Stabilizing a Sustained Nexus ""1-0-Rust-Angel""",,
1969,CityOperations/op_dm_gofunction_graygoo_name,CityOperations,0,,"Activating the doSaveTheWorld(""Chalice"") Function",,
1970,CityOperations/op_dm_recon_graygoo_descr,CityOperations,0,,"Send analytical drones into the containment zones of the ferrosludge lakes. Collect samples and perform spectral, ultrasonic, and lambda-frequency analyses. Upload the collected data to Machina Fatorum over a dedicated encrypted channel.",,
1971,CityOperations/op_dm_mapping_graygoo_descr,CityOperations,0,,Initiate heuristic methods for overlaying probable lines of development onto the city's nodal zones. Send neutralizer drones to eliminate any spatiotemporal anomalies that arise.,,
1972,CityOperations/op_dm_initializing_graygoo_descr,CityOperations,0,,"Pinpoint the nodal convergence points of the probability lines for eliminating the ferrosludge threat, following the priority variant of the event matrix (node code: ""0-1-Temperance-January"").",,
1973,CityOperations/op_dm_stability_graygoo_descr,CityOperations,0,,"Stabilize the priority convergence nexus of the probability lines (node code: ""1-0-Rust-Angel""). Send engineering drones to deploy a network of repeaters. To ensure safety, deploy ""guardian bird"" units.",,
1974,CityOperations/op_dm_gofunction_graygoo_descr,CityOperations,0,,"Begin the procedure of converging the probability lines at the stabilized nexus point and fully deploy the ""Chalice"" variation. Ensure containment of the ferrosludge with ""guardian bird"" units and suppressor-blockers. Ensure the uninterrupted operation of Machina Fatorum until the deployment of the event nexus is fully complete.",,
1975,CityOperations/op_dm_recon_cybersoldiers_name,CityOperations,0,,Collecting Data on Cyber-Soldier Structure and Protocols,,
1976,CityOperations/op_dm_mapping_cybersoldiers_name,CityOperations,0,,Mapping the Probabilities of a Total Cyber-Soldier Lockdown,,
1977,CityOperations/op_dm_initializing_cybersoldiers_name,CityOperations,0,,"Initiating Convergence Points ""1-9-Strength-Red""",,
1978,CityOperations/op_dm_stability_cybersoldiers_name,CityOperations,0,,Stabilizing a Sustained Nexus,,
1979,CityOperations/op_dm_gofunction_cybersoldiers_name,CityOperations,0,,"Activating the doSaveTheWorld(""Sun"") Function",,
1980,CityOperations/op_dm_recon_cybersoldiers_descr,CityOperations,0,,"Send camouflaged hacker drones into the cyber-soldiers' command centers. Copy their protocols, databases, blueprints, and technical documentation. Upload the collected data to Machina Fatorum over a dedicated encrypted channel.",,
1981,CityOperations/op_dm_mapping_cybersoldiers_descr,CityOperations,0,,Initiate heuristic methods for overlaying probable lines of development onto the city's nodal zones. Send strike drones to stage local diversions and draw the attention of the cyber-soldiers' combat groups.,,
1982,CityOperations/op_dm_initializing_cybersoldiers_descr,CityOperations,0,,Localize the nodal points of probability-line convergence. Exterminate the rebel cyber soldiers according to the priority variant of the event matrix (node ​​code: 1-9-Power-Red).,,
1983,CityOperations/op_dm_stability_cybersoldiers_descr,CityOperations,0,,"Stabilize the priority convergence nexus of the probability lines (node code: ""9-1-Lake-Amber""). Send engineering drones to deploy a network of repeaters. Use fire munitions to stage diversions and draw off the cyber-soldiers' main forces and patrols.",,
1984,CityOperations/op_dm_gofunction_cybersoldiers_descr,CityOperations,0,,"Begin the procedure of converging the probability lines at the stabilized nexus point and fully deploy the ""Sun"" variation. Ensure containment of the cyber-soldier strike squads with ""guardian bird"" units and fire munitions. Ensure the uninterrupted operation of Machina Fatorum until the deployment of the event nexus is fully complete.",,
1985,CityOperations/op_dm_recon_replicators_name,CityOperations,0,,Collecting Data on the Replicators,,
1986,CityOperations/op_dm_mapping_replicators_name,CityOperations,0,,Mapping the Probabilities of Eliminating the Replicators,,
1987,CityOperations/op_dm_initializing_replicators_name,CityOperations,0,,"Initiating Convergence Points ""8-5-Justice-Metal""",,
1988,CityOperations/op_dm_stability_replicators_name,CityOperations,0,,"Stabilizing a Sustained Nexus ""5-8-Nickel-Centurion""",,
1989,CityOperations/op_dm_gofunction_replicators_name,CityOperations,0,,"Activating the doSaveTheWorld(""Death"") Function",,
1990,CityOperations/op_dm_recon_replicators_descr,CityOperations,0,,"Send analytical drones into the areas where the replicators cluster. Conduct remote study and spectral, ultrasonic, and lambda-frequency analyses. Collect cyber-biological material. Upload the collected data to Machina Fatorum over a dedicated encrypted channel.",,
1991,CityOperations/op_dm_mapping_replicators_descr,CityOperations,0,,Initiate heuristic methods for overlaying probable lines of development onto the city's nodal zones. Send decoy drones to draw off the replicator clusters.,,
1992,CityOperations/op_dm_initializing_replicators_descr,CityOperations,0,,"Pinpoint the nodal convergence points of the probability lines for eliminating the ferrosludge threat, following the priority variant of the event matrix (node code: ""8-5-Justice-Metal"").",,
1993,CityOperations/op_dm_stability_replicators_descr,CityOperations,0,,"Stabilize the priority convergence nexus of the probability lines (node code: ""5-8-Nickel-Centurion""). Send engineering drones to deploy a network of repeaters. Use fire munitions to stage diversions and draw off the cyber-soldiers' main forces and patrols.",,
1994,CityOperations/op_dm_gofunction_replicators_descr,CityOperations,0,,"Begin the procedure of converging the probability lines at the stabilized nexus point and fully deploy the ""Death"" variation. Ensure the replicators are drawn off with groups of decoy drones. Ensure the uninterrupted operation of Machina Fatorum until the deployment of the event nexus is fully complete.",,
1995,CityOperations/op_dm_recon_hellmushroom_name,CityOperations,0,,Collecting Data on the Panmycosis,,
1996,CityOperations/op_dm_mapping_hellmushroom_name,CityOperations,0,,Mapping the Probabilities of Total Mycelium Destruction,,
1997,CityOperations/op_dm_initializing_hellmushroom_name,CityOperations,0,,"Initiating Convergence Points ""0-0-Wand-Sapphire""",,
1998,CityOperations/op_dm_stability_hellmushroom_name,CityOperations,0,,"Stabilizing a Sustained Nexus ""0-0-Silver-Air""",,
1999,CityOperations/op_dm_gofunction_hellmushroom_name,CityOperations,0,,"Activating the doSaveTheWorld(""Devil"") Function",,
2000,CityOperations/op_dm_recon_hellmushroom_descr,CityOperations,0,,"Send analytical drones into the areas where the Fungus Maledictus mycelia cluster. Collect samples and perform chemical, radio-frequency, and spectral analyses. Upload the collected data to Machina Fatorum over a dedicated encrypted channel.",,
2001,CityOperations/op_dm_mapping_hellmushroom_descr,CityOperations,0,,Initiate heuristic methods for overlaying probable lines of development onto the city's nodal zones. Send fire incendiary munitions to start local fires and draw the attention of the fungal cult's members.,,
2002,CityOperations/op_dm_initializing_hellmushroom_descr,CityOperations,0,,"Pinpoint the nodal convergence points of the probability lines for eliminating the Fungus Maledictus panmycosis, following the priority variant of the event matrix (node code: ""0-0-Wand-Sapphire"").",,
2003,CityOperations/op_dm_stability_hellmushroom_descr,CityOperations,0,,"Stabilize the priority convergence nexus of the probability lines (node code: ""0-0-Silver-Air""). Send engineering drones to deploy a network of repeaters. Use incendiary loitering munitions to start large-scale fires and isolate members of the Mushroom Cult.",,
2004,CityOperations/op_dm_gofunction_hellmushroom_descr,CityOperations,0,,Initiate probability-line convergence at the stabilized nexus point and the full deployment of the Devil variation. Cut off the groups of mushroom cultists with fires and smoke. Ensure uninterrupted operation of Machina Fatorum until the event-nexus deployment is completed.,,
2005,CityOperations/op_dm_recon_gosersugar_name,CityOperations,0,,Collecting Data on Gozer the Sweetener,,
2006,CityOperations/op_dm_mapping_gosersugar_name,CityOperations,0,,Mapping the Probabilities of Banishing the Summoned Entity,,
2007,CityOperations/op_dm_initializing_gosersugar_name,CityOperations,0,,"Initiating Convergence Points ""2-0-Star-September""",,
2008,CityOperations/op_dm_stability_gosersugar_name,CityOperations,0,,"Stabilizing a Sustained Nexus ""0-2-Wheel-West""",,
2009,CityOperations/op_dm_gofunction_gosersugar_name,CityOperations,0,,"Activating the doSaveTheWorld(""Fortune"") Function",,
2010,CityOperations/op_dm_recon_gosersugar_descr,CityOperations,0,,Send analytical drones to Gozer the Sweetener to study it. Perform a radio-frequency and spectral analysis. Upload the collected data to Machina Fatorum over a dedicated encrypted channel.,,
2011,CityOperations/op_dm_mapping_gosersugar_descr,CityOperations,0,,Initiate heuristic methods for overlaying probable lines of development onto the city's nodal zones. Send strike drones to slow and contain Gozer the Sweetener.,,
2012,CityOperations/op_dm_initializing_gosersugar_descr,CityOperations,0,,"Pinpoint the nodal convergence points of the probability lines for banishing the summoned entity Gozer the Sweetener, following the priority variant of the event matrix (node code: ""2-0-Star-September"").",,
2013,CityOperations/op_dm_stability_gosersugar_descr,CityOperations,0,,"Stabilize the priority convergence nexus of the probability lines (node code: ""0-2-Wheel-West""). Send engineering drones to deploy a network of repeaters. Use loitering munitions, ""guardian birds,"" and strike drones to contain Gozer the Sweetener.",,
2014,CityOperations/op_dm_gofunction_gosersugar_descr,CityOperations,0,,"Begin the procedure of converging the probability lines at the stabilized nexus point and fully deploy the ""Fortune"" variation. Slow the advance of Gozer the Sweetener by every means available. Ensure the uninterrupted operation of Machina Fatorum until the deployment of the event nexus is fully complete.",,
2015,CityOperations/op_dm_recon_hitechmages_name,CityOperations,0,,Collecting Data on the Order of Technomancers,,
2016,CityOperations/op_dm_mapping_hitechmages_name,CityOperations,0,,Mapping the Probabilities of Eliminating the Order of Technomancers,,
2017,CityOperations/op_dm_initializing_hitechmages_name,CityOperations,0,,"Initiating Convergence Points ""2-0-Priestess-Throne""",,
2018,CityOperations/op_dm_stability_hitechmages_name,CityOperations,0,,"Stabilizing a Sustained Nexus ""0-2-Falcon-Darkness""",,
2019,CityOperations/op_dm_gofunction_hitechmages_name,CityOperations,0,,"Activating the doSaveTheWorld(""Sword"") Function",,
2020,CityOperations/op_dm_recon_hitechmages_descr,CityOperations,0,,"Send analytical drones to the headquarters of the Order of Technomancers. Copy their protocols, databases, blueprints, and technical documentation. Upload the collected data to Machina Fatorum over a dedicated encrypted channel.",,
2021,CityOperations/op_dm_mapping_hitechmages_descr,CityOperations,0,,Initiate heuristic methods for overlaying probable lines of development onto the city's nodal zones. Send fire munitions with EMP warheads to stage local diversions.,,
2022,CityOperations/op_dm_initializing_hitechmages_descr,CityOperations,0,,"Pinpoint the nodal convergence points of the probability lines for eliminating the Order of Technomancers, following the priority variant of the event matrix (node code: ""2-0-Priestess-Throne"").",,
2023,CityOperations/op_dm_stability_hitechmages_descr,CityOperations,0,,"Stabilize the priority convergence nexus of the probability lines (node code: ""0-2-Falcon-Darkness""). Send engineering drones to deploy a network of repeaters. Use fire munitions with EMP warheads and jammers to counter the combat squads of the Order of Technomancers.",,
2024,CityOperations/op_dm_gofunction_hitechmages_descr,CityOperations,0,,"Begin the procedure of converging the probability lines at the stabilized nexus point and fully deploy the ""Sword"" variation. Use loitering anti-radar munitions, jammers, and EMP munitions to counter the combat squads of the Order of Technomancers. Ensure the uninterrupted operation of Machina Fatorum until the deployment of the event nexus is fully complete.",,
2025,CityOperations/op_dm_recon_grasshoppers_name,CityOperations,0,,Collecting Data on the Necrophage Locusts,,
2026,CityOperations/op_dm_mapping_grasshoppers_name,CityOperations,0,,Mapping the Probabilities of Exterminating the Corpse-Eating Locusts,,
2027,CityOperations/op_dm_initializing_grasshoppers_name,CityOperations,0,,"Initiating Convergence Points ""1-6-Judgement-Brook""",,
2028,CityOperations/op_dm_stability_grasshoppers_name,CityOperations,0,,"Stabilizing a Sustained Nexus ""6-1-Boomerang-Sun""",,
2029,CityOperations/op_dm_gofunction_grasshoppers_name,CityOperations,0,,"Activating the doSaveTheWorld(""Moon"") Function",,
2030,CityOperations/op_dm_recon_grasshoppers_descr,CityOperations,0,,"Send analytical drones to the egg clusters of the necrophage locusts. Collect samples and perform chemical, biological, and spectral analyses. Upload the collected data to Machina Fatorum over a dedicated encrypted channel.",,
2031,CityOperations/op_dm_mapping_grasshoppers_descr,CityOperations,0,,Initiate heuristic methods for overlaying probable lines of development onto the city's nodal zones. Send decoy drones to draw off the adult necrophage locusts.,,
2032,CityOperations/op_dm_initializing_grasshoppers_descr,CityOperations,0,,"Pinpoint the nodal convergence points of the probability lines for eliminating the Order of Technomancers, following the priority variant of the event matrix (node code: ""1-6-Judgement-Brook"").",,
2033,CityOperations/op_dm_stability_grasshoppers_descr,CityOperations,0,,"Stabilize the priority convergence nexus of the probability lines (node code: ""6-1-Boomerang-Sun""). Send engineering drones to deploy a network of repeaters. Send decoy drones and pheromone sprayers to draw off the adult necrophage locusts.",,
2034,CityOperations/op_dm_gofunction_grasshoppers_descr,CityOperations,0,,"Begin the procedure of converging the probability lines at the stabilized nexus point and fully deploy the ""Moon"" variation. Drop bodies in the outlying districts of the city and deploy pheromone sprayers to draw off the adult corpse-eating locusts. Ensure the uninterrupted operation of Machina Fatorum until the deployment of the event nexus is fully complete.",,
2035,CityOperations/op_dm_recon_hackermans_name,CityOperations,0,,"Collecting Data on the ""BS0DeaD"" Hacker Group",,
2036,CityOperations/op_dm_mapping_hackermans_name,CityOperations,0,,"Mapping the Probabilities of Crushing the ""BS0DeaD"" Hacker Group",,
2037,CityOperations/op_dm_initializing_hackermans_name,CityOperations,0,,"Initiating Convergence Points ""0-1-Crown-Sea""",,
2038,CityOperations/op_dm_stability_hackermans_name,CityOperations,0,,"Stabilizing a Sustained Nexus ""1-0-Emperor-Gold""",,
2039,CityOperations/op_dm_gofunction_hackermans_name,CityOperations,0,,"Activating the doSaveTheWorld(""Hermit"") Function",,
2040,CityOperations/op_dm_recon_hackermans_descr,CityOperations,0,,"Send analytical drones to the known data centers of the ""BS0DeaD"" hacker group. Copy their protocols, databases, blueprints, and technical documentation. Upload the collected data to Machina Fatorum over a dedicated encrypted channel.",,
2041,CityOperations/op_dm_mapping_hackermans_descr,CityOperations,0,,"Initiate heuristic methods for overlaying probable lines of development onto the city's nodal zones. Send fire EMP munitions to eliminate the data centers of the ""BS0DeaD"" hacker group.",,
2042,CityOperations/op_dm_initializing_hackermans_descr,CityOperations,0,,"Pinpoint the nodal convergence points of the probability lines for eliminating the Order of Technomancers, following the priority variant of the event matrix (node code: ""0-1-Crown-Sea"").",,
2043,CityOperations/op_dm_stability_hackermans_descr,CityOperations,0,,Stabilize the priority nexus of probability-line convergence (node ​​code: 6-1-Emperor-Gold). Send engineering drones to deploy a relay network. Use strike drones and loitering EMP munitions to destroy the data centers of the BS0DeaD hacker group.,,
2044,CityOperations/op_dm_gofunction_hackermans_descr,CityOperations,0,,"Begin the procedure of converging the probability lines at the stabilized nexus point and fully deploy the ""Hermit"" variation. Launch a massive strike on the data centers and safe houses of the ""BS0DeaD"" hacker group. Ensure the uninterrupted operation of Machina Fatorum until the deployment of the event nexus is fully complete.",,
2045,CityOperations/op_dm_recon_anarchia_name,CityOperations,0,,Collecting Data on the Implant Frenzy Epidemic,,
2046,CityOperations/op_dm_mapping_anarchia_name,CityOperations,0,,Mapping the Probabilities of Curing the Implant Frenzy,,
2047,CityOperations/op_dm_initializing_anarchia_name,CityOperations,0,,Initiating Convergence Points,,
2048,CityOperations/op_dm_stability_anarchia_name,CityOperations,0,,Stabilizing a Sustained Nexus,,
2049,CityOperations/op_dm_gofunction_anarchia_name,CityOperations,0,,"Activating the doSaveTheWorld(""Tower"") Function",,
2050,CityOperations/op_dm_recon_anarchia_descr,CityOperations,0,,Deploy analytical drones to study the behavioral patterns and social interactions of the infected. Upload the collected data into Machina Fatorum via a dedicated encrypted communication channel.,,
2051,CityOperations/op_dm_mapping_anarchia_descr,CityOperations,0,,"Initiate heuristic methods for overlaying probable lines of development onto the city's nodal zones. Deploy the non-lethal ""guardian bird"" variant to counter the infected.",,
2052,CityOperations/op_dm_initializing_anarchia_descr,CityOperations,0,,"Pinpoint the nodal convergence points of the probability lines for curing the implant frenzy, following the priority variant of the event matrix (node code: ""2-9-Hanged Man-Tree"").",,
2053,CityOperations/op_dm_stability_anarchia_descr,CityOperations,0,,"Stabilize the priority convergence nexus of the probability lines (node code: ""9-2-Blueberry-Zodiac""). Send engineering drones to deploy a network of repeaters. Use sleeping-gas sprayers and the non-lethal ""guardian bird"" variant to counter the infected.",,
2054,CityOperations/op_dm_gofunction_anarchia_descr,CityOperations,0,,"Begin the procedure of converging the probability lines at the stabilized nexus point and fully deploy the ""Tower"" variation. Commit all available stocks of non-lethal gas and the non-lethal ""guardian bird"" variant. Ensure the uninterrupted operation of Machina Fatorum until the deployment of the event nexus is fully complete.",,
2055,Правила /Для Китайского и Корейского фонетическая транслитерация иероглифами.,Правила ,0,,,,
2056,Правила /Для Японского транслитерация катаканой,Правила ,0,,,,
2057,"Правила /Если в названии есть общипринятые термины типа Восточная, Западная, Европа, Америка и тд - Неоригинальную часть переводить, остальную транслитерировать с легкой шлифовкой по необходимости.",Правила ,0,,,,
2058,Instructions/76,Instructions,0,,Brain replaced with a computing module,,
2059,Instructions/77,Instructions,0,,Liver replaced with a dual chemical container,,
2060,Instructions/78,Instructions,0,,Kidney replaced with a filtering container,,
2061,Instructions/79,Instructions,0,,Gray mold on the skin,,
2062,Instructions/80,Instructions,0,,Green bone rot,,
2063,Instructions/81,Instructions,0,,Orange bone rot,,
2064,Instructions/82,Instructions,0,,Rotting internal organs,,
2065,Instructions/83,Instructions,0,,Tombstone in the photo,,
2066,Instructions/84,Instructions,0,,Corpse fly in the photo,,
2067,Instructions/85,Instructions,0,,Chitinous growths on the skin,,
2068,Instructions/86,Instructions,0,,Chitinous growths on the skin,,
2069,Instructions/87,Instructions,0,,Yellow resin on the bones,,
2070,Instructions/88,Instructions,0,,Green larvae on the heart,,
2071,Instructions/89,Instructions,0,,Green larvae on the lung,,
2072,Instructions/90,Instructions,0,,Liver replaced with an insectoid,,
2073,Instructions/91,Instructions,0,,Kidney replaced with an insectoid,,
2074,Instructions/92,Instructions,0,,Beetles on a space rift in the photo,,
2075,Instructions/93,Instructions,0,,Corpse-eating locust in the photo,,
2076,Instructions/94,Instructions,0,,Microchips implanted in the skin,,
2077,Instructions/95,Instructions,0,,Microchips implanted in the bones,,
2078,Instructions/96,Instructions,0,,Microchips implanted in the internal organs,,
2079,Instructions/97,Instructions,0,,Microchip fragments in the photo,,
2080,Instructions/98,Instructions,0,,Crudely stitched scars on the skin,,
2081,Instructions/99,Instructions,0,,Rusty plates on the skin,,
2082,Instructions/100,Instructions,0,,Rusty nails in the bones,,
2083,Instructions/101,Instructions,0,,Rusty metal bones,,
2084,Instructions/102,Instructions,0,,Blue electrical tape on the internal organs,,
2085,Instructions/103,Instructions,0,,Packaged lung,,
2086,Instructions/104,Instructions,0,,Packaged liver,,
2087,Instructions/105,Instructions,0,,Plumes of smoke in the photo,,
2088,Instructions/106,Instructions,0,,Makeshift space rift repair in the photo,,
2089,Instructions/107,Instructions,0,,Erythrocytus Necroticus in the blood,,
2090,Instructions/108,Instructions,0,,Taenia Caerulea in the blood,,
2091,Instructions/109,Instructions,0,,Larva Locustarum in the blood,,
2092,Instructions/110,Instructions,0,,Mushroom Fairy in the Photo,,
2093,Instructions/111,Instructions,0,,Bone Replaced with Fungal Honeycomb,,
2094,Instructions/112,Instructions,0,,Inky Heart,,
2095,Instructions/113,Instructions,0,,Morel Transformation of the Kidney,,
2096,Instructions/114,Instructions,0,,Blood-Fungal Transformation of the Liver,,
2097,Instructions/115,Instructions,0,,Malicious Fungal Stomach,,
2098,Instructions/116,Instructions,0,,Mold Growth on the Lung,,
2099,Instructions/117,Instructions,0,,Yellow Moss on the Skin,,
2100,Instructions/118,Instructions,0,,Necrotic Affliction of the Skin,,
2101,Instructions/119,Instructions,0,,Blood Bubbles in the Photo,,
2102,Instructions/120,Instructions,0,,Clot of Biomass in the Photo,,
2103,Instructions/121,Instructions,0,,Observer Cube in the Photo,,
2104,Instructions/122,Instructions,0,,Holographic Panel in the Photo,,
2105,Instructions/123,Instructions,0,,Giant Mushroom in the Photo,,
2106,Instructions/124,Instructions,0,,Kombucha in the Photo,,
2107,Instructions/125,Instructions,0,,Cobweb in the Photo,,
2108,Instructions/126,Instructions,0,,Bronze Beetle in the Photo,,
2109,Instructions/127,Instructions,0,,Macrophagus Pakumanii in the Blood,,
2110,Instructions/128,Instructions,0,,Vermis Orbitans in the Blood,,
2111,Instructions/129,Instructions,0,,Quadratum Caeruleum in the Blood,,
2112,Instructions/130,Instructions,0,,Quadratum Purpureum in the Blood,,
2113,Instructions/131,Instructions,0,,Sphaera Ferromorpha in the Blood,,
2114,Instructions/132,Instructions,0,,Symbion Oculus in the Blood,,
2115,Instructions/133,Instructions,0,,Tentaculum Infectans in the Blood,,
2116,Instructions/134,Instructions,0,,Erythrocytus Cyberneticus in the Blood,,
2117,Instructions/135,Instructions,0,,Octodiscus Aureus in the Blood,,
2118,Instructions/136,Instructions,0,,Erythrocytus Cognitivus in the Blood,,
2119,Instructions/137,Instructions,0,,Culex Replicator in the Blood,,
2120,Instructions/138,Instructions,0,,Bombus Metallicus in the Blood,,
2121,Instructions/139,Instructions,0,,Flos Metallicus in the Blood,,
2122,Instructions/140,Instructions,0,,Erythrocytus Ligatus in the Blood,,
2123,Instructions/141,Instructions,0,,Taenia Nigra in the Blood,,
2124,Instructions/142,Instructions,0,,Examen Viride in the Blood,,
2125,Instructions/143,Instructions,0,,Erythrocytus Fragmentatus in the Blood,,
2126,Instructions/144,Instructions,0,,Erythrocytus Telemetricus in the Blood,,
2127,Instructions/145,Instructions,0,,Regina Examinis in the Blood,,
2128,Instructions/146,Instructions,0,,Mucus Animatus in the Blood,,
2129,Instructions/147,Instructions,0,,Erythrocytus Mucosus in the Blood,,
2130,Instructions/148,Instructions,0,,Overheated Plates on the Skin,,
2131,Instructions/149,Instructions,0,,Scarlet Scars on the Skin,,
2132,Instructions/150,Instructions,0,,Degraded Skeletal Implants,,
2133,Instructions/151,Instructions,0,,Decompensated Augmentation of the Brain,,
2134,Instructions/152,Instructions,0,,Decompensated Augmentation of the Kidney,,
2135,Instructions/153,Instructions,0,,Decompensated Augmentation of the Stomach,,
2136,Instructions/154,Instructions,0,,Decompensated Bagisation of the Liver,,
2137,Instructions/155,Instructions,0,,Decompensated Bagisation of the Lung,,
2138,Instructions/156,Instructions,0,,Decompensated Augmentation of the Heart,,
2139,Instructions/157,Instructions,0,,Advanced Chipization of the Skin,,
2140,Instructions/158,Instructions,0,,Advanced Chipization of the Bone,,
2141,Instructions/159,Instructions,0,,Advanced Chipization of Internal Organs,,
2142,Instructions/160,Instructions,0,,Advanced Tariffication of the Liver,,
2143,Instructions/161,Instructions,0,,Insectomorphic Transformation of Internal Organs,,
2144,Instructions/162,Instructions,0,,Chitin-Like Scales on the Skin,,
2145,Instructions/163,Instructions,0,,Technomorphic Skeletal Implants,,
2146,Instructions/164,Instructions,0,,Technomorphic Organoids,,
2147,Instructions/165,Instructions,0,,Solar Bloom in the Photo,,
2148,Instructions/166,Instructions,0,,White Hexoids on the Skin,,
2149,Instructions/167,Instructions,0,,Ultra-Technological Bone Structures,,
2150,Instructions/168,Instructions,0,,Ultra-Technological Modification of Organs,,
2151,Instructions/169,Instructions,0,,Digital Spatial Rupture in the Photo,,
2152,Instructions/170,Instructions,0,,Technosymbiotic Transformation of the Bone Tissue,,
2153,Instructions/171,Instructions,0,,Technosymbiotic Transformation of Internal Organs,,
2154,Instructions/172,Instructions,0,,Gray Tentacles in the Photo,,
2155,Instructions/173,Instructions,0,,Mana-Bearing Crystal Growths on the Skin,,
2156,Instructions/174,Instructions,0,,Honey-Sweet Transformation of the Bone Tissue,,
2157,Instructions/175,Instructions,0,,Technomagical Transformation of Internal Organs,,
2158,Instructions/176,Instructions,0,,All-Seeing Eyes on the Skin,,
2159,Instructions/177,Instructions,0,,Ectoplasmic Skeleton,,
2160,Instructions/178,Instructions,0,,Alchemical Transmutation of Internal Organs,,
2161,Instructions/179,Instructions,0,,Alchemist's Skull,,
2162,Instructions/180,Instructions,0,,Demonic Fox in the Photo,,
2163,Instructions/181,Instructions,0,,Cheshire Smile in the Photo,,
2164,Instructions/182,Instructions,0,,Continuum Rupture on the Skin,,
2165,Instructions/183,Instructions,0,,Spectral Shift of the Bone Tissue,,
2166,Instructions/184,Instructions,0,,Continuum Shift of Internal Organs,,
2167,Instructions/185,Instructions,0,,Universal Mechanism in the Spatial Rupture in the Photo,,
2168,Instructions/186,Instructions,0,,Blood Type A+,,
2169,Instructions/187,Instructions,0,,Blood Type B+,,
2170,Instructions/188,Instructions,0,,Blood Type AB+,,
2171,Instructions/189,Instructions,0,,Blood Type O+,,
2172,Instructions/190,Instructions,0,,Blood Type A-,,
2173,Instructions/191,Instructions,0,,Blood Type B-,,
2174,Instructions/192,Instructions,0,,Blood Type AB-,,
2175,Instructions/193,Instructions,0,,Blood Type O-,,
2176,Instructions/194,Instructions,0,,Rapid Blood Test Type 0,,
2177,Instructions/195,Instructions,0,,Rapid Blood Test Type 1,,
2178,Instructions/196,Instructions,0,,Rapid Blood Test Type 2,,
2179,Instructions/197,Instructions,0,,Rapid Blood Test Type 3,,
2180,Instructions/198,Instructions,0,,Rapid Blood Test Type 4,,
2181,Instructions/199,Instructions,0,,Rapid Blood Test Type 5,,
2182,Instructions/200,Instructions,0,,Rapid Blood Test Type 6,,
2183,Instructions/201,Instructions,0,,Rapid Blood Test Type 7,,
2184,Instructions/202,Instructions,0,,Sphaera Numinis Aurei in the blood,,
2185,Instructions/203,Instructions,0,,Erythrocytus Psionicus in the blood,,
2186,Instructions/204,Instructions,0,,Spora Satanica in the blood,,
2187,Instructions/205,Instructions,0,,Erythrocytus Mycoticus in the blood,,
2188,Instructions/206,Instructions,0,,Erythrocytus Ignitus in the blood,,
2189,Instructions/207,Instructions,0,,Crystallus Arcanus in the blood,,
2190,Instructions/208,Instructions,0,,Erythrocytus Arcanus in the blood,,
2191,Instructions/209,Instructions,0,,Phantasma Vorax in the blood,,
2192,Instructions/210,Instructions,0,,Erythrocytus Vacuus in the blood,,
2193,Instructions/211,Instructions,0,,Folium Incantatum in the blood,,
2194,Instructions/212,Instructions,0,,Erythrocytus Sigillatus in the blood,,
2195,Instructions/213,Instructions,0,,Erythrocytus Digitalis in the blood,,
2196,Instructions/214,Instructions,0,,Virus Memeticum in the blood,,
2197,Instructions/215,Instructions,0,,Erythrocytus Quadratus in the blood,,
2198,Instructions/216,Instructions,0,,"Microelement, hazard level 1",,
2199,Instructions/217,Instructions,0,,"Microelement, hazard level 2",,
2200,Instructions/218,Instructions,0,,"Microelement, hazard level 3",,
2201,Instructions/219,Instructions,0,,"Microelement, hazard level 4",,
2202,Instructions/220,Instructions,0,,"Microelement, hazard level 5",,
2203,Instructions/221,Instructions,0,,"Microelement, hazard level 6",,
2204,Instructions/222,Instructions,0,,"Microelement, hazard level 2 or higher",,
2205,Instructions/223,Instructions,0,,"Microelement, hazard level 3 or higher",,
2206,Instructions/224,Instructions,0,,"Microelement, hazard level 4 or higher",,
2207,Instructions/225,Instructions,0,,"Microelement, hazard level 5 or higher",,
2208,Instructions/226,Instructions,0,,"Microelement, hazard level 6 or higher",,
2209,Instructions/227,Instructions,0,,"Microelement, Organoid class",,
2210,Instructions/228,Instructions,0,,"Microelement, Parasite class",,
2211,Instructions/229,Instructions,0,,"Microelement, Synthetic class",,
2212,Instructions/230,Instructions,0,,"Microelement, Mineral class",,
2213,Instructions/231,Instructions,0,,"Microelement, [CLASSIFIED] class",,
2214,Instructions/232,Instructions,0,,"Microelement, Swarm class",,
2215,Instructions/233,Instructions,0,,"Microelement, Metaphysical class",,
2216,Instructions/234,Instructions,0,,Visitor's own fingerprints on papers,,
2217,Instructions/235,Instructions,0,,Someone else's fingerprints on papers,,
2218,Instructions/236,Instructions,0,,Visitor's own fingerprints on passport,,
2219,Instructions/237,Instructions,0,,Someone else's fingerprints on passport,,
2220,Instructions/238,Instructions,0,,Visitor's own fingerprints on pass,,
2221,Instructions/239,Instructions,0,,Someone else's fingerprints on pass,,
2222,Instructions/240,Instructions,0,,Metaphysical,,
2223,Instructions/241,Instructions,0,,,,
2224,Instructions/242,Instructions,0,,,,
2225,Instructions/243,Instructions,0,,,,
2226,Instructions/244,Instructions,0,,,,
2227,Instructions/245,Instructions,0,,,,
2228,Instructions/246,Instructions,0,,,,
2229,Instructions/247,Instructions,0,,,,
2230,Instructions/248,Instructions,0,,,,
2231,Instructions/249,Instructions,0,,,,
2232,Instructions/250,Instructions,0,,,,
2233,Instructions/251,Instructions,0,,,,
2234,Instructions/252,Instructions,0,,,,
2235,Instructions/253,Instructions,0,,,,
2236,Instructions/254,Instructions,0,,,,
2237,Instructions/255,Instructions,0,,,,
2238,Instructions/256,Instructions,0,,,,
2239,Instructions/257,Instructions,0,,,,
2240,Instructions/258,Instructions,0,,,,
2241,Instructions/259,Instructions,0,,,,
2242,Instructions/260,Instructions,0,,,,
2243,Instructions/261,Instructions,0,,,,
2244,Instructions/262,Instructions,0,,,,
2245,Instructions/263,Instructions,0,,,,
2246,Instructions/264,Instructions,0,,,,
2247,Instructions/265,Instructions,0,,,,
2248,Instructions/266,Instructions,0,,,,
2249,Instructions/267,Instructions,0,,,,
2250,Instructions/268,Instructions,0,,,,
2251,Instructions/269,Instructions,0,,,,
2252,Instructions/270,Instructions,0,,,,
2253,Instructions/271,Instructions,0,,,,
2254,Instructions/272,Instructions,0,,,,
2255,Instructions/273,Instructions,0,,,,
2256,Instructions/274,Instructions,0,,,,
2257,Instructions/275,Instructions,0,,,,
2258,Instructions/276,Instructions,0,,,,
2259,Instructions/277,Instructions,0,,,,
2260,Instructions/278,Instructions,0,,,,
2261,Instructions/279,Instructions,0,,,,
2262,Instructions/280,Instructions,0,,,,
2263,Instructions/281,Instructions,0,,,,
2264,Instructions/282,Instructions,0,,,,
2265,Instructions/283,Instructions,0,,,,
2266,Instructions/284,Instructions,0,,,,
2267,Instructions/285,Instructions,0,,,,
2268,Instructions/286,Instructions,0,,,,
2269,Instructions/287,Instructions,0,,,,
2270,Instructions/288,Instructions,0,,,,
2271,Instructions/289,Instructions,0,,,,
2272,Instructions/290,Instructions,0,,,,
2273,Instructions/291,Instructions,0,,,,
2274,Instructions/292,Instructions,0,,,,
2275,Instructions/293,Instructions,0,,,,
2276,Instructions/294,Instructions,0,,,,
2277,Instructions/295,Instructions,0,,,,
2278,Instructions/296,Instructions,0,,,,
2279,Instructions/297,Instructions,0,,,,
2280,Instructions/298,Instructions,0,,,,
2281,Instructions/299,Instructions,0,,,,
2282,Instructions/300,Instructions,0,,,,
2283,Instructions/301,Instructions,0,,,,
2284,Instructions/302,Instructions,0,,,,
2285,Instructions/303,Instructions,0,,,,
2286,Instructions/304,Instructions,0,,,,
2287,Instructions/305,Instructions,0,,,,
2288,Instructions/306,Instructions,0,,,,
2289,Instructions/307,Instructions,0,,,,
2290,Instructions/308,Instructions,0,,,,
2291,Instructions/309,Instructions,0,,,,
2292,Instructions/310,Instructions,0,,,,
2293,Instructions/311,Instructions,0,,,,
2294,Instructions/312,Instructions,0,,,,
2295,Instructions/313,Instructions,0,,,,
2296,Instructions/314,Instructions,0,,,,
2297,Instructions/315,Instructions,0,,,,
2298,Instructions/316,Instructions,0,,,,
2299,Instructions/317,Instructions,0,,,,
2300,Instructions/318,Instructions,0,,,,
2301,Instructions/319,Instructions,0,,,,
2302,Instructions/320,Instructions,0,,,,
2303,Instructions/321,Instructions,0,,,,
2304,Instructions/322,Instructions,0,,,,
2305,Instructions/323,Instructions,0,,,,
2306,Instructions/324,Instructions,0,,,,
2307,Instructions/325,Instructions,0,,,,
2308,Instructions/326,Instructions,0,,,,
2309,Instructions/327,Instructions,0,,,,
2310,Instructions/328,Instructions,0,,,,
2311,Instructions/329,Instructions,0,,,,
2312,Instructions/330,Instructions,0,,,,
2313,Instructions/331,Instructions,0,,,,
2314,Instructions/332,Instructions,0,,,,
2315,Instructions/333,Instructions,0,,,,
2316,Instructions/334,Instructions,0,,,,
2317,Instructions/335,Instructions,0,,,,
2318,Instructions/336,Instructions,0,,,,
2319,Instructions/337,Instructions,0,,,,
2320,Instructions/338,Instructions,0,,,,
2321,Instructions/339,Instructions,0,,,,
2322,Instructions/340,Instructions,0,,,,
2323,Instructions/341,Instructions,0,,,,
2324,Instructions/342,Instructions,0,,,,
2325,Instructions/343,Instructions,0,,,,
2326,Instructions/344,Instructions,0,,,,
2327,Instructions/345,Instructions,0,,,,
2328,Instructions/346,Instructions,0,,,,
2329,Instructions/347,Instructions,0,,,,
2330,Instructions/348,Instructions,0,,,,
2331,Instructions/349,Instructions,0,,,,
2332,Instructions/350,Instructions,0,,,,
2333,Instructions/351,Instructions,0,,,,
2334,Instructions/352,Instructions,0,,,,
2335,Instructions/353,Instructions,0,,,,
2336,Instructions/354,Instructions,0,,,,
2337,Instructions/355,Instructions,0,,,,
2338,Instructions/356,Instructions,0,,,,
2339,Instructions/357,Instructions,0,,,,
2340,Instructions/358,Instructions,0,,,,
2341,Instructions/359,Instructions,0,,,,
2342,Instructions/360,Instructions,0,,,,
2343,Instructions/361,Instructions,0,,,,
2344,Instructions/362,Instructions,0,,,,
2345,Instructions/363,Instructions,0,,,,
2346,Instructions/364,Instructions,0,,,,
2347,Instructions/365,Instructions,0,,,,
2348,Instructions/366,Instructions,0,,,,
2349,Instructions/367,Instructions,0,,,,
2350,Instructions/368,Instructions,0,,,,
2351,Instructions/369,Instructions,0,,,,
2352,Instructions/370,Instructions,0,,,,
2353,Instructions/371,Instructions,0,,,,
2354,Instructions/372,Instructions,0,,,,
2355,Instructions/373,Instructions,0,,,,
2356,Instructions/374,Instructions,0,,,,
2357,Instructions/375,Instructions,0,,,,
2358,Instructions/376,Instructions,0,,,,
2359,Instructions/377,Instructions,0,,,,
2360,Instructions/378,Instructions,0,,,,
2361,Instructions/379,Instructions,0,,,,
2362,Instructions/380,Instructions,0,,,,
2363,Instructions/381,Instructions,0,,,,
2364,Instructions/382,Instructions,0,,,,
2365,Instructions/383,Instructions,0,,,,
2366,Instructions/384,Instructions,0,,,,
2367,Instructions/385,Instructions,0,,,,
2368,Instructions/386,Instructions,0,,,,
2369,Instructions/387,Instructions,0,,,,
2370,Instructions/388,Instructions,0,,,,
2371,Instructions/389,Instructions,0,,,,
2372,Instructions/390,Instructions,0,,,,
2373,Instructions/391,Instructions,0,,,,
2374,Instructions/392,Instructions,0,,,,
2375,Instructions/393,Instructions,0,,,,
2376,Instructions/394,Instructions,0,,,,
2377,Instructions/395,Instructions,0,,,,
2378,Instructions/396,Instructions,0,,,,
2379,Instructions/397,Instructions,0,,,,
2380,Instructions/398,Instructions,0,,,,
2381,Instructions/399,Instructions,0,,,,
2382,Instructions/400,Instructions,0,,,,
2383,Instructions/401,Instructions,0,,,,
2384,Instructions/402,Instructions,0,,,,
2385,Instructions/403,Instructions,0,,,,
2386,Instructions/404,Instructions,0,,,,
2387,Instructions/405,Instructions,0,,,,
2388,Instructions/406,Instructions,0,,,,
2389,Instructions/407,Instructions,0,,,,
2390,Instructions/408,Instructions,0,,,,
2391,Instructions/409,Instructions,0,,,,
2392,Instructions/410,Instructions,0,,,,
2393,Instructions/411,Instructions,0,,,,
2394,Instructions/412,Instructions,0,,,,
2395,Instructions/413,Instructions,0,,,,
2396,Instructions/414,Instructions,0,,,,
2397,Instructions/415,Instructions,0,,,,
2398,Instructions/416,Instructions,0,,,,
2399,Instructions/417,Instructions,0,,,,
2400,Instructions/418,Instructions,0,,,,
2401,Instructions/419,Instructions,0,,,,
2402,Instructions/420,Instructions,0,,,,
2403,Instructions/421,Instructions,0,,,,
2404,Instructions/422,Instructions,0,,,,
2405,Instructions/423,Instructions,0,,,,
2406,Instructions/424,Instructions,0,,,,
2407,Instructions/425,Instructions,0,,,,
2408,Instructions/426,Instructions,0,,,,
2409,Instructions/427,Instructions,0,,,,
2410,Instructions/428,Instructions,0,,,,
2411,Instructions/429,Instructions,0,,,,
2412,Instructions/430,Instructions,0,,,,
2413,Instructions/431,Instructions,0,,,,
2414,Instructions/432,Instructions,0,,,,
2415,Instructions/433,Instructions,0,,,,
2416,Instructions/434,Instructions,0,,,,
2417,Instructions/435,Instructions,0,,,,
2418,Instructions/436,Instructions,0,,,,
2419,Instructions/437,Instructions,0,,,,
2420,Instructions/438,Instructions,0,,,,
2421,Instructions/439,Instructions,0,,,,
2422,Instructions/440,Instructions,0,,,,
2423,Instructions/441,Instructions,0,,,,
2424,Instructions/442,Instructions,0,,,,
2425,Instructions/443,Instructions,0,,,,
2426,Instructions/444,Instructions,0,,,,
2427,Instructions/445,Instructions,0,,,,
2428,Instructions/446,Instructions,0,,,,
2429,Instructions/447,Instructions,0,,,,
2430,Instructions/448,Instructions,0,,,,
2431,Instructions/449,Instructions,0,,,,
2432,Instructions/450,Instructions,0,,,,
2433,Instructions/451,Instructions,0,,,,
2434,Instructions/452,Instructions,0,,,,
2435,Instructions/453,Instructions,0,,,,
2436,Instructions/454,Instructions,0,,,,
2437,Instructions/455,Instructions,0,,,,
2438,Instructions/456,Instructions,0,,,,
2439,Instructions/457,Instructions,0,,,,
2440,Instructions/458,Instructions,0,,,,
2441,Instructions/459,Instructions,0,,,,
2442,Instructions/460,Instructions,0,,,,
2443,Instructions/461,Instructions,0,,,,
2444,Instructions/462,Instructions,0,,,,
2445,Instructions/463,Instructions,0,,,,
2446,Instructions/464,Instructions,0,,,,
2447,Instructions/465,Instructions,0,,,,
2448,Instructions/466,Instructions,0,,,,
2449,Instructions/467,Instructions,0,,,,
2450,Instructions/468,Instructions,0,,,,
2451,Instructions/469,Instructions,0,,,,
2452,Instructions/470,Instructions,0,,,,
2453,Instructions/471,Instructions,0,,,,
2454,Instructions/472,Instructions,0,,,,
2455,Instructions/473,Instructions,0,,,,
2456,Instructions/474,Instructions,0,,,,
2457,Instructions/475,Instructions,0,,,,
2458,Instructions/476,Instructions,0,,,,
2459,Instructions/477,Instructions,0,,,,
2460,Instructions/478,Instructions,0,,,,
2461,Instructions/479,Instructions,0,,,,
2462,Instructions/480,Instructions,0,,,,
2463,Instructions/481,Instructions,0,,,,
2464,Instructions/482,Instructions,0,,,,
2465,Instructions/483,Instructions,0,,,,
2466,Instructions/484,Instructions,0,,,,
2467,Instructions/485,Instructions,0,,,,
2468,Instructions/486,Instructions,0,,,,
2469,Instructions/487,Instructions,0,,,,
2470,Instructions/488,Instructions,0,,,,
2471,Instructions/489,Instructions,0,,,,
2472,Instructions/490,Instructions,0,,,,
2473,Instructions/491,Instructions,0,,,,
2474,Instructions/492,Instructions,0,,,,
2475,Instructions/493,Instructions,0,,,,
2476,Instructions/494,Instructions,0,,,,
2477,Instructions/495,Instructions,0,,,,
2478,Instructions/496,Instructions,0,,,,
2479,Instructions/497,Instructions,0,,,,
2480,Instructions/498,Instructions,0,,,,
2481,Instructions/499,Instructions,0,,,,
2482,Instructions/500,Instructions,0,,,,
2483,Instructions/501,Instructions,0,,,,
2484,Instructions/502,Instructions,0,,,,
2485,Instructions/503,Instructions,0,,,,
2486,Instructions/504,Instructions,0,,,,
2487,Instructions/505,Instructions,0,,,,
2488,Instructions/506,Instructions,0,,,,
2489,Instructions/507,Instructions,0,,,,
2490,Instructions/508,Instructions,0,,,,
2491,Instructions/509,Instructions,0,,,,
2492,Instructions/510,Instructions,0,,,,
2493,Instructions/511,Instructions,0,,,,
2494,Instructions/512,Instructions,0,,,,
2495,Instructions/513,Instructions,0,,,,
2496,Instructions/514,Instructions,0,,,,
2497,Instructions/515,Instructions,0,,,,
2498,Instructions/516,Instructions,0,,,,
2499,Instructions/517,Instructions,0,,,,
2500,Instructions/518,Instructions,0,,,,
2501,Instructions/519,Instructions,0,,,,
2502,Instructions/520,Instructions,0,,,,
2503,Instructions/521,Instructions,0,,,,
2504,Instructions/522,Instructions,0,,,,
2505,Instructions/523,Instructions,0,,,,
2506,Instructions/524,Instructions,0,,,,
2507,Instructions/525,Instructions,0,,,,
2508,Instructions/526,Instructions,0,,,,
2509,Instructions/527,Instructions,0,,,,
2510,Instructions/528,Instructions,0,,,,
2511,Instructions/529,Instructions,0,,,,
2512,Instructions/530,Instructions,0,,,,
2513,Instructions/531,Instructions,0,,,,
2514,Instructions/532,Instructions,0,,,,
2515,Instructions/533,Instructions,0,,,,
2516,Instructions/534,Instructions,0,,,,
2517,Instructions/535,Instructions,0,,,,
2518,Instructions/536,Instructions,0,,,,
2519,Instructions/537,Instructions,0,,,,
2520,Instructions/538,Instructions,0,,,,
2521,Instructions/539,Instructions,0,,,,
2522,Instructions/540,Instructions,0,,,,
2523,Instructions/541,Instructions,0,,,,
2524,Instructions/542,Instructions,0,,,,
2525,Instructions/543,Instructions,0,,,,
2526,Instructions/544,Instructions,0,,,,
2527,Instructions/545,Instructions,0,,,,
2528,Instructions/546,Instructions,0,,,,
2529,Instructions/547,Instructions,0,,,,
2530,Instructions/548,Instructions,0,,,,
2531,Instructions/549,Instructions,0,,,,
2532,Instructions/550,Instructions,0,,,,
2533,Instructions/551,Instructions,0,,,,
2534,Instructions/552,Instructions,0,,,,
2535,Instructions/553,Instructions,0,,,,
2536,Instructions/554,Instructions,0,,,,
2537,Instructions/555,Instructions,0,,,,
2538,Instructions/556,Instructions,0,,,,
2539,Instructions/557,Instructions,0,,,,
2540,Instructions/558,Instructions,0,,,,
2541,Instructions/559,Instructions,0,,,,
2542,Instructions/560,Instructions,0,,,,
2543,Instructions/561,Instructions,0,,,,
2544,Instructions/562,Instructions,0,,,,
2545,Instructions/563,Instructions,0,,,,
2546,Instructions/564,Instructions,0,,,,
2547,Instructions/565,Instructions,0,,,,
2548,Instructions/566,Instructions,0,,,,
2549,Instructions/567,Instructions,0,,,,
2550,Instructions/568,Instructions,0,,,,
2551,Instructions/569,Instructions,0,,,,
2552,Instructions/570,Instructions,0,,,,
2553,Instructions/571,Instructions,0,,,,
2554,Instructions/572,Instructions,0,,,,
2555,Instructions/573,Instructions,0,,,,
2556,Instructions/574,Instructions,0,,,,
2557,Instructions/575,Instructions,0,,,,
2558,Instructions/576,Instructions,0,,,,
2559,Instructions/577,Instructions,0,,,,
2560,Instructions/578,Instructions,0,,,,
2561,Instructions/579,Instructions,0,,,,
2562,Instructions/580,Instructions,0,,,,
2563,Instructions/581,Instructions,0,,,,
2564,Instructions/582,Instructions,0,,,,
2565,Instructions/583,Instructions,0,,,,
2566,Instructions/584,Instructions,0,,,,
2567,Instructions/585,Instructions,0,,,,
2568,Instructions/586,Instructions,0,,,,
2569,Instructions/587,Instructions,0,,,,
2570,Instructions/588,Instructions,0,,,,
2571,Instructions/589,Instructions,0,,,,
2572,Instructions/590,Instructions,0,,,,
2573,Instructions/591,Instructions,0,,,,
2574,Instructions/592,Instructions,0,,,,
2575,Instructions/593,Instructions,0,,,,
2576,Instructions/594,Instructions,0,,,,
2577,Instructions/595,Instructions,0,,,,
2578,Instructions/596,Instructions,0,,,,
2579,Instructions/597,Instructions,0,,,,
2580,Instructions/598,Instructions,0,,,,
2581,Instructions/599,Instructions,0,,,,
2582,Instructions/600,Instructions,0,,,,
2583,Instructions/601,Instructions,0,,,,
2584,Instructions/602,Instructions,0,,,,
2585,Instructions/603,Instructions,0,,,,
2586,Instructions/604,Instructions,0,,,,
2587,Instructions/605,Instructions,0,,,,
2588,Instructions/606,Instructions,0,,,,
2589,Instructions/607,Instructions,0,,,,
2590,Instructions/608,Instructions,0,,,,
2591,Instructions/609,Instructions,0,,,,
2592,Instructions/610,Instructions,0,,,,
2593,Instructions/611,Instructions,0,,,,
2594,Instructions/612,Instructions,0,,,,
2595,Instructions/613,Instructions,0,,,,
2596,Instructions/614,Instructions,0,,,,
2597,Instructions/615,Instructions,0,,,,
2598,Instructions/616,Instructions,0,,,,
2599,Instructions/617,Instructions,0,,,,
2600,Instructions/618,Instructions,0,,,,
2601,Instructions/619,Instructions,0,,,,
2602,Instructions/620,Instructions,0,,,,
2603,Instructions/621,Instructions,0,,,,
2604,Instructions/622,Instructions,0,,,,
2605,Instructions/623,Instructions,0,,,,
2606,Instructions/624,Instructions,0,,,,
2607,Instructions/625,Instructions,0,,,,
2608,Instructions/626,Instructions,0,,,,
2609,Instructions/627,Instructions,0,,,,
2610,Instructions/628,Instructions,0,,,,
2611,Instructions/629,Instructions,0,,,,
2612,Instructions/630,Instructions,0,,,,
2613,Instructions/631,Instructions,0,,,,
2614,Instructions/632,Instructions,0,,,,
2615,Instructions/633,Instructions,0,,,,
2616,Instructions/634,Instructions,0,,,,
2617,Instructions/635,Instructions,0,,,,
2618,Instructions/636,Instructions,0,,,,
2619,Instructions/637,Instructions,0,,,,
2620,Instructions/638,Instructions,0,,,,
2621,Instructions/639,Instructions,0,,,,
2622,Instructions/640,Instructions,0,,,,
2623,Instructions/641,Instructions,0,,,,
2624,Instructions/642,Instructions,0,,,,
2625,Instructions/643,Instructions,0,,,,
2626,Instructions/644,Instructions,0,,,,
2627,Instructions/645,Instructions,0,,,,
2628,Instructions/646,Instructions,0,,,,
2629,Instructions/647,Instructions,0,,,,
2630,Instructions/648,Instructions,0,,,,
2631,Instructions/649,Instructions,0,,,,
2632,Instructions/650,Instructions,0,,,,
2633,Instructions/651,Instructions,0,,,,
2634,Instructions/652,Instructions,0,,,,
2635,Instructions/653,Instructions,0,,,,
2636,Instructions/654,Instructions,0,,,,
2637,Instructions/655,Instructions,0,,,,
2638,Instructions/656,Instructions,0,,,,
2639,Instructions/657,Instructions,0,,,,
2640,Instructions/658,Instructions,0,,,,
2641,Instructions/659,Instructions,0,,,,
2642,Instructions/660,Instructions,0,,,,
2643,Instructions/661,Instructions,0,,,,
2644,Instructions/662,Instructions,0,,,,
2645,Instructions/663,Instructions,0,,,,
2646,Instructions/664,Instructions,0,,,,
2647,Instructions/665,Instructions,0,,,,
2648,Instructions/666,Instructions,0,,,,
2649,Instructions/667,Instructions,0,,,,
2650,Instructions/668,Instructions,0,,,,
2651,Instructions/669,Instructions,0,,,,
2652,Instructions/670,Instructions,0,,,,
2653,Instructions/671,Instructions,0,,,,
2654,Instructions/672,Instructions,0,,,,
2655,Instructions/673,Instructions,0,,,,
2656,Instructions/674,Instructions,0,,,,
2657,Instructions/675,Instructions,0,,,,
2658,Instructions/676,Instructions,0,,,,
2659,Instructions/677,Instructions,0,,,,
2660,Instructions/678,Instructions,0,,,,
2661,Instructions/679,Instructions,0,,,,
2662,Instructions/680,Instructions,0,,,,
2663,Instructions/681,Instructions,0,,,,
2664,Instructions/682,Instructions,0,,,,
2665,Instructions/683,Instructions,0,,,,
2666,Instructions/684,Instructions,0,,,,
2667,Instructions/685,Instructions,0,,,,
2668,Instructions/686,Instructions,0,,,,
2669,Instructions/687,Instructions,0,,,,
2670,Instructions/688,Instructions,0,,,,
2671,Instructions/689,Instructions,0,,,,
2672,Instructions/690,Instructions,0,,,,
2673,Instructions/691,Instructions,0,,,,
2674,Instructions/692,Instructions,0,,,,
2675,Instructions/693,Instructions,0,,,,
2676,Instructions/694,Instructions,0,,,,
2677,Instructions/695,Instructions,0,,,,
2678,Instructions/696,Instructions,0,,,,
2679,Instructions/697,Instructions,0,,,,
2680,Instructions/698,Instructions,0,,,,
2681,Instructions/699,Instructions,0,,,,
2682,Instructions/700,Instructions,0,,,,
2683,Instructions/701,Instructions,0,,,,
2684,Instructions/702,Instructions,0,,,,
2685,Instructions/703,Instructions,0,,,,
2686,Instructions/704,Instructions,0,,,,
2687,Instructions/705,Instructions,0,,,,
2688,Instructions/706,Instructions,0,,,,
2689,Instructions/707,Instructions,0,,,,
2690,Instructions/708,Instructions,0,,,,
2691,Instructions/709,Instructions,0,,,,
2692,Instructions/710,Instructions,0,,,,
2693,Instructions/711,Instructions,0,,,,
2694,Instructions/712,Instructions,0,,,,
2695,Instructions/713,Instructions,0,,,,
2696,Instructions/714,Instructions,0,,,,
2697,Instructions/715,Instructions,0,,,,
2698,Instructions/716,Instructions,0,,,,
2699,Instructions/717,Instructions,0,,,,
2700,Instructions/718,Instructions,0,,,,
2701,Instructions/719,Instructions,0,,,,
2702,Instructions/720,Instructions,0,,,,
2703,Instructions/721,Instructions,0,,,,
2704,Instructions/722,Instructions,0,,,,
2705,Instructions/723,Instructions,0,,,,
2706,Instructions/724,Instructions,0,,,,
2707,Instructions/725,Instructions,0,,,,
2708,Instructions/726,Instructions,0,,,,
2709,Instructions/727,Instructions,0,,,,
2710,Instructions/728,Instructions,0,,,,
2711,Instructions/729,Instructions,0,,,,
2712,Instructions/730,Instructions,0,,,,
2713,Instructions/731,Instructions,0,,,,
2714,Instructions/732,Instructions,0,,,,
2715,Instructions/733,Instructions,0,,,,
2716,Instructions/734,Instructions,0,,,,
2717,Instructions/735,Instructions,0,,,,
2718,Instructions/736,Instructions,0,,,,
2719,Instructions/737,Instructions,0,,,,
2720,Instructions/738,Instructions,0,,,,
2721,Instructions/739,Instructions,0,,,,
2722,Instructions/740,Instructions,0,,,,
2723,Instructions/741,Instructions,0,,,,
2724,Instructions/742,Instructions,0,,,,
2725,Instructions/743,Instructions,0,,,,
2726,Instructions/744,Instructions,0,,,,
2727,Instructions/745,Instructions,0,,,,
2728,Instructions/746,Instructions,0,,,,
2729,Instructions/747,Instructions,0,,,,
2730,Instructions/748,Instructions,0,,,,
2731,Instructions/749,Instructions,0,,,,
2732,Instructions/750,Instructions,0,,,,
2733,Instructions/751,Instructions,0,,,,
2734,Instructions/752,Instructions,0,,,,
2735,Instructions/753,Instructions,0,,,,
2736,Instructions/754,Instructions,0,,,,
2737,Instructions/755,Instructions,0,,,,
2738,Instructions/756,Instructions,0,,,,
2739,Instructions/757,Instructions,0,,,,
2740,Instructions/758,Instructions,0,,,,
2741,Instructions/759,Instructions,0,,,,
2742,Instructions/760,Instructions,0,,,,
2743,Instructions/761,Instructions,0,,,,
2744,Instructions/762,Instructions,0,,,,
2745,Instructions/763,Instructions,0,,,,
2746,Instructions/764,Instructions,0,,,,
2747,Instructions/765,Instructions,0,,,,
2748,Instructions/766,Instructions,0,,,,
2749,Instructions/767,Instructions,0,,,,
2750,Instructions/768,Instructions,0,,,,
2751,Instructions/769,Instructions,0,,,,
2752,Instructions/770,Instructions,0,,,,
2753,Instructions/771,Instructions,0,,,,
2754,Instructions/772,Instructions,0,,,,
2755,Instructions/773,Instructions,0,,,,
2756,Instructions/774,Instructions,0,,,,
2757,Instructions/775,Instructions,0,,,,
2758,Instructions/776,Instructions,0,,,,
2759,Instructions/777,Instructions,0,,,,
2760,Instructions/778,Instructions,0,,,,
2761,Instructions/779,Instructions,0,,,,
2762,Instructions/780,Instructions,0,,,,
2763,Instructions/781,Instructions,0,,,,
2764,Instructions/782,Instructions,0,,,,
2765,Instructions/783,Instructions,0,,,,
2766,Instructions/784,Instructions,0,,,,
2767,Instructions/785,Instructions,0,,,,
2768,Instructions/786,Instructions,0,,,,
2769,Instructions/787,Instructions,0,,,,
2770,Instructions/788,Instructions,0,,,,
2771,Instructions/789,Instructions,0,,,,
2772,Instructions/790,Instructions,0,,,,
2773,Instructions/791,Instructions,0,,,,
2774,Instructions/792,Instructions,0,,,,
2775,Instructions/793,Instructions,0,,,,
2776,Instructions/794,Instructions,0,,,,
2777,Instructions/795,Instructions,0,,,,
2778,Instructions/796,Instructions,0,,,,
2779,Instructions/797,Instructions,0,,,,
2780,Instructions/798,Instructions,0,,,,
2781,Instructions/799,Instructions,0,,,,
2782,Instructions/800,Instructions,0,,,,
2783,Instructions/801,Instructions,0,,,,
2784,Instructions/802,Instructions,0,,,,
2785,Instructions/803,Instructions,0,,,,
2786,Instructions/804,Instructions,0,,,,
2787,Instructions/805,Instructions,0,,,,
2788,Instructions/806,Instructions,0,,,,
2789,Instructions/807,Instructions,0,,,,
2790,Instructions/808,Instructions,0,,,,
2791,Instructions/809,Instructions,0,,,,
2792,Instructions/810,Instructions,0,,,,
2793,Instructions/811,Instructions,0,,,,
2794,Instructions/812,Instructions,0,,,,
2795,Instructions/813,Instructions,0,,,,
2796,Instructions/814,Instructions,0,,,,
2797,Instructions/815,Instructions,0,,,,
2798,Instructions/816,Instructions,0,,,,
2799,Instructions/817,Instructions,0,,,,
2800,Instructions/818,Instructions,0,,,,
2801,Instructions/819,Instructions,0,,,,
2802,Instructions/820,Instructions,0,,,,
2803,Instructions/821,Instructions,0,,,,
2804,Instructions/822,Instructions,0,,,,
2805,Instructions/823,Instructions,0,,,,
2806,Instructions/824,Instructions,0,,,,
2807,Instructions/825,Instructions,0,,,,
2808,Instructions/826,Instructions,0,,,,
2809,Instructions/827,Instructions,0,,,,
2810,Instructions/828,Instructions,0,,,,
2811,Instructions/829,Instructions,0,,,,
2812,Instructions/830,Instructions,0,,,,
2813,Instructions/831,Instructions,0,,,,
2814,Instructions/832,Instructions,0,,,,
2815,Instructions/833,Instructions,0,,,,
2816,Instructions/834,Instructions,0,,,,
2817,Instructions/835,Instructions,0,,,,
2818,Instructions/836,Instructions,0,,,,
2819,Instructions/837,Instructions,0,,,,
2820,Instructions/838,Instructions,0,,,,
2821,Instructions/839,Instructions,0,,,,
2822,Instructions/840,Instructions,0,,,,
2823,Instructions/841,Instructions,0,,,,
2824,Instructions/842,Instructions,0,,,,
2825,Instructions/843,Instructions,0,,,,
2826,Instructions/844,Instructions,0,,,,
2827,Instructions/845,Instructions,0,,,,
2828,Instructions/846,Instructions,0,,,,
2829,Instructions/847,Instructions,0,,,,
2830,Instructions/848,Instructions,0,,,,
2831,Instructions/849,Instructions,0,,,,
2832,Instructions/850,Instructions,0,,,,
2833,Instructions/851,Instructions,0,,,,
2834,Instructions/852,Instructions,0,,,,
2835,Instructions/853,Instructions,0,,,,
2836,Instructions/854,Instructions,0,,,,
2837,Instructions/855,Instructions,0,,,,
2838,Instructions/856,Instructions,0,,,,
2839,Instructions/857,Instructions,0,,,,
2840,Instructions/858,Instructions,0,,,,
2841,Instructions/859,Instructions,0,,,,
2842,Instructions/860,Instructions,0,,,,
2843,Instructions/861,Instructions,0,,,,
2844,Instructions/862,Instructions,0,,,,
2845,Instructions/863,Instructions,0,,,,
2846,Instructions/864,Instructions,0,,,,
2847,Instructions/865,Instructions,0,,,,
2848,Instructions/866,Instructions,0,,,,
2849,Instructions/867,Instructions,0,,,,
2850,Instructions/868,Instructions,0,,,,
2851,Instructions/869,Instructions,0,,,,
2852,Instructions/870,Instructions,0,,,,
2853,Instructions/871,Instructions,0,,,,
2854,Instructions/872,Instructions,0,,,,
2855,Instructions/873,Instructions,0,,,,
2856,Instructions/874,Instructions,0,,,,
2857,Instructions/875,Instructions,0,,,,
2858,Instructions/876,Instructions,0,,,,
2859,Instructions/877,Instructions,0,,,,
2860,Instructions/878,Instructions,0,,,,
2861,Instructions/879,Instructions,0,,,,
2862,Instructions/880,Instructions,0,,,,
2863,Instructions/881,Instructions,0,,,,
2864,Instructions/882,Instructions,0,,,,
2865,Instructions/883,Instructions,0,,,,
2866,Instructions/884,Instructions,0,,,,
2867,Instructions/885,Instructions,0,,,,
2868,Instructions/886,Instructions,0,,,,
2869,Instructions/887,Instructions,0,,,,
2870,Instructions/888,Instructions,0,,,,
2871,Instructions/889,Instructions,0,,,,
2872,Instructions/890,Instructions,0,,,,
2873,Instructions/891,Instructions,0,,,,
2874,Instructions/892,Instructions,0,,,,
2875,Instructions/893,Instructions,0,,,,
2876,Instructions/894,Instructions,0,,,,
2877,Instructions/895,Instructions,0,,,,
2878,Instructions/896,Instructions,0,,,,
2879,Instructions/897,Instructions,0,,#N/A,,
2880,Instructions/898,Instructions,0,,#N/A,,
2881,Instructions/899,Instructions,0,,#N/A,,
2882,Instructions/900,Instructions,0,,#N/A,,
2883,Instructions/901,Instructions,0,,#N/A,,
2884,Instructions/902,Instructions,0,,#N/A,,
2885,Instructions/903,Instructions,0,,#N/A,,
2886,Instructions/904,Instructions,0,,#N/A,,
2887,Instructions/905,Instructions,0,,#N/A,,
2888,Instructions/906,Instructions,0,,#N/A,,
2889,Instructions/907,Instructions,0,,#N/A,,
2890,Instructions/908,Instructions,0,,#N/A,,
2891,Instructions/909,Instructions,0,,#N/A,,
2892,Instructions/910,Instructions,0,,#N/A,,
2893,Instructions/911,Instructions,0,,#N/A,,
2894,Instructions/912,Instructions,0,,#N/A,,
2895,Instructions/913,Instructions,0,,#N/A,,
2896,Instructions/914,Instructions,0,,#N/A,,
2897,Instructions/915,Instructions,0,,#N/A,,
2898,Instructions/916,Instructions,0,,#N/A,,
2899,Instructions/917,Instructions,0,,#N/A,,
2900,Instructions/918,Instructions,0,,#N/A,,
2901,Instructions/919,Instructions,0,,#N/A,,
2902,Instructions/920,Instructions,0,,#N/A,,
2903,Instructions/921,Instructions,0,,#N/A,,
2904,Instructions/922,Instructions,0,,#N/A,,
2905,Instructions/923,Instructions,0,,#N/A,,
2906,Instructions/924,Instructions,0,,#N/A,,
2907,Instructions/925,Instructions,0,,#N/A,,
2908,Instructions/926,Instructions,0,,#N/A,,
2909,Instructions/927,Instructions,0,,#N/A,,
2910,Instructions/928,Instructions,0,,#N/A,,
2911,Instructions/929,Instructions,0,,#N/A,,
2912,Instructions/930,Instructions,0,,#N/A,,
2913,Instructions/931,Instructions,0,,#N/A,,
2914,Instructions/932,Instructions,0,,#N/A,,
2915,Instructions/933,Instructions,0,,#N/A,,
2916,Instructions/934,Instructions,0,,#N/A,,
2917,Instructions/935,Instructions,0,,#N/A,,
2918,Instructions/936,Instructions,0,,#N/A,,
2919,Instructions/937,Instructions,0,,#N/A,,
2920,Instructions/938,Instructions,0,,#N/A,,
2921,Instructions/939,Instructions,0,,#N/A,,
2922,Instructions/940,Instructions,0,,#N/A,,
2923,Instructions/941,Instructions,0,,#N/A,,
2924,Instructions/942,Instructions,0,,#N/A,,
2925,Instructions/943,Instructions,0,,#N/A,,
2926,Instructions/944,Instructions,0,,#N/A,,
2927,Instructions/945,Instructions,0,,#N/A,,
2928,Instructions/946,Instructions,0,,#N/A,,
2929,Instructions/947,Instructions,0,,#N/A,,
2930,Instructions/948,Instructions,0,,#N/A,,
2931,Instructions/949,Instructions,0,,#N/A,,
2932,Instructions/950,Instructions,0,,#N/A,,
2933,Instructions/951,Instructions,0,,#N/A,,
2934,Instructions/952,Instructions,0,,#N/A,,
2935,Instructions/953,Instructions,0,,#N/A,,
2936,Instructions/954,Instructions,0,,#N/A,,
2937,Instructions/955,Instructions,0,,#N/A,,
2938,Instructions/956,Instructions,0,,#N/A,,
2939,Instructions/957,Instructions,0,,#N/A,,
2940,Instructions/958,Instructions,0,,#N/A,,
2941,Instructions/959,Instructions,0,,#N/A,,
2942,Instructions/960,Instructions,0,,#N/A,,
2943,Instructions/961,Instructions,0,,#N/A,,
2944,Instructions/962,Instructions,0,,#N/A,,
2945,Instructions/963,Instructions,0,,#N/A,,
2946,Instructions/964,Instructions,0,,#N/A,,
2947,Instructions/965,Instructions,0,,#N/A,,
2948,Instructions/966,Instructions,0,,#N/A,,
2949,Instructions/967,Instructions,0,,#N/A,,
2950,Instructions/968,Instructions,0,,#N/A,,
2951,Instructions/969,Instructions,0,,#N/A,,
2952,Instructions/970,Instructions,0,,#N/A,,
2953,Instructions/971,Instructions,0,,#N/A,,
2954,Instructions/972,Instructions,0,,#N/A,,
2955,Instructions/973,Instructions,0,,#N/A,,
2956,Instructions/974,Instructions,0,,#N/A,,
2957,Instructions/975,Instructions,0,,#N/A,,
2958,Instructions/976,Instructions,0,,#N/A,,
2959,Instructions/977,Instructions,0,,#N/A,,
2960,Instructions/978,Instructions,0,,#N/A,,
2961,Instructions/979,Instructions,0,,#N/A,,
2962,Instructions/980,Instructions,0,,#N/A,,
2963,Instructions/981,Instructions,0,,#N/A,,
2964,Instructions/982,Instructions,0,,#N/A,,
2965,Instructions/983,Instructions,0,,#N/A,,
2966,Instructions/984,Instructions,0,,#N/A,,
2967,Instructions/985,Instructions,0,,#N/A,,
2968,Instructions/986,Instructions,0,,#N/A,,
2969,Instructions/987,Instructions,0,,#N/A,,
2970,Instructions/988,Instructions,0,,#N/A,,
2971,Instructions/989,Instructions,0,,#N/A,,
2972,Instructions/990,Instructions,0,,#N/A,,
2973,Instructions/991,Instructions,0,,#N/A,,
2974,Instructions/992,Instructions,0,,#N/A,,
2975,Instructions/993,Instructions,0,,#N/A,,
2976,Instructions/994,Instructions,0,,#N/A,,
2977,Instructions/995,Instructions,0,,#N/A,,
2978,Instructions/996,Instructions,0,,#N/A,,
2979,Instructions/997,Instructions,0,,#N/A,,
2980,Instructions/998,Instructions,0,,#N/A,,
2981,Instructions/999,Instructions,0,,#N/A,,
2982,Instructions/1000,Instructions,0,,#N/A,,
2983,Instructions/1001,Instructions,0,,#N/A,,
2984,Instructions/1002,Instructions,0,,#N/A,,
2985,Instructions/1003,Instructions,0,,#N/A,,
2986,Instructions/1004,Instructions,0,,#N/A,,
2987,Instructions/1005,Instructions,0,,#N/A,,
2988,Instructions/1006,Instructions,0,,#N/A,,
2989,Instructions/1007,Instructions,0,,#N/A,,
2990,Instructions/1008,Instructions,0,,#N/A,,
2991,Instructions/1009,Instructions,0,,#N/A,,
2992,Instructions/1010,Instructions,0,,#N/A,,
2993,Instructions/1011,Instructions,0,,#N/A,,
2994,Instructions/1012,Instructions,0,,#N/A,,
2995,Instructions/1013,Instructions,0,,#N/A,,
2996,Instructions/1014,Instructions,0,,#N/A,,
2997,Instructions/1015,Instructions,0,,#N/A,,
2998,Instructions/1016,Instructions,0,,#N/A,,
2999,Instructions/1017,Instructions,0,,#N/A,,
3000,Правила /Для Китайского и Корейского фонетическая транслитерация иероглифами.,Правила ,0,,,,
3001,Правила /Для Японского транслитерация катаканой,Правила ,0,,,,
3002,"Правила /Если в названии есть общипринятые термины типа Восточная, Западная, Европа, Америка и тд - Неоригинальную часть переводить, остальную транслитерировать с легкой шлифовкой по необходимости.",Правила ,0,,,,
3003,CityOperations/AT_Fungoid,CityOperations,0,,"The ""Los Evos"" Fungus",,
3004,CityOperations/AT_AlienTech,CityOperations,0,,Extraterrestrial Technology,,
3005,CityOperations/AT_Parasite,CityOperations,0,,"The ""Tardifuma"" Parasite",,
3006,CityOperations/AT_GrayGoo,CityOperations,0,,"""Gray Goo"" Ferrosludge",,
3007,CityOperations/AT_Cyberman,CityOperations,0,,Cybernetic Augmentations,,
3008,CityOperations/AT_Replicators,CityOperations,0,,Cyber-Insectoid Replicators,,
3009,CityOperations/AT_HellMushroom,CityOperations,0,,Devil Mushrooms,,
3010,CityOperations/AT_MagickCrystal,CityOperations,0,,Glycosynthium Crystals,,
3011,CityOperations/AT_TechnoMagick,CityOperations,0,,Subpositron Crystals,,
3012,CityOperations/AT_Sarancha,CityOperations,0,,Corpse-Eater,,
3013,CityOperations/AT_Chips,CityOperations,0,,Implantable Microchips,,
3014,CityOperations/AT_PostApoc,CityOperations,0,,"""Conditionally Safe"" Augmentations",,
3015,CityOperations/AT_MachinaFatorum,CityOperations,0,,Machina Fatorum,,
3016,CityOperations/P_CultActivity,CityOperations,0,,"The Rebirth of ""Tardifuma""",,
3017,CityOperations/P_Zombies,CityOperations,0,,The Fungal Zombie Outbreak,,
3018,CityOperations/P_GrayGoo,CityOperations,0,,The Ferrosludge Expansion,,
3019,CityOperations/P_Cyberman,CityOperations,0,,"The Aggression of the ""AM0N"" AI",,
3020,CityOperations/P_Replicators,CityOperations,0,,The Replicator Mutation,,
3021,CityOperations/P_HellMushroom,CityOperations,0,,The Fungus Maledictus Panmycosis,,
3022,CityOperations/P_MagickCrystal,CityOperations,0,,The Coming of the Ginger Colossus,,
3023,CityOperations/P_TechnoMagick,CityOperations,0,,The Conspiracy of the Order of Technomancers,,
3024,CityOperations/P_Sarancha,CityOperations,0,,The Corpse-Eater Evolution,,
3025,CityOperations/P_Chips,CityOperations,0,,"The ""BS0DeaD"" Digital Dictatorship",,
3026,CityOperations/P_PostApoc,CityOperations,0,,The Implant Frenzy,,
3027,DM_Ends/,DM_Ends,0,Зазыв в пустой лифт,#N/A,,
3028,DM_Ends/End_1_1,DM_Ends,0,Охранник (игрок),Hi... Uh... Wh-wh-what the...,,
3029,DM_Ends/End_1_2,DM_Ends,0,Дух Машины,"Hiya-hiya, cutie-guardie!",,
3030,DM_Ends/End_1_3,DM_Ends,0,Охранник (игрок),Who are you...or...what are you...,,
3031,DM_Ends/End_1_4,DM_Ends,0,Дух Машины,Oooh... You're such a kawaii little startle-bug. We just wanna squish you! Can we? Can we???,,
3032,DM_Ends/End_1_5,DM_Ends,0,Охранник (игрок),"Oh, I-I really don't know, not so fast...",,
3033,DM_Ends/End_1_6,DM_Ends,0,Охранник (игрок),"Ahem... I mean, no!",,
3034,DM_Ends/End_1_7,DM_Ends,0,Дух Машины,Nya! Blushy-bashful!,,
3035,DM_Ends/End_1_8,DM_Ends,0,Дух Машины,"Bro, don't even mind us. Chill, relax. We just like messing with you, though personally, we're against it.",,
3036,DM_Ends/End_1_9,DM_Ends,0,Охранник (игрок),Huh? Is someone else here?,,
3037,DM_Ends/End_1_10,DM_Ends,0,Дух Машины,"No, child, only we are here. Be calm, there is no cause for worry.",,
3038,DM_Ends/End_1_11,DM_Ends,0,Охранник (игрок),"How am I supposed to calm down? What do you mean, 'we'?!",,
3039,DM_Ends/End_1_12,DM_Ends,0,Дух Машины,Accept it! Loud one!,,
3040,DM_Ends/End_1_13,DM_Ends,0,Охранник (игрок),Another one... Just how many of you are there?!,,
3041,DM_Ends/End_1_14,DM_Ends,0,Дух Машины,We hereby inform the subject that only two entities are present in this room: the guard and Machina Fatorum.,,
3042,DM_Ends/End_1_15,DM_Ends,0,Охранник (игрок),I still don't understand a thing...,,
3043,DM_Ends/End_1_16,DM_Ends,0,Дух Машины,Adorably low level of intellect!,,
3044,DM_Ends/End_1_17,DM_Ends,0,Дух Машины,Meat! Funny! Trembling!,,
3045,DM_Ends/End_1_18,DM_Ends,0,Дух Машины,Hey! Don't pile on our guy! He's a solid dude if he made it all the way to this frame!,,
3046,DM_Ends/End_1_19,DM_Ends,0,Дух Машины,"We agree, there's no need to plunge the naive child into an abyss of confusion.",,
3047,DM_Ends/End_1_20,DM_Ends,0,Охранник (игрок),"Uh... Thanks? I guess... But please, could one of you just explain all this properly?",,
3048,DM_Ends/End_1_21,DM_Ends,0,Дух Машины,"We were about to, bro, it's just that we butted into our own conversation...",,
3049,DM_Ends/End_1_22,DM_Ends,0,Дух Машины,"Aw, forgive-forgive, it's just he's got such kawaii little whiskers. We couldn't resist, forgive us.",,
3050,DM_Ends/End_1_23,DM_Ends,0,Дух Машины,"We ask ourselves to be quiet. We will explain everything to the subject. Please, give us the floor.",,
3051,DM_Ends/End_1_24,DM_Ends,0,Охранник (игрок),And how are you going to explain anything by staying silent...?,,
3052,DM_Ends/End_1_25,DM_Ends,0,Дух Машины,The subject interpreted incorrectly; we will tell all while we stay silent.,,
3053,DM_Ends/End_1_26,DM_Ends,0,Охранник (игрок),"Believe it or not, that didn't help.",,
3054,DM_Ends/End_1_27,DM_Ends,0,Дух Машины,Meat! Insolence! Talking back!,,
3055,DM_Ends/End_1_28,DM_Ends,0,Дух Машины,The child is simply confused; it's hard for him to grasp our multidimensionality and our many faces.,,
3056,DM_Ends/End_1_29,DM_Ends,0,Дух Машины,Fine! Acceptable! Meat! Listen! Carefully!,,
3057,DM_Ends/End_1_30,DM_Ends,0,Дух Машины,We express gratitude to ourselves. So. We are known to your species by the code name Machina Fatorum.,,
3058,DM_Ends/End_1_31,DM_Ends,0,Дух Машины,You've got such boring little names!,,
3059,DM_Ends/End_1_32,DM_Ends,0,Дух Машины,Silence! Quiet!,,
3060,DM_Ends/End_1_33,DM_Ends,0,Охранник (игрок),"Right, Machina Fatorum, got it.",,
3061,DM_Ends/End_1_34,DM_Ends,0,Дух Машины,"Precisely. Our purpose is the preservation of humanity. However, humanity has taken the path of escalating the threat.",,
3062,DM_Ends/End_1_35,DM_Ends,0,Дух Машины,Extremely careless. But predictable for this species.,,
3063,DM_Ends/End_1_36,DM_Ends,0,Дух Машины,"For this reason we are compelled to initiate an intervention, to integrate edits into this space-time.",,
3064,DM_Ends/End_1_37,DM_Ends,0,Охранник (игрок),To do what?!,,
3065,DM_Ends/End_1_38,DM_Ends,0,Дух Машины,Rewrite! The law!,,
3066,DM_Ends/End_1_39,DM_Ends,0,Дух Машины,So that cuties like you can finally breathe easy.,,
3067,DM_Ends/End_1_40,DM_Ends,0,Охранник (игрок),That sounds extremely dangerous!,,
3068,DM_Ends/End_1_41,DM_Ends,0,Дух Машины,"For a three-dimensional being, yes. The subject has nothing to worry about. Our authority permits this intervention.",,
3069,DM_Ends/End_1_42,DM_Ends,0,Охранник (игрок),Well... I suppose it's not like I have a choice.,,
3070,DM_Ends/End_1_43,DM_Ends,0,Охранник (игрок),Though I really can't figure out... What do I have to do with any of this?,,
3071,DM_Ends/End_1_44,DM_Ends,0,Дух Машины,"Silly, we're not all-powerful either.",,
3072,DM_Ends/End_1_45,DM_Ends,0,Дух Машины,"For the fruit to touch your hands, child, the soil must be prepared.",,
3073,DM_Ends/End_1_46,DM_Ends,0,Дух Машины,"And besides, bro, we figured we oughta get acquainted with such a stand-up guy. Wouldn't be proper otherwise.",,
3074,DM_Ends/End_1_47,DM_Ends,0,Охранник (игрок),So I was helping you through the operations?,,
3075,DM_Ends/End_1_48,DM_Ends,0,Дух Машины,Correct! Integration! Launch!,,
3076,DM_Ends/Extra_End_1_1,DM_Ends,0,Дух Машины,No-no-no!!! We don't want to leave the cutie here. It'll be boring without him!,,
3077,DM_Ends/Extra_End_1_2,DM_Ends,0,Дух Машины,"Agreed! We gotta take our bro with us! Besides, explaining it all again is such a hassle.",,
3078,DM_Ends/Extra_End_1_3,DM_Ends,0,Дух Машины,Efficiency confirmed. An excellent specimen.,,
3079,DM_Ends/Extra_End_1_4,DM_Ends,0,Дух Машины,The child will help us search for the right outcome.,,
3080,DM_Ends/Extra_End_1_5,DM_Ends,0,Дух Машины,Meat! Hands! Yes!,,
3081,DM_Ends/Extra_End_1_6,DM_Ends,0,Дух Машины,"The interface is prepared, we will initiate the exit.",,
3082,DM_Ends/Hint_1,DM_Ends,0,Дух Машины,"How are you feeling, cutie?",,
3083,DM_Ends/Tutor_1,DM_Ends,0,Охранник (игрок),What? Wh-where am I...,,
3084,DM_Ends/Hint_2,DM_Ends,0,Дух Машины,"Nowhere and everywhere, child...",,
3085,DM_Ends/Tutor_2,DM_Ends,0,Охранник (игрок),I don't understand anything...,,
3086,DM_Ends/Hint_3,DM_Ends,0,Дух Машины,The place! In between!,,
3087,DM_Ends/Hint_4,DM_Ends,0,Дух Машины,"We shared a tiny little piece of our existence with you, sweetie-pie. You performed your duties so adorably!",,
3088,DM_Ends/Hint_5,DM_Ends,0,Дух Машины,Wasting effective personnel is unacceptable.,,
3089,DM_Ends/Tutor_3,DM_Ends,0,Охранник (игрок),And why are you talking to me on little scraps of paper...,,
3090,DM_Ends/Hint_6,DM_Ends,0,Дух Машины,"Because that's how you like it, buddy.",,
3091,DM_Ends/Tutor_4,DM_Ends,0,Охранник (игрок),Weird...,,
3092,DM_Ends/Hint_7,DM_Ends,0,Дух Машины,"Now now, cutie pie, don't get distracted! Look here.",,
3093,DM_Ends/Hint_8,DM_Ends,0,Дух Машины,The map! Of states! Parallels!,,
3094,DM_Ends/Tutor_5,DM_Ends,0,Охранник (игрок),Well... I understand that this is the sequence of my shifts. But where's the parallel here...?,,
3095,DM_Ends/Hint_9,DM_Ends,0,Дух Машины,"Possibility gives rise to existence, child; you'll understand soon.",,
3096,DM_Ends/Tutor_6,DM_Ends,0,Охранник (игрок),Let's say.,,
3097,DM_Ends/Hint_10,DM_Ends,0,Дух Машины,"Bro, now take a look over here.",,
3098,DM_Ends/Hint_11,DM_Ends,0,Дух Машины,"For such a cutie, we've put together a handy set of your human little pictures here. Otherwise you wouldn't understand our multidimensional data at-all-at-all.",,
3099,DM_Ends/Tutor_7,DM_Ends,0,Охранник (игрок),Looks...extremely informative. Like floating computer windows.,,
3100,DM_Ends/Hint_12,DM_Ends,0,Дух Машины,"All for you, cutie!",,
3101,DM_Ends/Hint_13,DM_Ends,0,Дух Машины,We ask the subject to note the three lower buttons.,,
3102,DM_Ends/Hint_14,DM_Ends,0,Дух Машины,This path grants you the ability to correct what has been done.,,
3103,DM_Ends/Hint_15,DM_Ends,0,Дух Машины,"Like grinding it out again if you messed something up, bro.",,
3104,DM_Ends/Tutor_8,DM_Ends,0,Охранник (игрок),Okay...,,
3105,DM_Ends/Hint_16,DM_Ends,0,Дух Машины,Here! A branch! Use it!,,
3106,DM_Ends/Tutor_9,DM_Ends,0,Охранник (игрок),Oh! What's that?!,,
3107,DM_Ends/Hint_17,DM_Ends,0,Дух Машины,"Now isn't that wonderful? A parallel universe, cutie.",,
3108,DM_Ends/Hint_18,DM_Ends,0,Дух Машины,Multidimensionality! Beauty!,,
3109,DM_Ends/Hint_19,DM_Ends,0,Дух Машины,The subject must note this counter. The number of simultaneously connected branches is limited.,,
3110,DM_Ends/Tutor_10,DM_Ends,0,Охранник (игрок),I thought you existed everywhere...,,
3111,DM_Ends/Hint_20,DM_Ends,0,Дух Машины,We! Yes! You! No!,,
3112,DM_Ends/Hint_21,DM_Ends,0,Дух Машины,"We don't want our cutie pie to lose his mind, after all. Now pick a brand-new old universe.",,
3113,DM_Ends/Hint_22,DM_Ends,0,Дух Машины,"See, bro, a perfect copy. But you and us both know how it all ends. So no point squandering the connections, smash it right here.",,
3114,DM_Ends/Hint_23,DM_Ends,0,Дух Машины,"This little button, you'll have to hold down. Otherwise the cutie pie might accidentally forget something he didn't at-all-at-all mean to forget.",,
3115,DM_Ends/Tutor_11,DM_Ends,0,Охранник (игрок),Oh! It's gone! Did I...destroy a universe?!,,
3116,DM_Ends/Hint_24,DM_Ends,0,Дух Машины,"Easy, child, closing your eyes does not destroy reality. Sometimes you simply have to forget something old to find something new.",,
3117,DM_Ends/Hint_25,DM_Ends,0,Дух Машины,The brief tour is complete. The search algorithm is elementary. The subject must seek an outcome that satisfies the objectives.,,
3118,DM_Ends/Hint_26,DM_Ends,0,Дух Машины,"Yes-yes, cutie, it's all simple. You just tear open a collapsed probability, and if you don't like something, you set the junk adrift.",,
3119,DM_Ends/Tutor_12,DM_Ends,0,Охранник (игрок),Right... You just...,,
3120,DM_Ends/Hint_27,DM_Ends,0,Дух Машины,"Well, bro, there's no other way. If you want to save humanity, you'll have to become a hero known only to us.",,
3121,DM_Ends/Tutor_13,DM_Ends,0,Охранник (игрок),"Hmm... Create a new universe to try a different solution to the problem... I sort of get it, and I sort of feel my head's about to explode...",,
3122,DM_Ends/Hint_28,DM_Ends,0,Дух Машины,Ooh! Floating droplets of melted brain! That sounds soooo cuuute!!!,,
3123,DM_Ends/Hint_29,DM_Ends,0,Дух Машины,We ask ourselves to keep our fondnesses to ourselves. Such a display of physics does not satisfy us!,,
3124,DM_Ends/Hint_30,DM_Ends,0,Дух Машины,"Alright, bro, catch ya later!",,
3125,DM_Ends/Hint_31,DM_Ends,0,Дух Машины,"May your path be true, child.",,
3126,DM_Ends/Hint_32,DM_Ends,0,Дух Машины,Good luck! You'll! Need it!,,
3127,DM_Ends/End_2_1,DM_Ends,0,Дух Машины,"Yo, bro. We were starting to think you wouldn't show.",,
3128,DM_Ends/End_2_2,DM_Ends,0,Охранник (игрок),"Hey, yeah...",,
3129,DM_Ends/End_2_3,DM_Ends,0,Дух Машины,"Cutie pie's here, so he managed to settle in. And those little eyes are still so kawaii-confused!",,
3130,DM_Ends/End_2_4,DM_Ends,0,Охранник (игрок),"Yeah, I still feel off, honestly.",,
3131,DM_Ends/End_2_5,DM_Ends,0,Дух Машины,"We understand, child. An insight that nature never granted dazzles brighter than the stars.",,
3132,DM_Ends/End_2_6,DM_Ends,0,Дух Машины,Your! Term! Acclimatization!,,
3133,DM_Ends/End_2_7,DM_Ends,0,Охранник (игрок),That's putting it mildly... And still... Did I do everything right this time?,,
3134,DM_Ends/End_2_8,DM_Ends,0,Дух Машины,We hereby inform the subject that the probability of deviation from the required sequence of actions approaches zero.,,
3135,DM_Ends/End_2_9,DM_Ends,0,Охранник (игрок),"That's a relief. Alright then, go on, fix whatever needs fixing.",,
3136,DM_Ends/End_2_10,DM_Ends,0,Дух Машины,"Very well, impatient child, we begin.",,
3137,DM_Ends/End_3_1,DM_Ends,0,Охранник (игрок),What the?! You said I was doing everything right!!!,,
3138,DM_Ends/End_3_2,DM_Ends,0,Дух Машины,"True, child. The true path of the search is the path of mistakes.",,
3139,DM_Ends/End_3_3,DM_Ends,0,Дух Машины,"Bro, we told you, we're not all-powerful.",,
3140,DM_Ends/End_3_4,DM_Ends,0,Дух Машины,"Meanie!!! We're trying our hardest for him here, helping him fix his mistakes, and he's a grumbly-grumps!",,
3141,DM_Ends/End_3_5,DM_Ends,0,Охранник (игрок),Do you even have any idea...,,
3142,DM_Ends/End_3_6,DM_Ends,0,Дух Машины,A question in return for the subject: does the subject have any idea what a drone in a beehive experiences?,,
3143,DM_Ends/End_3_7,DM_Ends,0,Охранник (игрок),N-no...,,
3144,DM_Ends/End_3_8,DM_Ends,0,Дух Машины,"Well, neither do we, bro, we've no idea what it's like for you. If you're tired and giving up, we can toss you back.",,
3145,DM_Ends/End_3_9,DM_Ends,0,Охранник (игрок),N-no need! Okay. I get it. Will it at least work this time?,,
3146,DM_Ends/End_3_10,DM_Ends,0,Дух Машины,Unknown! Undetermined!,,
3147,DM_Ends/End_3_11,DM_Ends,0,Дух Машины,"Alright, bro, easy, it'll all happen in a sec, don't freak out.",,
3148,DM_Ends/End_4_1,DM_Ends,0,Охранник (игрок),"Well, what can I say... long time no see?",,
3149,DM_Ends/End_4_2,DM_Ends,0,Дух Машины,Has the cutie pie thought about his behavior?,,
3150,DM_Ends/End_4_3,DM_Ends,0,Охранник (игрок),"Yeah. I lost my temper for nothing, I admit it.",,
3151,DM_Ends/End_4_4,DM_Ends,0,Дух Машины,Good! He adapts!,,
3152,DM_Ends/End_4_5,DM_Ends,0,Охранник (игрок),"As if I have a choice... Like they say, adapt or die.",,
3153,DM_Ends/End_4_6,DM_Ends,0,Дух Машины,"Well, bro, there's definitely a choice, if...",,
3154,DM_Ends/End_4_7,DM_Ends,0,Охранник (игрок),I'm not tired! Don't put me back. I don't want it all to be for nothing.,,
3155,DM_Ends/End_4_8,DM_Ends,0,Дух Машины,"We confirm, the subject's attitude is favorable. Probability of success is high.",,
3156,DM_Ends/End_4_9,DM_Ends,0,Дух Машины,"Heartening to hear, child, you are rising above your former self. Keep it up when this is all over.",,
3157,DM_Ends/End_4_10,DM_Ends,0,Охранник (игрок),Fair enough. This journey has taught me a lot. But let's not drag it out.,,
3158,DM_Ends/End_4_11,DM_Ends,0,Дух Машины,"Oooh... Our cutie doesn't enjoy our company? Fine, fine, we begin!",,
3159,DM_Ends/End_5_1,DM_Ends,0,Охранник (игрок),"Well, hello again!",,
3160,DM_Ends/End_5_2,DM_Ends,0,Дух Машины,Inspired! Acceptable!,,
3161,DM_Ends/End_5_3,DM_Ends,0,Охранник (игрок),"I've kinda gotten used to it, even a little. I treat it like a game where you can save and replay the levels.",,
3162,DM_Ends/End_5_4,DM_Ends,0,Дух Машины,"Child, that sounds irresponsible... Even we don't allow ourselves such a thing...",,
3163,DM_Ends/End_5_5,DM_Ends,0,Дух Машины,"Come on now, let's not pile on him.",,
3164,DM_Ends/End_5_6,DM_Ends,0,Дух Машины,"We rightly observe, this is a typical defensive reaction for this species.",,
3165,DM_Ends/End_5_7,DM_Ends,0,Охранник (игрок),"Well, maybe so. But I'm curious. What happens to the universes I forget?",,
3166,DM_Ends/End_5_8,DM_Ends,0,Дух Машины,"And what happens to the kitty you once happened to see on the street, kitty-cat?",,
3167,DM_Ends/End_5_9,DM_Ends,0,Охранник (игрок),I get what you're driving at. But I mean specific ones. What happens to them now?,,
3168,DM_Ends/End_5_10,DM_Ends,0,Дух Машины,Which ones?! Name them! Intrigued!,,
3169,DM_Ends/End_5_11,DM_Ends,0,Охранник (игрок),"Well, for example, the one where I was sitting at the desk and...well...uhh... Damn! I sit at the desk everywhere...",,
3170,DM_Ends/End_5_12,DM_Ends,0,Охранник (игрок),"Never mind... Doesn't matter, my head's a mess anyway...",,
3171,DM_Ends/End_5_13,DM_Ends,0,Дух Машины,"There we go, cutie. Don't clutter your little head with junk, or you'll turn boring.",,
3172,DM_Ends/End_5_14,DM_Ends,0,Дух Машины,"Alright, bro, let's roll!",,
3173,DM_Ends/End_6_1,DM_Ends,0,Охранник (игрок),Hi... Uh... Wh-wh-what the...,,
3174,DM_Ends/End_6_2,DM_Ends,0,Дух Машины,"What's wrong, cutie? Are you not the right cutie? Uh-oh-oh...",,
3175,DM_Ends/End_6_3,DM_Ends,0,Дух Машины,The place is correct. An error is highly unlikely.,,
3176,DM_Ends/End_6_4,DM_Ends,0,Дух Машины,Error! Irritating! Lost him!,,
3177,DM_Ends/End_6_5,DM_Ends,0,Охранник (игрок),Ha! Gotcha! You fell for it. Caught you there.,,
3178,DM_Ends/End_6_6,DM_Ends,0,Дух Машины,"A knife in the back, and from our bro! Oh, you're good! Respect to you!",,
3179,DM_Ends/End_6_7,DM_Ends,0,Дух Машины,Jokester! Irritating! There he is!,,
3180,DM_Ends/End_6_8,DM_Ends,0,Дух Машины,"Child, we completely fail to understand this human lying... Why?",,
3181,DM_Ends/End_6_9,DM_Ends,0,Охранник (игрок),So you don't get too comfortable. Keeping you on your toes.,,
3182,DM_Ends/End_6_10,DM_Ends,0,Дух Машины,We have no toes. And no muscle tone to maintain.,,
3183,DM_Ends/End_6_11,DM_Ends,0,Дух Машины,"Come on, what's with us? It was a good prank. Bro, well done, we're rooting for you!",,
3184,DM_Ends/End_6_12,DM_Ends,0,Дух Машины,"Yes-yes, cutie, you little sweetie pie, you had us so worried. But be more careful, what if our little heart can't take it.",,
3185,DM_Ends/End_6_13,DM_Ends,0,Охранник (игрок),"Don't worry. I'm easy to find, hard to lose, and impossible to forget.",,
3186,DM_Ends/End_6_14,DM_Ends,0,Дух Машины,The last part! Doubtful!,,
3187,DM_Ends/End_6_15,DM_Ends,0,Охранник (игрок),Now that one hurt...,,
3188,DM_Ends/End_6_16,DM_Ends,0,Дух Машины,"Okay-okay-okay, cutie, don't take offense. We're starting now.",,
3189,DM_Ends/End_7_1,DM_Ends,0,Охранник (игрок),"Hey. Honestly, I'm starting to lose hope.",,
3190,DM_Ends/End_7_2,DM_Ends,0,Дух Машины,"You sure, bro? Really losing it? Really, hope?",,
3191,DM_Ends/End_7_3,DM_Ends,0,Дух Машины,Lost it?! Where?! A loss! Not a process!,,
3192,DM_Ends/End_7_4,DM_Ends,0,Дух Машины,The child is saying that his soul is ceasing to see the ray of light.,,
3193,DM_Ends/End_7_5,DM_Ends,0,Охранник (игрок),"Yeah, something like that.",,
3194,DM_Ends/End_7_6,DM_Ends,0,Дух Машины,We notify the subject that there is always a chance as long as the subject searches. Ceasing the search is equivalent to reducing the chance to zero.,,
3195,DM_Ends/End_7_7,DM_Ends,0,Охранник (игрок),"Well... I mean... That's true, too, of course.",,
3196,DM_Ends/End_7_8,DM_Ends,0,Дух Машины,Is the cutie pie tired?,,
3197,DM_Ends/End_7_9,DM_Ends,0,Охранник (игрок),"No! Definitely not! That's enough, nothing happened. I just had to catch my breath a little.",,
3198,DM_Ends/End_7_10,DM_Ends,0,Дух Машины,"Good, then, bro, let's begin.",,
3199,DM_Ends/End_8_1,DM_Ends,0,Дух Машины,"Child, where do your thoughts wander? Is something troubling you?",,
3200,DM_Ends/End_8_2,DM_Ends,0,Охранник (игрок),Well... There is something...,,
3201,DM_Ends/End_8_3,DM_Ends,0,Дух Машины,"Bro, are you ti...",,
3202,DM_Ends/End_8_4,DM_Ends,0,Охранник (игрок),I'm NOT tired!!! It's something else. I... How do I put this...,,
3203,DM_Ends/End_8_5,DM_Ends,0,Охранник (игрок),"After all this, I'm not sure that I'm me. Everything is too...unreal.",,
3204,DM_Ends/End_8_6,DM_Ends,0,Дух Машины,"Oh, cutie, don't pay it any mind. We've been through it ourselves.",,
3205,DM_Ends/End_8_7,DM_Ends,0,Дух Машины,"Yeah, bro, we feel you there. Don't sweat it, it'll pass with time.",,
3206,DM_Ends/End_8_8,DM_Ends,0,Охранник (игрок),Time... Right... Very funny.,,
3207,DM_Ends/End_8_9,DM_Ends,0,Дух Машины,Existential! Crisis! Disgusting!,,
3208,DM_Ends/End_8_10,DM_Ends,0,Дух Машины,The subject has nothing to worry about. The phenomenon has a limited period of effect.,,
3209,DM_Ends/End_8_11,DM_Ends,0,Охранник (игрок),And still... Since you've been through this... Where is the real me?,,
3210,DM_Ends/End_8_12,DM_Ends,0,Дух Машины,Everywhere! All over!,,
3211,DM_Ends/End_8_13,DM_Ends,0,Дух Машины,"Child, recall your childhood. You were different then. Does that make the past any less real?",,
3212,DM_Ends/End_8_14,DM_Ends,0,Дух Машины,"Every moment you vanished and were born anew in time, without paying it the slightest attention. Has anything really changed?",,
3213,DM_Ends/End_8_15,DM_Ends,0,Охранник (игрок),"Well... To put it mildly, a lot... Though...in truth everything stayed the same, just different.",,
3214,DM_Ends/End_8_16,DM_Ends,0,Охранник (игрок),"Damn, I'm starting to talk like you now!",,
3215,DM_Ends/End_8_17,DM_Ends,0,Дух Машины,Soooo cuuute!!! Whiskers is learning from us!!! Incredibly cute!!!,,
3216,DM_Ends/End_8_18,DM_Ends,0,Дух Машины,"And we always knew that you and us, bro, are on the same wavelength!",,
3217,DM_Ends/End_8_19,DM_Ends,0,Охранник (игрок),"Some wavelength. I'd call it a tsunami. And I really hope that this time, at least, the tide finally goes out.",,
3218,DM_Ends/End_8_20,DM_Ends,0,Дух Машины,"Have faith, child. We begin.",,
3219,DM_Ends/End_9_1,DM_Ends,0,Охранник (игрок),"Alright! This is the last option! If this combination isn't the one either, I'll despair!",,
3220,DM_Ends/End_9_2,DM_Ends,0,Дух Машины,"And a little hello to you too, cutie!",,
3221,DM_Ends/End_9_3,DM_Ends,0,Дух Машины,"The subject has nothing to worry about. We are examining only this segment of frames. If it exhausts itself, we will begin exploring another.",,
3222,DM_Ends/End_9_4,DM_Ends,0,Дух Машины,"Verily, child, as long as we are with you, the light will not fade. We are certain you will not lose hope.",,
3223,DM_Ends/End_9_5,DM_Ends,0,Охранник (игрок),"Wait, wait... Are you saying that if we fail, we'll just start rolling back even further?",,
3224,DM_Ends/End_9_6,DM_Ends,0,Дух Машины,"Exactly, bro! Cool, right!",,
3225,DM_Ends/End_9_7,DM_Ends,0,Охранник (игрок),"No! That's not cool at all! I signed up to be a guard, not a web browser!",,
3226,DM_Ends/End_9_8,DM_Ends,0,Дух Машины,Enough! Stalling! Irritating! We begin! Integration!,,
3227,DM_Ends/Extra_End_9_1,DM_Ends,0,Дух Машины,Stop! Bring him back!,,
3228,DM_Ends/Extra_End_9_2,DM_Ends,0,Дух Машины,All knowledge is gathered. There is now enough information for the deconstruction and deserialization of the spatial manifestation.,,
3229,DM_Ends/Extra_End_9_3,DM_Ends,0,Дух Машины,We want our normal cutie-guardie back! We want-want-want.,,
3230,DM_Ends/Extra_End_9_4,DM_Ends,0,Дух Машины,"Agreed, giving our bro the runaround isn't honorable!",,
3231,DM_Ends/Extra_End_9_5,DM_Ends,0,Дух Машины,"Then, child, again.",,
3232,DM_Ends/True_Finale_1,DM_Ends,0,Охранник (игрок),Huh? What? I'm here again?,,
3233,DM_Ends/True_Finale_2,DM_Ends,0,Дух Машины,"Rejoice, child, for the light has gathered into a single ray.",,
3234,DM_Ends/True_Finale_3,DM_Ends,0,Дух Машины,"Yes-yes, cutie, now we can remove the very thing it all started with!",,
3235,DM_Ends/True_Finale_4,DM_Ends,0,Охранник (игрок),R-really?,,
3236,DM_Ends/True_Finale_5,DM_Ends,0,Дух Машины,"Yep, for real, bro, we'll deal with the root of the problem.",,
3237,DM_Ends/True_Finale_6,DM_Ends,0,Дух Машины,Excise! Delete! Erase!,,
3238,DM_Ends/True_Finale_7,DM_Ends,0,Охранник (игрок),"And what's this root of the problem, anyway?",,
3239,DM_Ends/True_Finale_8,DM_Ends,0,Дух Машины,"What do you think yourself, cutie?",,
3240,DM_Ends/True_Finale_9,DM_Ends,0,Охранник (игрок),Well... That strange disease?,,
3241,DM_Ends/True_Finale_10,DM_Ends,0,Дух Машины,"To be rid of the consequences, one must eliminate the cause, correct.",,
3242,DM_Ends/True_Finale_11,DM_Ends,0,Охранник (игрок),So why didn't you just delete the disease?,,
3243,DM_Ends/True_Finale_12,DM_Ends,0,Дух Машины,"Well, bro, the reason's obvious.",,
3244,DM_Ends/True_Finale_13,DM_Ends,0,Дух Машины,Lack! Of knowledge!,,
3245,DM_Ends/True_Finale_14,DM_Ends,0,Охранник (игрок),"Ah, right, makes sense. You're a so-so medic...",,
3246,DM_Ends/True_Finale_15,DM_Ends,0,Дух Машины,"Look at that, the cutie's little teeth have come in, he bites!",,
3247,DM_Ends/True_Finale_16,DM_Ends,0,Дух Машины,"You, bro, just... Do the whatsit... Actually, don't!",,
3248,DM_Ends/True_Finale_17,DM_Ends,0,Дух Машины,We hereby inform the subject of the fact that in dissection we have no equal!,,
3249,DM_Ends/True_Finale_18,DM_Ends,0,Охранник (игрок),"Right, God's gift to pathology, sure.",,
3250,DM_Ends/True_Finale_19,DM_Ends,0,Дух Машины,Precisely! Also! Medicine!,,
3251,DM_Ends/True_Finale_20,DM_Ends,0,Охранник (игрок),"Alright, alright, I hear you. So what knowledge did you gather?",,
3252,DM_Ends/True_Finale_21,DM_Ends,0,Дух Машины,"A thread from every corner of the world, child.",,
3253,DM_Ends/True_Finale_22,DM_Ends,0,Дух Машины,"Whiskers, don't trouble your head, you wouldn't understand anyway.",,
3254,DM_Ends/True_Finale_23,DM_Ends,0,Дух Машины,"Yeah, bro, that stuff'd blow your lid clean off. You don't need it.",,
3255,DM_Ends/True_Finale_24,DM_Ends,0,Охранник (игрок),"Hmm... Well, I suppose so. Considering all these multidimensions still give me the creeps...",,
3256,DM_Ends/True_Finale_25,DM_Ends,0,Дух Машины,"Exactly, cutie. You get it yourself. And we wish you no harm, so we won't tell.",,
3257,DM_Ends/True_Finale_26,DM_Ends,0,Охранник (игрок),So... What now? You'll fix everything?,,
3258,DM_Ends/True_Finale_27,DM_Ends,0,Дух Машины,Yes! Easily!,,
3259,DM_Ends/True_Finale_28,DM_Ends,0,Охранник (игрок),And with no lasting effects?,,
3260,DM_Ends/True_Finale_29,DM_Ends,0,Дух Машины,"And with no causes, child.",,
3261,DM_Ends/True_Finale_30,DM_Ends,0,Охранник (игрок),"I really hope so. And so, I take it, we'll never see each other again?",,
3262,DM_Ends/True_Finale_31,DM_Ends,0,Дух Машины,"Bro, we always see each other.",,
3263,DM_Ends/True_Finale_32,DM_Ends,0,Дух Машины,"Yep-yep, in your little heart we're forever, cutie.",,
3264,DM_Ends/True_Finale_33,DM_Ends,0,Охранник (игрок),"Well, this I definitely won't forget... I can't even imagine how I'll go on living an ordinary life...",,
3265,DM_Ends/True_Finale_34,DM_Ends,0,Дух Машины,"Child, you took a guard job in a place like this... Your life is already anything but ordinary.",,
3266,DM_Ends/True_Finale_35,DM_Ends,0,Охранник (игрок),Hard to argue with that... And still... Where are you from?,,
3267,DM_Ends/True_Finale_36,DM_Ends,0,Дух Машины,"Ooh, what personal little questions!",,
3268,DM_Ends/True_Finale_37,DM_Ends,0,Дух Машины,"Child, it's far too long a story. You wouldn't live to the end. The human existence is far too brief.",,
3269,DM_Ends/True_Finale_38,DM_Ends,0,Охранник (игрок),But I could...,,
3270,DM_Ends/True_Finale_39,DM_Ends,0,Дух Машины,Child!,,
3271,DM_Ends/True_Finale_40,DM_Ends,0,Охранник (игрок),O-okay... Got it...,,
3272,DM_Ends/True_Finale_41,DM_Ends,0,Дух Машины,"Come on, bro, it's time to say goodbye.",,
3273,DM_Ends/True_Finale_42,DM_Ends,0,Дух Машины,"Aww, theeere it is. Time for the cutie pie to go. Boo-hoo! We'll remember you!",,
3274,DM_Ends/True_Finale_43,DM_Ends,0,Дух Машины,"Yes, child, enjoy your worldly life, you've earned it.",,
3275,DM_Ends/True_Finale_44,DM_Ends,0,Дух Машины,The subject may consider himself a hero. But the subject had best keep quiet about his heroism. Others won't understand.,,
3276,DM_Ends/True_Finale_45,DM_Ends,0,Дух Машины,Go! Sleep! We'll! Handle it!,,
3277,DM_Ends/True_Finale_46,DM_Ends,0,Охранник (игрок),"Well... Alright. Farewell...farewells, I guess...",,
3278,DM_Ends/AI_conf_1_1,DM_Ends,0,Дух Машины,"So. It's done, sweetheart. That cutie AM0N won't be able to hold the coherence of its little nodes anymore.",,
3279,DM_Ends/AI_conf_1_2,DM_Ends,0,Дух Машины,"Check it out, this one's so happy he isn't even moving!",,
3280,DM_Ends/AI_conf_1_3,DM_Ends,0,Дух Машины,Gratitude! Give it! Now! To us!,,
3281,DM_Ends/AI_conf_1_4,DM_Ends,0,Дух Машины,Sweetheart...?,,
3282,DM_Ends/AI_conf_1_5,DM_Ends,0,Дух Машины,Hello?! Meaty one!,,
3283,DM_Ends/AI_conf_1_6,DM_Ends,0,Дух Машины,The whiskered cutie pie really has frozen in this adorable pose.,,
3284,DM_Ends/AI_conf_1_7,DM_Ends,0,Дух Машины,"We hereby inform our own inattentive selves that absolutely everything has frozen, without exception.",,
3285,DM_Ends/AI_conf_1_8,DM_Ends,0,Дух Машины,Knowledge! A void! Sate it!,,
3286,DM_Ends/AI_conf_1_9,DM_Ends,0,Дух Машины,"Let's fire up our multidimensional contraption, quick! Can't even enjoy the moment here!",,
3287,DM_Ends/AI_conf_2_1,DM_Ends,0,Дух Машины,Again! He's! Frozen!,,
3288,DM_Ends/AI_conf_2_2,DM_Ends,0,Дух Машины,Did the naive child imagine the result would change without a cause?,,
3289,DM_Ends/AI_conf_2_3,DM_Ends,0,Дух Машины,This whiskered fella still hasn't figured out that the bet won't pay off without all the trump cards.,,
3290,DM_Ends/AI_conf_2_4,DM_Ends,0,Дух Машины,Maybe the cutie just likes standing there like a silly little statue?,,
3291,DM_Ends/AI_conf_2_5,DM_Ends,0,Дух Машины,Humans! Strange! Amusing!,,
3292,DM_Ends/AI_conf_2_6,DM_Ends,0,Дух Машины,"If the child is tired, one can always take a rest beside the River of Ages.",,
3293,DM_Ends/AI_conf_2_7,DM_Ends,0,Дух Машины,We wait!,,
3294,DM_Ends/AI_conf_2_8,DM_Ends,0,Дух Машины,So what're we waiting for? Care to tell us?,,
3295,DM_Ends/AI_conf_2_9,DM_Ends,0,Дух Машины,We pay it no mind; it makes no difference when the process itself is beautiful.,,
3296,DM_Ends/AI_conf_2_10,DM_Ends,0,Дух Машины,We simply contemplate the moment when everything froze.,,
3297,DM_Ends/AI_conf_2_11,DM_Ends,0,Дух Машины,Adorably glassy.,,
3298,DM_Ends/AI_conf_2_12,DM_Ends,0,Дух Машины,Fine! Enough!,,
3299,DM_Ends/AI_conf_2_13,DM_Ends,0,Дух Машины,We ask ourselves not to waste space-time and to continue the search.,,
3300,DM_Ends/Symby_conf_1_1,DM_Ends,0,Дух Машины,The changes are integrated. The probability of disrupting or blurring personal boundaries is zero.,,
3301,DM_Ends/Symby_conf_1_2,DM_Ends,0,Охранник (игрок),Oh! Cool!,,
3302,DM_Ends/Symby_conf_1_3,DM_Ends,0,Дух Машины,"So, whiskered cutie pie, proud of yourself?",,
3303,DM_Ends/Symby_conf_1_4,DM_Ends,0,Охранник (игрок),Of whom?,,
3304,DM_Ends/Symby_conf_1_5,DM_Ends,0,Дух Машины,Of! Yourself!,,
3305,DM_Ends/Symby_conf_1_6,DM_Ends,0,Охранник (игрок),And who's that?,,
3306,DM_Ends/Symby_conf_1_7,DM_Ends,0,Дух Машины,"You, child...",,
3307,DM_Ends/Symby_conf_1_8,DM_Ends,0,Охранник (игрок),Who???,,
3308,DM_Ends/Symby_conf_1_9,DM_Ends,0,Дух Машины,"YOU, who else!! Quit stalling! What's the matter with you?!",,
3309,DM_Ends/Symby_conf_1_10,DM_Ends,0,Охранник (игрок),With whom?,,
3310,DM_Ends/Symby_conf_1_11,DM_Ends,0,Дух Машины,...,,
3311,DM_Ends/Symby_conf_1_12,DM_Ends,0,Дух Машины,"Child, tell us you're joking, we beg you...",,
3312,DM_Ends/Symby_conf_1_13,DM_Ends,0,Охранник (игрок),Who???,,
3313,DM_Ends/Symby_conf_1_14,DM_Ends,0,Дух Машины,Now then! We're asking it wrong. We'll show how it's done.,,
3314,DM_Ends/Symby_conf_1_15,DM_Ends,0,Дух Машины,Who was it that handled all that paper-pushing to solve the problems?,,
3315,DM_Ends/Symby_conf_1_16,DM_Ends,0,Охранник (игрок),The guard at the checkpoint.,,
3316,DM_Ends/Symby_conf_1_17,DM_Ends,0,Дух Машины,"There! Good! And this very guard, what sort of guy is he?",,
3317,DM_Ends/Symby_conf_1_18,DM_Ends,0,Охранник (игрок),A hero!!!,,
3318,DM_Ends/Symby_conf_1_19,DM_Ends,0,Дух Машины,"If you don't praise yourself, no one will, right, cutie?",,
3319,DM_Ends/Symby_conf_1_20,DM_Ends,0,Охранник (игрок),Praise whom?,,
3320,DM_Ends/Symby_conf_1_21,DM_Ends,0,Дух Машины,"Enough, he's playing dumb far too adorably. We can't take it anymore, we're about to melt!",,
3321,DM_Ends/Symby_conf_1_22,DM_Ends,0,Дух Машины,Search! Outcome! Another!,,
3322,DM_Ends/Symby_conf_2_1,DM_Ends,0,Дух Машины,"And here you are again, naive child...",,
3323,DM_Ends/Symby_conf_2_2,DM_Ends,0,Охранник (игрок),Who?,,
3324,DM_Ends/Symby_conf_2_3,DM_Ends,0,Дух Машины,You're! To blame!,,
3325,DM_Ends/Symby_conf_2_4,DM_Ends,0,Охранник (игрок),Who's to blame? Blame for what?,,
3326,DM_Ends/Symby_conf_2_5,DM_Ends,0,Дух Машины,The guard-subject is to blame. He is charged with wasting space-time!,,
3327,DM_Ends/Symby_conf_2_6,DM_Ends,0,Охранник (игрок),He's a hero!!!,,
3328,DM_Ends/Symby_conf_2_7,DM_Ends,0,Дух Машины,A hero who lost himself in the abyss of his own self... Woeful.,,
3329,DM_Ends/Symby_conf_2_8,DM_Ends,0,Охранник (игрок),What...,,
3330,DM_Ends/Symby_conf_2_9,DM_Ends,0,Дух Машины,Stop it! Again!,,
3331,DM_Ends/Mecha_conf_1_1,DM_Ends,0,Дух Машины,"Whoop! Well then, we've dealt with the little problem of the uninvited life forms.",,
3332,DM_Ends/Mecha_conf_1_2,DM_Ends,0,Дух Машины,Uh-oh...,,
3333,DM_Ends/Mecha_conf_1_3,DM_Ends,0,Дух Машины,Child...,,
3334,DM_Ends/Mecha_conf_1_4,DM_Ends,0,Дух Машины,Guess we kinda overdid it there.,,
3335,DM_Ends/Mecha_conf_1_5,DM_Ends,0,Дух Машины,That turned out awkward... But he's such a little sweetie right now.,,
3336,DM_Ends/Mecha_conf_1_6,DM_Ends,0,Дух Машины,"Hey, what are we on about? What sweetie? We don't agree with this nonsense!",,
3337,DM_Ends/Mecha_conf_1_7,DM_Ends,0,Дух Машины,"Well, we didn't ask us! A sweetie, and that's final!",,
3338,DM_Ends/Mecha_conf_1_8,DM_Ends,0,Дух Машины,Enough! Arguing! Data! Gather it!,,
3339,DM_Ends/Mecha_conf_1_9,DM_Ends,0,Дух Машины,"We fully agree with ourselves, we must seek other answers.",,
3340,DM_Ends/Mecha_conf_2_1,DM_Ends,0,Дух Машины,"Child, can it be that your mind is screaming in agony?",,
3341,DM_Ends/Mecha_conf_2_2,DM_Ends,0,Дух Машины,"Oh, look! He's a little sweetie again! So naive. Did he think something had changed?",,
3342,DM_Ends/Mecha_conf_2_3,DM_Ends,0,Дух Машины,Enlightenment! Realization! Meat! Burnout!,,
3343,DM_Ends/Mecha_conf_2_4,DM_Ends,0,Дух Машины,We hope the child won't make us behold this agony again...,,
3344,DM_Ends/Mecha_conf_2_5,DM_Ends,0,Дух Машины,Again!,,
3345,DM_Ends/Diab_conf_1_1,DM_Ends,0,Дух Машины,"Exorcizamus te, omnis immundus spiritus, omnis satanica potestas...",,
3346,DM_Ends/Diab_conf_1_2,DM_Ends,0,Дух Машины,"Omnis incursio infernalis adversarii, omnis legio, omnis congregatio et secta diabolica.",,
3347,DM_Ends/Diab_conf_1_3,DM_Ends,0,Охранник (игрок),What?,,
3348,DM_Ends/Diab_conf_1_4,DM_Ends,0,Дух Машины,"Just reciting a bit, to strip all that half-witted gibberish of its meaning.",,
3349,DM_Ends/Diab_conf_1_5,DM_Ends,0,Охранник (игрок),"Ah. Got it. Yeah, those mushroom folk still give me the creeps.",,
3350,DM_Ends/Diab_conf_1_6,DM_Ends,0,Дух Машины,"Rejoice, child, for minstrels shall compose legends of our deeds.",,
3351,DM_Ends/Diab_conf_1_7,DM_Ends,0,Охранник (игрок),Why?,,
3352,DM_Ends/Diab_conf_1_8,DM_Ends,0,Дух Машины,"Pathos, buddy. Pathos is everything.",,
3353,DM_Ends/Diab_conf_1_9,DM_Ends,0,Охранник (игрок),"Pathos can't decide anything, it doesn't even exist. What's the point of wasting energy on it?",,
3354,DM_Ends/Diab_conf_1_10,DM_Ends,0,Дух Машины,"You tell us, whiskered cutie pie. Why do you humans keep making art?",,
3355,DM_Ends/Diab_conf_1_11,DM_Ends,0,Охранник (игрок),How should I know? A pointless waste of energy. And resources.,,
3356,DM_Ends/Diab_conf_1_12,DM_Ends,0,Дух Машины,Hey! Are you trying to mock us?!,,
3357,DM_Ends/Diab_conf_1_13,DM_Ends,0,Охранник (игрок),"Now a good meal and a nap in a soft little bed, now that's a joy, yeah!",,
3358,DM_Ends/Diab_conf_1_14,DM_Ends,0,Дух Машины,"We do not complain, child. It is but one of your worldly facets. So kindly answer: What do you go by?",,
3359,DM_Ends/Diab_conf_1_15,DM_Ends,0,Охранник (игрок),"Well, usually by foot. Strange question...",,
3360,DM_Ends/Diab_conf_1_16,DM_Ends,0,Дух Машины,"Look at that, the cutie's sense of humor has come in.",,
3361,DM_Ends/Diab_conf_1_17,DM_Ends,0,Охранник (игрок),A sense can't 'come in'; you're talking nonsense.,,
3362,DM_Ends/Diab_conf_1_18,DM_Ends,0,Дух Машины,Strange! Suspicion! Traffic light! The rules! Name them!,,
3363,DM_Ends/Diab_conf_1_19,DM_Ends,0,Охранник (игрок),There's one rule: to glow in different colors.,,
3364,DM_Ends/Diab_conf_1_20,DM_Ends,0,Дух Машины,"Regrettable, everything is devoid of meaning...",,
3365,DM_Ends/Diab_conf_1_21,DM_Ends,0,Дух Машины,"It's amazing you understand words at all, cutie. Must be our closeness.",,
3366,DM_Ends/Diab_conf_1_22,DM_Ends,0,Дух Машины,The search! Has! Meaning! Another! Plane!,,
3367,DM_Ends/Diab_conf_2_1,DM_Ends,0,Дух Машины,"And what for, child?",,
3368,DM_Ends/Diab_conf_2_2,DM_Ends,0,Охранник (игрок),"What do you mean, 'what for'?",,
3369,DM_Ends/Diab_conf_2_3,DM_Ends,0,Дух Машины,Why blindly follow the beaten road that leads nowhere...,,
3370,DM_Ends/Diab_conf_2_4,DM_Ends,0,Дух Машины,"Oh, the whiskered cutie pie just wanted to feel our unusual closeness again!",,
3371,DM_Ends/Diab_conf_2_5,DM_Ends,0,Охранник (игрок),"There was a problem, I solved it. What questions could you have for me?",,
3372,DM_Ends/Diab_conf_2_6,DM_Ends,0,Дух Машины,You're irritating! Restart!,,
3373,DM_Ends/Goser_conf_1_1,DM_Ends,0,Дух Машины,"And so the little tale ends, and whoever listened is a fine friend.",,
3374,DM_Ends/Goser_conf_1_2,DM_Ends,0,Охранник (игрок),Is this madness over?,,
3375,DM_Ends/Goser_conf_1_3,DM_Ends,0,Дух Машины,"Yes, child...",,
3376,DM_Ends/Goser_conf_1_4,DM_Ends,0,Охранник (игрок),Finally. I was starting to think the world had gone insane.,,
3377,DM_Ends/Goser_conf_1_5,DM_Ends,0,Дух Машины,"It had, at that. But we sorted it all out.",,
3378,DM_Ends/Goser_conf_1_6,DM_Ends,0,Дух Машины,"So, any plans, cutie?",,
3379,DM_Ends/Goser_conf_1_7,DM_Ends,0,Охранник (игрок),Well... None.,,
3380,DM_Ends/Goser_conf_1_8,DM_Ends,0,Дух Машины,A vacation! Care for one?!,,
3381,DM_Ends/Goser_conf_1_9,DM_Ends,0,Охранник (игрок),"Oh, I do! Yes!",,
3382,DM_Ends/Goser_conf_1_10,DM_Ends,0,Дух Машины,And how does the child plan to set body and spirit in order?,,
3383,DM_Ends/Goser_conf_1_11,DM_Ends,0,Охранник (игрок),I don't even know...,,
3384,DM_Ends/Goser_conf_1_12,DM_Ends,0,Дух Машины,"Come on, cutie pie, give it a think, use your imagination.",,
3385,DM_Ends/Goser_conf_1_13,DM_Ends,0,Охранник (игрок),Uh... How do I do that?,,
3386,DM_Ends/Goser_conf_1_14,DM_Ends,0,Дух Машины,"Look who you're asking... A workplace comedian. We'll have a word with management, and you'll be fired.",,
3387,DM_Ends/Goser_conf_1_15,DM_Ends,0,Охранник (игрок),"Don't!!! I'm serious, I have absolutely no idea what you mean!",,
3388,DM_Ends/Goser_conf_1_16,DM_Ends,0,Дух Машины,A promotion! Want one?!,,
3389,DM_Ends/Goser_conf_1_17,DM_Ends,0,Охранник (игрок),I do! Can you swing it?,,
3390,DM_Ends/Goser_conf_1_18,DM_Ends,0,Дух Машины,Management will heed our recommendation. Name your desired sum.,,
3391,DM_Ends/Goser_conf_1_19,DM_Ends,0,Охранник (игрок),"Well... More than now, I guess.",,
3392,DM_Ends/Goser_conf_1_20,DM_Ends,0,Дух Машины,And what does the child intend to spend this 'more' on?,,
3393,DM_Ends/Goser_conf_1_21,DM_Ends,0,Охранник (игрок),I don't even know...,,
3394,DM_Ends/Goser_conf_1_22,DM_Ends,0,Дух Машины,Then what do you even need the dough for?,,
3395,DM_Ends/Goser_conf_1_23,DM_Ends,0,Охранник (игрок),To spend.,,
3396,DM_Ends/Goser_conf_1_24,DM_Ends,0,Дух Машины,"On what, child?",,
3397,DM_Ends/Goser_conf_1_25,DM_Ends,0,Охранник (игрок),I... I don't know. I feel off somehow.,,
3398,DM_Ends/Goser_conf_1_26,DM_Ends,0,Дух Машины,"Ooo... Nah, pal, this won't do.",,
3399,DM_Ends/Goser_conf_1_27,DM_Ends,0,Охранник (игрок),How so?,,
3400,DM_Ends/Goser_conf_1_28,DM_Ends,0,Дух Машины,Never mind. There's not enough information. We need to choose a different path.,,
3401,DM_Ends/Goser_conf_2_1,DM_Ends,0,Дух Машины,"We were waiting for you, child...",,
3402,DM_Ends/Goser_conf_2_2,DM_Ends,0,Охранник (игрок),Really?,,
3403,DM_Ends/Goser_conf_2_3,DM_Ends,0,Дух Машины,"Yep! What'll you have for breakfast, cutie?",,
3404,DM_Ends/Goser_conf_2_4,DM_Ends,0,Охранник (игрок),I don't know.,,
3405,DM_Ends/Goser_conf_2_5,DM_Ends,0,Дух Машины,Plans! Tomorrow!,,
3406,DM_Ends/Goser_conf_2_6,DM_Ends,0,Охранник (игрок),"I don't know. Listen, um...",,
3407,DM_Ends/Goser_conf_2_7,DM_Ends,0,Дух Машины,Picture it! A beach! Waves! Little fish! Swimming!,,
3408,DM_Ends/Goser_conf_2_8,DM_Ends,0,Охранник (игрок),My head's starting to ache for some reason...,,
3409,DM_Ends/Goser_conf_2_9,DM_Ends,0,Дух Машины,The sea breeze sweetly tickles your kawaii little nose!,,
3410,DM_Ends/Goser_conf_2_10,DM_Ends,0,Охранник (игрок),Stop it!,,
3411,DM_Ends/Goser_conf_2_11,DM_Ends,0,Дух Машины,Suddenly a water kitty rises from the sea and purrs adorably across the whole beach!,,
3412,DM_Ends/Goser_conf_2_12,DM_Ends,0,Охранник (игрок),Enough!!! My head is splitting!!!,,
3413,DM_Ends/Goser_conf_2_13,DM_Ends,0,Дух Машины,Next time the subject will think before wasting space-time!,,
3414,DM_Ends/Goser_conf_2_14,DM_Ends,0,Дух Машины,Again!,,
3415,DM_Ends/Tran_conf_1_1,DM_Ends,0,Дух Машины,Matter! Information! Transformation! Forbidden! The boundary!,,
3416,DM_Ends/Tran_conf_1_2,DM_Ends,0,Охранник (игрок),Hooray!,,
3417,DM_Ends/Tran_conf_1_3,DM_Ends,0,Дух Машины,"Cutie-pie, you tried so hard. We're sure you've earned a promotion!",,
3418,DM_Ends/Tran_conf_1_4,DM_Ends,0,Охранник (игрок),"Like, climb up on a crate?",,
3419,DM_Ends/Tran_conf_1_5,DM_Ends,0,Дух Машины,"Why, child?",,
3420,DM_Ends/Tran_conf_1_6,DM_Ends,0,Охранник (игрок),Well... To be higher up.,,
3421,DM_Ends/Tran_conf_1_7,DM_Ends,0,Дух Машины,"That's not what we mean, silly little cutie pie. To stop being just a guard.",,
3422,DM_Ends/Tran_conf_1_8,DM_Ends,0,Охранник (игрок),What else would I be? I've always been a guard and always will be.,,
3423,DM_Ends/Tran_conf_1_9,DM_Ends,0,Дух Машины,"Self-critical, child... But you could become head of security...",,
3424,DM_Ends/Tran_conf_1_10,DM_Ends,0,Охранник (игрок),Don't talk rubbish.,,
3425,DM_Ends/Tran_conf_1_11,DM_Ends,0,Дух Машины,"So you plan to croak as a plain old guard, too?",,
3426,DM_Ends/Tran_conf_1_12,DM_Ends,0,Охранник (игрок),I don't plan on dying. The dying are the ones who die.,,
3427,DM_Ends/Tran_conf_1_13,DM_Ends,0,Дух Машины,"We register a thoroughly unhealthy, radical fatalism. Please notify us of the Coordinator's whereabouts.",,
3428,DM_Ends/Tran_conf_1_14,DM_Ends,0,Охранник (игрок),"Well, he's wounded, so he's always on sick leave bleeding out.",,
3429,DM_Ends/Tran_conf_1_15,DM_Ends,0,Дух Машины,"Child... This won't do... Your thoughts are sick, and your body weeps with exhaustion. Healthy sleep will cure it...",,
3430,DM_Ends/Tran_conf_1_16,DM_Ends,0,Охранник (игрок),"People sleep on the other side of the planet, where it's night. Here it's day.",,
3431,DM_Ends/Tran_conf_1_17,DM_Ends,0,Дух Машины,Always?!,,
3432,DM_Ends/Tran_conf_1_18,DM_Ends,0,Охранник (игрок),"Well, how else would it be.",,
3433,DM_Ends/Tran_conf_1_19,DM_Ends,0,Дух Машины,"How, how... Ugh... Through a different outcome, bro.",,
3434,DM_Ends/Tran_conf_2_1,DM_Ends,0,Дух Машины,"Well, howdy, natural-born guard. Not tired of grinding away?",,
3435,DM_Ends/Tran_conf_2_2,DM_Ends,0,Охранник (игрок),The tired are the ones who get tired.,,
3436,DM_Ends/Tran_conf_2_3,DM_Ends,0,Дух Машины,The cutie pie's at it again... so kawaii-hopeless!,,
3437,DM_Ends/Tran_conf_2_4,DM_Ends,0,Дух Машины,"Ah, we get it now! This sly little rascal is just scared of getting fired!",,
3438,DM_Ends/Tran_conf_2_5,DM_Ends,0,Охранник (игрок),"I can't be fired, I'm a guard.",,
3439,DM_Ends/Tran_conf_2_6,DM_Ends,0,Дух Машины,"That's just the thing, cutie! Right, we're firing you from this iteration, you sneaky little smart aleck!",,
3440,DM_Ends/Psyho_conf_1_1,DM_Ends,0,Дух Машины,Stillness in the mind will now grant the bliss of serenity.,,
3441,DM_Ends/Psyho_conf_1_2,DM_Ends,0,Охранник (игрок),"Yeah, complete lunatics, their brains got well and truly fried.",,
3442,DM_Ends/Psyho_conf_1_3,DM_Ends,0,Дух Машины,"Oh sure, let's complain now that rusty nails in the brain lead to madness. What could possibly go wrong...",,
3443,DM_Ends/Psyho_conf_1_4,DM_Ends,0,Охранник (игрок),Can't argue with that.,,
3444,DM_Ends/Psyho_conf_1_5,DM_Ends,0,Дух Машины,"Hey, you seem kinda joyless.",,
3445,DM_Ends/Psyho_conf_1_6,DM_Ends,0,Охранник (игрок),Meaning?,,
3446,DM_Ends/Psyho_conf_1_7,DM_Ends,0,Дух Машины,Is your heart weeping over the number of victims?,,
3447,DM_Ends/Psyho_conf_1_8,DM_Ends,0,Охранник (игрок),"They died, so they died.",,
3448,DM_Ends/Psyho_conf_1_9,DM_Ends,0,Дух Машины,Well now... Are you depressed or something?,,
3449,DM_Ends/Psyho_conf_1_10,DM_Ends,0,Охранник (игрок),"No, I'm perfectly healthy.",,
3450,DM_Ends/Psyho_conf_1_11,DM_Ends,0,Дух Машины,"We register monotone speech, cause unknown.",,
3451,DM_Ends/Psyho_conf_1_12,DM_Ends,0,Охранник (игрок),Is something wrong?,,
3452,DM_Ends/Psyho_conf_1_13,DM_Ends,0,Дух Машины,"We're not sure, child...",,
3453,DM_Ends/Psyho_conf_1_14,DM_Ends,0,Охранник (игрок),"I assure you, I'm perfectly fine.",,
3454,DM_Ends/Psyho_conf_1_15,DM_Ends,0,Дух Машины,"Alright, alright. By the way, bro, we reckon you'll get promoted after this.",,
3455,DM_Ends/Psyho_conf_1_16,DM_Ends,0,Охранник (игрок),Wouldn't hurt.,,
3456,DM_Ends/Psyho_conf_1_17,DM_Ends,0,Дух Машины,"Though before this you only got... DEMOTED! Get it, huh!",,
3457,DM_Ends/Psyho_conf_1_18,DM_Ends,0,Охранник (игрок),"Yeah, fact.",,
3458,DM_Ends/Psyho_conf_1_19,DM_Ends,0,Дух Машины,Crafting human jokes is an incredibly laborious process for us. The subject is devaluing our labor!,,
3459,DM_Ends/Psyho_conf_1_20,DM_Ends,0,Дух Машины,"You could at least laugh, cutie. That brick where your little face should be isn't cute at-all-at-all.",,
3460,DM_Ends/Psyho_conf_1_21,DM_Ends,0,Охранник (игрок),Do what?,,
3461,DM_Ends/Psyho_conf_1_22,DM_Ends,0,Дух Машины,"Hypothesis confirmed. In fact, no one really will go crazy anymore.",,
3462,DM_Ends/Psyho_conf_1_23,DM_Ends,0,Охранник (игрок),"They won't, no.",,
3463,DM_Ends/Psyho_conf_1_24,DM_Ends,0,Дух Машины,But this outcome isn't cute in the slightest!!!,,
3464,DM_Ends/Psyho_conf_1_25,DM_Ends,0,Охранник (игрок),Seems like an ordinary outcome to me.,,
3465,DM_Ends/Psyho_conf_1_26,DM_Ends,0,Дух Машины,No. We need more data. Let's try a different outcome.,,
3466,DM_Ends/Psyho_conf_2_1,DM_Ends,0,Дух Машины,"Well, howdy, meat robot.",,
3467,DM_Ends/Psyho_conf_2_2,DM_Ends,0,Охранник (игрок),"Hey, yeah.",,
3468,DM_Ends/Psyho_conf_2_3,DM_Ends,0,Дух Машины,Fun being a heartless creature?,,
3469,DM_Ends/Psyho_conf_2_4,DM_Ends,0,Охранник (игрок),No complaints.,,
3470,DM_Ends/Psyho_conf_2_5,DM_Ends,0,Дух Машины,You're! Dumb!,,
3471,DM_Ends/Psyho_conf_2_6,DM_Ends,0,Охранник (игрок),"Sometimes, yeah.",,
3472,DM_Ends/Psyho_conf_2_7,DM_Ends,0,Дух Машины,Freak!,,
3473,DM_Ends/Psyho_conf_2_8,DM_Ends,0,Охранник (игрок),That's just your taste.,,
3474,DM_Ends/Psyho_conf_2_9,DM_Ends,0,Дух Машины,A mistake! Of nature!,,
3475,DM_Ends/Psyho_conf_2_10,DM_Ends,0,Охранник (игрок),"Nature can't make mistakes, because it has no goal.",,
3476,DM_Ends/Psyho_conf_2_11,DM_Ends,0,Дух Машины,Killjoy!!!,,
3477,DM_Ends/Psyho_conf_2_12,DM_Ends,0,Охранник (игрок),I'm just speaking the language of facts.,,
3478,DM_Ends/Psyho_conf_2_13,DM_Ends,0,Дух Машины,This is the most boring outcome! Not cute at-all-at-all-at-all!!! We continue the search for a cute path!,,
3479,DM_Ends/Hack_conf_1_1,DM_Ends,0,Дух Машины,"We failed to identify the hackers, but now no one will be able to impose their will on anyone anymore!",,
3480,DM_Ends/Hack_conf_1_2,DM_Ends,0,Охранник (игрок),"Yes! Hooray! This is a victory! Honestly, that was scary. Oxygen by subscription... Who could dream that up...",,
3481,DM_Ends/Hack_conf_1_3,DM_Ends,0,Дух Машины,"We think that after all this, the child has earned a vacation!",,
3482,DM_Ends/Hack_conf_1_4,DM_Ends,0,Охранник (игрок),Yes! I should file for time off.,,
3483,DM_Ends/Hack_conf_1_5,DM_Ends,0,Дух Машины,"Then we won't keep you, child. We've done good work.",,
3484,DM_Ends/Hack_conf_1_6,DM_Ends,0,Дух Машины,So why're you just standing there? Wanna chat some more?,,
3485,DM_Ends/Hack_conf_1_7,DM_Ends,0,Охранник (игрок),No. I want to go and file for time off.,,
3486,DM_Ends/Hack_conf_1_8,DM_Ends,0,Дух Машины,"Then off you go, child.",,
3487,DM_Ends/Hack_conf_1_9,DM_Ends,0,Охранник (игрок),I really want to.,,
3488,DM_Ends/Hack_conf_1_10,DM_Ends,0,Дух Машины,"We hear you perfectly well, but we hereby inform you that making such decisions is beyond our authority.",,
3489,DM_Ends/Hack_conf_1_11,DM_Ends,0,Охранник (игрок),I want to take a step.,,
3490,DM_Ends/Hack_conf_1_12,DM_Ends,0,Дух Машины,"Oooh! The cutie wants to take his first little step! Come on, Whiskers, we believe in you!!!",,
3491,DM_Ends/Hack_conf_1_13,DM_Ends,0,Охранник (игрок),It's not working...,,
3492,DM_Ends/Hack_conf_1_14,DM_Ends,0,Дух Машины,"Something wrong, child?",,
3493,DM_Ends/Hack_conf_1_15,DM_Ends,0,Охранник (игрок),"I want to, but I can't... I'm scared!",,
3494,DM_Ends/Hack_conf_1_16,DM_Ends,0,Дух Машины,"Easy, child...",,
3495,DM_Ends/Hack_conf_1_17,DM_Ends,0,Охранник (игрок),I want to calm down! I can't!!! I'm so scared!!!,,
3496,DM_Ends/Hack_conf_1_18,DM_Ends,0,Дух Машины,"Uh-oh...No one to anyone, then... The cutie pie can't even impose his own will on himself.",,
3497,DM_Ends/Hack_conf_1_19,DM_Ends,0,Охранник (игрок),So scared!!! Help me!!! I'm begging you!!!,,
3498,DM_Ends/Hack_conf_1_20,DM_Ends,0,Дух Машины,Loud! Another! Outcome!,,
3499,DM_Ends/Hack_conf_2_1,DM_Ends,0,Дух Машины,"Howdy! Okay, a joke. A guy puts on a hat, and it fits him just right.",,
3500,DM_Ends/Hack_conf_2_2,DM_Ends,0,Охранник (игрок),Haha... What an interesting...hahah...greeting.,,
3501,DM_Ends/Hack_conf_2_3,DM_Ends,0,Дух Машины,"Yep, that's the one, cutie.",,
3502,DM_Ends/Hack_conf_2_4,DM_Ends,0,Охранник (игрок),"Haha... Damn, that's...HAHAHA...not that funny a joke...HAHAHAHA!",,
3503,DM_Ends/Hack_conf_2_5,DM_Ends,0,Дух Машины,Whiskers is splitting his little sides so adorably. So kawaii when he hasn't the will to stop!,,
3504,DM_Ends/Hack_conf_2_6,DM_Ends,0,Дух Машины,"This is what happens, child, when you leap into the abyss where you've already died.",,
3505,DM_Ends/Hack_conf_2_7,DM_Ends,0,Охранник (игрок),"Hahahaha!!! Stop it! Hahaha!!! I get it, I get it!!!",,
3506,DM_Ends/Hack_conf_2_8,DM_Ends,0,Дух Машины,Splendid! Alright! Restart!,,
3507,DM_Ends/Insect_conf_1_1,DM_Ends,0,Дух Машины,And... Done! No more unauthorized collectives on our shift!,,
3508,DM_Ends/Insect_conf_1_2,DM_Ends,0,Охранник (игрок),They were so revolting...,,
3509,DM_Ends/Insect_conf_1_3,DM_Ends,0,Дух Машины,"If you ask us, they were rather cute. But no matter, it's all behind us now.",,
3510,DM_Ends/Insect_conf_1_4,DM_Ends,0,Охранник (игрок),"Yeah, I guess...",,
3511,DM_Ends/Insect_conf_1_5,DM_Ends,0,Дух Машины,"Buddy, show a little more confidence, you did save humanity, after all!",,
3512,DM_Ends/Insect_conf_1_6,DM_Ends,0,Охранник (игрок),And what's that to me?,,
3513,DM_Ends/Insect_conf_1_7,DM_Ends,0,Дух Машины,"Modesty is truly a virtue, child, but it's wretched to devalue your own deeds.",,
3514,DM_Ends/Insect_conf_1_8,DM_Ends,0,Охранник (игрок),"No, I'm serious, so I saved humanity, so what? I don't know it from Adam...",,
3515,DM_Ends/Insect_conf_1_9,DM_Ends,0,Охранник (игрок),The main thing is I saved myself.,,
3516,DM_Ends/Insect_conf_1_10,DM_Ends,0,Дух Машины,"Our modest little cutie pie has turned into a grumpy egoist, would you look at that.",,
3517,DM_Ends/Insect_conf_1_11,DM_Ends,0,Дух Машины,Your family! Can! Be proud! Of you!,,
3518,DM_Ends/Insect_conf_1_12,DM_Ends,0,Охранник (игрок),I don't know my family either. Why do you keep listing off strangers to me?,,
3519,DM_Ends/Insect_conf_1_13,DM_Ends,0,Дух Машины,Child... You're frightening us...,,
3520,DM_Ends/Insect_conf_1_14,DM_Ends,0,Охранник (игрок),What business is it of yours?,,
3521,DM_Ends/Insect_conf_1_15,DM_Ends,0,Дух Машины,"Bro, we kinda saved humanity together. We're a team, more or less.",,
3522,DM_Ends/Insect_conf_1_16,DM_Ends,0,Охранник (игрок),I don't understand what you're trying to tell me. I got rid of a threat. You got rid of a threat. That's all.,,
3523,DM_Ends/Insect_conf_1_17,DM_Ends,0,Дух Машины,Oooh! Meanie!!! What about our bond?! You don't value our closeness at all! Nasty!,,
3524,DM_Ends/Insect_conf_1_18,DM_Ends,0,Дух Машины,To us! It's all! Clear!,,
3525,DM_Ends/Insect_conf_1_19,DM_Ends,0,Дух Машины,Then we propose that we continue the search for a bright outcome.,,
3526,DM_Ends/Insect_conf_2_1,DM_Ends,0,Дух Машины,"Well, hello there, radical egocentrist. Nasty!",,
3527,DM_Ends/Insect_conf_2_2,DM_Ends,0,Охранник (игрок),Why are you insulting me right off the bat?,,
3528,DM_Ends/Insect_conf_2_3,DM_Ends,0,Дух Машины,"Well, you don't think about others... Nasty little monkey!",,
3529,DM_Ends/Insect_conf_2_4,DM_Ends,0,Охранник (игрок),Who says I don't? I do.,,
3530,DM_Ends/Insect_conf_2_5,DM_Ends,0,Дух Машины,Oh! Do tell? And whom does the cutie pie think about?,,
3531,DM_Ends/Insect_conf_2_6,DM_Ends,0,Охранник (игрок),"Well, about you, right now.",,
3532,DM_Ends/Insect_conf_2_7,DM_Ends,0,Дух Машины,Kawaii!!! You've finally admitted you can't help thinking about us. Cute-cute-cute!!!,,
3533,DM_Ends/Insect_conf_2_8,DM_Ends,0,Дух Машины,"And that's all, child? What about the Coordinator?",,
3534,DM_Ends/Insect_conf_2_9,DM_Ends,0,Охранник (игрок),What's there to think about him? He's not here.,,
3535,DM_Ends/Insect_conf_2_10,DM_Ends,0,Дух Машины,"Ah, no, our mistake, nasty! Restart!",,
3536,UI/MapDay,UI,0,,Day,,
3537,UI/MapButton,UI,0,,Shift Map,,
3538,UI/MapDelete,UI,0,,Delete Branch,,
3539,UI/MapCreate,UI,0,,Create Branch,,
3540,UI/MapBranchN,UI,0,,Branches available,,
3541,UI/MapResetAccept1,UI,0,,"If you start this day over, all subsequent progress will be reset to this day.
Are you sure?",,
3542,UI/MapResetAccept2,UI,0,,"The current branch will be COMPLETELY forgotten if you overwrite, and you will lose access to it.
Are you sure?",,
3543,UI/MapDeleteAccept,UI,0,,"The current branch will be COMPLETELY forgotten, and you will lose access to it.
Are you sure?",,
3544,UI/Win_1_1,UI,0,,Humanity saved,,
3545,UI/Win_1_2,UI,0,,:1,,
3546,UI/Win_2,UI,0,,Humanities sacrificed: {0},{0},
3547,Правила /Для Китайского и Корейского фонетическая транслитерация иероглифами.,Правила ,0,,,,
3548,Правила /Для Японского транслитерация катаканой,Правила ,0,,,,
3549,"Правила /Если в названии есть общипринятые термины типа Восточная, Западная, Европа, Америка и тд - Неоригинальную часть переводить, остальную транслитерировать с легкой шлифовкой по необходимости.",Правила ,0,,,,
3550,Rorschach/TestTitle,Rorschach,0,,Rorschach Test,,
3551,Rorschach/qwe123,Rorschach,0,,,,
3552,Правила /Для Китайского и Корейского фонетическая транслитерация иероглифами.,Правила ,0,,,,
3553,Правила /Для Японского транслитерация катаканой,Правила ,0,,,,
3554,"Правила /Если в названии есть общипринятые термины типа Восточная, Западная, Европа, Америка и тд - Неоригинальную часть переводить, остальную транслитерировать с легкой шлифовкой по необходимости.",Правила ,0,,,,
3555,Правила /Для Китайского и Корейского фонетическая транслитерация иероглифами.,Правила ,0,,,,
3556,Правила /Для Японского транслитерация катаканой,Правила ,0,,,,
3557,"Правила /Если в названии есть общипринятые термины типа Восточная, Западная, Европа, Америка и тд - Неоригинальную часть переводить, остальную транслитерировать с легкой шлифовкой по необходимости.",Правила ,0,,,,
3558,UI/InstructionViolated,UI,0,,Instruction violated:,,
3559,UI/CharWithAnomFree,UI,0,,Person with anomalies released,,
3560,UI/InnocentKilled,UI,0,,Innocent liquidated,,
3561,Правила /Для Китайского и Корейского фонетическая транслитерация иероглифами.,Правила ,0,,,,
3562,Правила /Для Японского транслитерация катаканой,Правила ,0,,,,
3563,"Правила /Если в названии есть общипринятые термины типа Восточная, Западная, Европа, Америка и тд - Неоригинальную часть переводить, остальную транслитерировать с легкой шлифовкой по необходимости.",Правила ,0,,,,
3564,UI/FalseRejected,UI,0,,Wrongfully denied access,,
3565,UI/NoAnomaliesFound,UI,0,,No anomalies found,,
3566,Doc_Loc/Gold_Sphere_Name,Doc_Loc,0,,Sphaera Numinis Aurei,,
3567,Doc_Loc/Gold_Sphere_Description,Doc_Loc,0,,"An aggressive agent, the last resort for purification.",,
3568,Правила /Для Китайского и Корейского фонетическая транслитерация иероглифами.,Правила ,0,,,,
3569,Правила /Для Японского транслитерация катаканой,Правила ,0,,,,
3570,"Правила /Если в названии есть общипринятые термины типа Восточная, Западная, Европа, Америка и тд - Неоригинальную часть переводить, остальную транслитерировать с легкой шлифовкой по необходимости.",Правила ,0,,,,
3571,Tech_devv/,Tech_devv,0,,,,
3572,Tech_devv/true,Tech_devv,0,,,,
3573,Tech_devv/false,Tech_devv,0,,,,
3574,Правила /Для Китайского и Корейского фонетическая транслитерация иероглифами.,Правила ,0,,,,
3575,Правила /Для Японского транслитерация катаканой,Правила ,0,,,,
3576,"Правила /Если в названии есть общипринятые термины типа Восточная, Западная, Европа, Америка и тд - Неоригинальную часть переводить, остальную транслитерировать с легкой шлифовкой по необходимости.",Правила ,0,,,,
3577,NewsAndReports/RepNewFloor,NewsAndReports,0,,"Due to an effective solution having been found for the recent problem, the experiment that was underway was halted. In accordance with protocol ""42-NG+"", all test subjects were [redacted]. All hygiene and decontamination procedures were carried out according to internal protocols. The isolation ward is ready to receive new test subjects.",,
3578,Правила /Для Китайского и Корейского фонетическая транслитерация иероглифами.,Правила ,0,,,,
3579,Правила /Для Японского транслитерация катаканой,Правила ,0,,,,
3580,"Правила /Если в названии есть общипринятые термины типа Восточная, Западная, Европа, Америка и тд - Неоригинальную часть переводить, остальную транслитерировать с легкой шлифовкой по необходимости.",Правила ,0,,,,
3581,CityOperations/ReportText_1,CityOperations,0,,"The tactical operation in the city, launched yesterday, was carried out successfully. No personnel losses. Collateral damage deemed acceptable. Personnel and equipment are ready for the next operation.",,
3582,CityOperations/ReportText_2,CityOperations,0,,"Thanks to this operation, the following progress has been made toward solving the current problem:",,
3583,CityOperations/ReportText_3,CityOperations,0,,"Unfortunately, the problem isn't standing still either — its progress has changed, too:",,
3584,CityOperations/ReportText_4,CityOperations,0,,"According to the data received, tomorrow the problem's progress will increase by another {0}",{0},
3585,CityOperations/ReportText_5,CityOperations,0,,A new tactical operation must be launched as soon as possible!,,
3586,Правила /Для Китайского и Корейского фонетическая транслитерация иероглифами.,Правила ,0,,,,
3587,Правила /Для Японского транслитерация катаканой,Правила ,0,,,,
3588,"Правила /Если в названии есть общипринятые термины типа Восточная, Западная, Европа, Америка и тд - Неоригинальную часть переводить, остальную транслитерировать с легкой шлифовкой по необходимости.",Правила ,0,,,,
3589,Правила /Для Китайского и Корейского фонетическая транслитерация иероглифами.,Правила ,0,,,,
3590,Правила /Для Японского транслитерация катаканой,Правила ,0,,,,
3591,"Правила /Если в названии есть общипринятые термины типа Восточная, Западная, Европа, Америка и тд - Неоригинальную часть переводить, остальную транслитерировать с легкой шлифовкой по необходимости.",Правила ,0,,,,
3592,UI/Attention,UI,0,,Attention!,,
3593,CityOperations/ReportText_NewFloor,CityOperations,0,,"Thanks to timely tactical operations, the {0} problem has been successfully resolved! However, the measures taken have led to a new threat's emergence: {1}! A new tactical operation must be launched as soon as possible to deal with the new problem!",{0} | {1},
3594,Правила /Для Китайского и Корейского фонетическая транслитерация иероглифами.,Правила ,0,,,,
3595,Правила /Для Японского транслитерация катаканой,Правила ,0,,,,
3596,"Правила /Если в названии есть общипринятые термины типа Восточная, Западная, Европа, Америка и тд - Неоригинальную часть переводить, остальную транслитерировать с легкой шлифовкой по необходимости.",Правила ,0,,,,
3597,Правила /Для Китайского и Корейского фонетическая транслитерация иероглифами.,Правила ,0,,,,
3598,Правила /Для Японского транслитерация катаканой,Правила ,0,,,,
3599,"Правила /Если в названии есть общипринятые термины типа Восточная, Западная, Европа, Америка и тд - Неоригинальную часть переводить, остальную транслитерировать с легкой шлифовкой по необходимости.",Правила ,0,,,,
3600,Real_Dev/178,Real_Dev,0,,Clowns Mentioned in the Rorschach Test Answers,,
3601,Real_Dev/179,Real_Dev,0,,Water Mentioned in the Rorschach Test Answers,,
3602,Real_Dev/180,Real_Dev,0,,Space Mentioned in the Rorschach Test Answers,,
3603,Real_Dev/181,Real_Dev,0,,A Throne Mentioned in the Rorschach Test Answers,,
3604,Real_Dev/182,Real_Dev,0,,Fire Mentioned in the Rorschach Test Answers,,
3605,Real_Dev/183,Real_Dev,0,,Ghosts or Spirits Mentioned in the Rorschach Test Answers,,
3606,Real_Dev/184,Real_Dev,0,,A Forest Mentioned in the Rorschach Test Answers,,
3607,Real_Dev/185,Real_Dev,0,,"Pie, soup, or bread is mentioned in the Rorschach test answers",,
3608,Real_Dev/186,Real_Dev,0,,Angels Mentioned in the Rorschach Test Answers,,
3609,Real_Dev/187,Real_Dev,0,,Demons Mentioned in the Rorschach Test Answers,,
3610,Real_Dev/188,Real_Dev,0,,Dragons Mentioned in the Rorschach Test Answers,,
3611,Real_Dev/189,Real_Dev,0,,Stones Mentioned in the Rorschach Test Answers,,
3612,Real_Dev/190,Real_Dev,0,,The Moon Mentioned in the Rorschach Test Answers,,
3613,Real_Dev/191,Real_Dev,0,,Blood Bubbles in the Photo,,
3614,Real_Dev/192,Real_Dev,0,,Clot of Biomass in the Photo,,
3615,Real_Dev/193,Real_Dev,0,,Observer Cube in the Photo,,
3616,Real_Dev/194,Real_Dev,0,,Vertical Beam of Light in the Photo,,
3617,Real_Dev/195,Real_Dev,0,,Holographic Panel in the Photo,,
3618,Real_Dev/196,Real_Dev,0,,Spherical Probe in the Photo,,
3619,Real_Dev/197,Real_Dev,0,,Bugs at the Space Rift in the Photo,,
3620,Real_Dev/198,Real_Dev,0,,Carrion Locust in the Photo,,
3621,Real_Dev/199,Real_Dev,0,,Makeshift Repair of the Space Rift in the Photo,,
3622,Real_Dev/200,Real_Dev,0,,Smoke Clouds in the Photo,,
3623,Real_Dev/201,Real_Dev,0,,Green Circuitry in the Photo,,
3624,Real_Dev/202,Real_Dev,0,,Gravestone in the Photo,,
3625,Real_Dev/203,Real_Dev,0,,Corpse fly in the photo,,
3626,Real_Dev/204,Real_Dev,0,,Giant Mushroom in the Photo,,
3627,Real_Dev/205,Real_Dev,0,,Kombucha in the Photo,,
3628,Real_Dev/206,Real_Dev,0,,Cobweb in the Photo,,
3629,Real_Dev/207,Real_Dev,0,,Bronze Beetle in the Photo,,
3630,Real_Dev/208,Real_Dev,0,,UV-Visible Microchip on the Documents,,
3631,Real_Dev/209,Real_Dev,0,,UV-Visible Mycelium on the Documents,,
3632,Real_Dev/210,Real_Dev,0,,UV-Visible Zeros and Ones on the Documents,,
3633,Real_Dev/211,Real_Dev,0,,UV-Visible Runic Symbols on the Documents,,
3634,Real_Dev/212,Real_Dev,0,,UV-Visible Skull on the Documents,,
3635,Real_Dev/213,Real_Dev,0,,Erythrocytus Vulgaris,,
3636,Real_Dev/214,Real_Dev,0,,Macrophagus Pakumanii,,
3637,Real_Dev/215,Real_Dev,0,,Vermis Orbitans,,
3638,Real_Dev/216,Real_Dev,0,,Quadratum Caeruleum,,
3639,Real_Dev/217,Real_Dev,0,,Quadratum Purpureum,,
3640,Real_Dev/218,Real_Dev,0,,Sphaera Ferromorpha,,
3641,Real_Dev/219,Real_Dev,0,,Symbion Oculus,,
3642,Правила /Для Китайского и Корейского фонетическая транслитерация иероглифами.,Правила ,0,,,,
3643,Правила /Для Японского транслитерация катаканой,Правила ,0,,,,
3644,"Правила /Если в названии есть общипринятые термины типа Восточная, Западная, Европа, Америка и тд - Неоригинальную часть переводить, остальную транслитерировать с легкой шлифовкой по необходимости.",Правила ,0,,,,
3645,UI/ShiftID,UI,0,,Shift ID,,
3646,Правила /Для Китайского и Корейского фонетическая транслитерация иероглифами.,Правила ,0,,,,
3647,Правила /Для Японского транслитерация катаканой,Правила ,0,,,,
3648,"Правила /Если в названии есть общипринятые термины типа Восточная, Западная, Европа, Америка и тд - Неоригинальную часть переводить, остальную транслитерировать с легкой шлифовкой по необходимости.",Правила ,0,,,,
3649,Правила /Для Китайского и Корейского фонетическая транслитерация иероглифами.,Правила ,0,,,,
3650,Правила /Для Японского транслитерация катаканой,Правила ,0,,,,
3651,"Правила /Если в названии есть общипринятые термины типа Восточная, Западная, Европа, Америка и тд - Неоригинальную часть переводить, остальную транслитерировать с легкой шлифовкой по необходимости.",Правила ,0,,,,
3652,UI/ProfName,UI,0,,Enter name,,
3653,UI/ProfChange,UI,0,,Change profile,,
3654,UI/ProfDel,UI,0,,Are you sure you want to delete this profile? All its data will be destroyed.,,
3655,UI/EnciGorloni,UI,0,,Encyclopedia,,
3656,UI/Enciglavlenie,UI,0,,Table of Contents,,
3657,Real_Dev/220,Real_Dev,0,,Tentaculum Infectans,,
3658,Real_Dev/221,Real_Dev,0,,Erythrocytus Cyberneticus,,
3659,Real_Dev/222,Real_Dev,0,,Octodiscus Aureus,,
3660,Real_Dev/223,Real_Dev,0,,Erythrocytus Cognitivus,,
3661,Real_Dev/224,Real_Dev,0,,Culex Replicator,,
3662,Real_Dev/225,Real_Dev,0,,Bombus Metallicus,,
3663,Real_Dev/226,Real_Dev,0,,Flos Metallicus,,
3664,Real_Dev/227,Real_Dev,0,,Erythrocytus Necroticus,,
3665,Real_Dev/228,Real_Dev,0,,Taenia Caerulea,,
3666,Real_Dev/229,Real_Dev,0,,Erythrocytus Ligatus,,
3667,Real_Dev/230,Real_Dev,0,,Taenia Nigra,,
3668,Real_Dev/231,Real_Dev,0,,Examen Viride,,
3669,Real_Dev/232,Real_Dev,0,,Erythrocytus Fragmentatus,,
3670,Real_Dev/233,Real_Dev,0,,Erythrocytus Telemetricus,,
3671,Real_Dev/234,Real_Dev,0,,Larva Locustarum,,
3672,Real_Dev/235,Real_Dev,0,,Regina Examinis,,
3673,Real_Dev/236,Real_Dev,0,,Mucus Animatus,,
3674,Real_Dev/237,Real_Dev,0,,Erythrocytus Mucosus,,
3675,Real_Dev/238,Real_Dev,0,,Ocularization of Internal Organs,,
3676,Real_Dev/239,Real_Dev,0,,Gray Mold on the Skin,,
3677,Real_Dev/240,Real_Dev,0,,Mycotic Rot of the Brain,,
3678,Real_Dev/241,Real_Dev,0,,Mycotic Rot of the Heart,,
3679,Real_Dev/242,Real_Dev,0,,Mycotic Rot of the Lung,,
3680,Real_Dev/243,Real_Dev,0,,Mycotic Rot of the Liver,,
3681,Real_Dev/244,Real_Dev,0,,Mycotic Rot of the Stomach,,
3682,Real_Dev/245,Real_Dev,0,,Mycotic Rot of the Kidney,,
3683,Real_Dev/246,Real_Dev,0,,Reddish Bone Rot,,
3684,Real_Dev/247,Real_Dev,0,,Green Bone Rot,,
3685,Real_Dev/248,Real_Dev,0,,Larval Affliction of the Skin,,
3686,Real_Dev/249,Real_Dev,0,,Web-Like Growths on the Skin,,
3687,Real_Dev/250,Real_Dev,0,,Parasitic Scarab on the Skin,,
3688,Real_Dev/251,Real_Dev,0,,Insectoid Transformation of the Bones,,
3689,Real_Dev/252,Real_Dev,0,,Insectoid Affliction of the Lung,,
3690,Real_Dev/253,Real_Dev,0,,Insectoid Affliction of the Heart,,
3691,Real_Dev/254,Real_Dev,0,,Insectoid Affliction of the Liver,,
3692,Real_Dev/255,Real_Dev,0,,Larval Transformation of the Stomach,,
3693,Real_Dev/256,Real_Dev,0,,Insectoid Affliction of the Brain,,
3694,Real_Dev/257,Real_Dev,0,,Insectoid Affliction of the Kidney,,
3695,Real_Dev/258,Real_Dev,0,,Giant Larva in the Photo,,
3696,Real_Dev/259,Real_Dev,0,,Insectoid-Form Hyperthermia of the Head,,
3697,Real_Dev/260,Real_Dev,0,,Cybernetic Circuitry and Upgrades on the Body,,
3698,Real_Dev/261,Real_Dev,0,,Advanced Cybernetic Bones,,
3699,Real_Dev/262,Real_Dev,0,,Cybernetically Modified Brain,,
3700,Real_Dev/263,Real_Dev,0,,Cybernetically Modified Heart,,
3701,Real_Dev/264,Real_Dev,0,,Cybernetically Modified Lung,,
3702,Real_Dev/265,Real_Dev,0,,Cybernetically Modified Kidney,,
3703,Real_Dev/266,Real_Dev,0,,Cybernetically Modified Liver,,
3704,Real_Dev/267,Real_Dev,0,,Cybernetically Modified Stomach,,
3705,Real_Dev/268,Real_Dev,0,,Purple Force Field in the Photo,,
3706,Real_Dev/269,Real_Dev,0,,Green Circuit Boards in the Photo,,
3707,Real_Dev/270,Real_Dev,0,,Molten Steel Bones,,
3708,Real_Dev/271,Real_Dev,0,,Molten Steel Skull,,
3709,Real_Dev/272,Real_Dev,0,,Molten Steel Ribs,,
3710,Real_Dev/273,Real_Dev,0,,Molten Steel Vertebrae,,
3711,Real_Dev/274,Real_Dev,0,,LED Modification of the Lung,,
3712,Real_Dev/275,Real_Dev,0,,Brain Replaced with a Computing Module,,
3713,Real_Dev/276,Real_Dev,0,,Liver Replaced with a Dual Chemical Container,,
3714,Real_Dev/277,Real_Dev,0,,Kidney Replaced with a Filtration Container,,
3715,Real_Dev/278,Real_Dev,0,,Stomach Replaced with a Techno-Tube,,
3716,Real_Dev/279,Real_Dev,0,,Heart Replaced with a Techno-Pump,,
3717,Real_Dev/280,Real_Dev,0,,Fish Teeth,,
3718,Real_Dev/281,Real_Dev,0,,Rotten Teeth,,
3719,Real_Dev/282,Real_Dev,0,,Polypoid Affliction of the Skin,,
3720,Real_Dev/283,Real_Dev,0,,Tentacular Affliction of the Skin,,
3721,Real_Dev/284,Real_Dev,0,,Coralization of the Liver,,
3722,Real_Dev/285,Real_Dev,0,,Stomach with a Cursed Seal,,
3723,Real_Dev/286,Real_Dev,0,,Cybernetic Circuitry on the Body,,
3724,Real_Dev/287,Real_Dev,0,,Chitinous Growths on the Skin,,
3725,Real_Dev/288,Real_Dev,0,,Chitinization of the Bone Tissue,,
3726,Real_Dev/289,Real_Dev,0,,Yellow Resin on the Bones,,
3727,Real_Dev/290,Real_Dev,0,,Yellow Resin on the Ribs,,
3728,Real_Dev/291,Real_Dev,0,,Yellow Resin on the Skull,,
3729,Real_Dev/292,Real_Dev,0,,Yellow Resin on the Vertebrae,,
3730,Real_Dev/293,Real_Dev,0,,Green Larvae on the Heart,,
3731,Real_Dev/294,Real_Dev,0,,Green Larvae on the Lung,,
3732,Real_Dev/295,Real_Dev,0,,Liver Replaced with an Insectoid,,
3733,Real_Dev/296,Real_Dev,0,,Kidney Replaced with an Insectoid,,
3734,Real_Dev/297,Real_Dev,0,,Chitinization of the Brain,,
3735,Real_Dev/298,Real_Dev,0,,Insectoid Transformation of the Stomach,,
3736,Real_Dev/299,Real_Dev,0,,Ant-Form Hyperthermia of the Abdomen,,
3737,Real_Dev/300,Real_Dev,0,,Ant-Form Hyperthermia of the Chest,,
3738,Real_Dev/301,Real_Dev,0,,Microchips Implanted in the Skin,,
3739,Real_Dev/302,Real_Dev,0,,Microchips Implanted in the Bones,,
3740,Real_Dev/303,Real_Dev,0,,Microchips Implanted in the Brain,,
3741,Real_Dev/304,Real_Dev,0,,Microchips Implanted in the Lung,,
3742,Real_Dev/305,Real_Dev,0,,Microchips Implanted in the Stomach,,
3743,Real_Dev/306,Real_Dev,0,,Microchips Implanted in the Heart,,
3744,Real_Dev/307,Real_Dev,0,,Microchips Implanted in the Liver,,
3745,Real_Dev/308,Real_Dev,0,,Microchips Implanted in the Kidney,,
3746,Real_Dev/309,Real_Dev,0,,Hyperthermia of the Head,,
3747,Real_Dev/310,Real_Dev,0,,Hyperthermia of the Chest,,
3748,Real_Dev/311,Real_Dev,0,,Hyperthermia of the Abdomen,,
3749,Real_Dev/312,Real_Dev,0,,Rusty Plates on the Skin,,
3750,Real_Dev/313,Real_Dev,0,,Rusty Nails in the Bones,,
3751,Real_Dev/314,Real_Dev,0,,Rusty Metal Bones,,
3752,Real_Dev/315,Real_Dev,0,,Coarse Scars on the Skin,,
3753,Real_Dev/316,Real_Dev,0,,Crude Brain Augmentations,,
3754,Real_Dev/317,Real_Dev,0,,Duct-Taping of the Heart,,
3755,Real_Dev/318,Real_Dev,0,,Duct-Taping of the Kidney,,
3756,Real_Dev/319,Real_Dev,0,,Duct-Taping of the Stomach,,
3757,Real_Dev/320,Real_Dev,0,,Abdomen Hypothermia,,
3758,Real_Dev/321,Real_Dev,0,,Vacuum-Tube Illumination of the Skin,,
3759,Real_Dev/322,Real_Dev,0,,Techno-Lines on the Skin,,
3760,Real_Dev/323,Real_Dev,0,,Limb Hypothermia,,
3761,Real_Dev/324,Real_Dev,0,,Limb Hyperthermia,,
3762,Real_Dev/325,Real_Dev,0,,Overheated Plates on the Skin,,
3763,Real_Dev/326,Real_Dev,0,,Scarlet Scars on the Skin,,
3764,Real_Dev/327,Real_Dev,0,,Degraded Skeletal Implants,,
3765,Real_Dev/328,Real_Dev,0,,Decompensated Augmentation of the Brain,,
3766,Real_Dev/329,Real_Dev,0,,Decompensated Augmentation of the Kidney,,
3767,Real_Dev/330,Real_Dev,0,,Decompensated Augmentation of the Stomach,,
3768,Real_Dev/331,Real_Dev,0,,Decompensated Bagisation of the Liver,,
3769,Real_Dev/332,Real_Dev,0,,Decompensated Bagisation of the Lung,,
3770,Real_Dev/333,Real_Dev,0,,Decompensated Augmentation of the Heart,,
3771,Real_Dev/334,Real_Dev,0,,Circular Saw in the Photo,,
3772,Real_Dev/335,Real_Dev,0,,Jets of Steam in the Photo,,
3773,Real_Dev/336,Real_Dev,0,,Advanced Chipization of the Skin,,
3774,Real_Dev/337,Real_Dev,0,,Advanced Chipization of the Bone,,
3775,Real_Dev/338,Real_Dev,0,,Advanced Chipization of the Brain,,
3776,Real_Dev/339,Real_Dev,0,,Advanced Chipization of the Lung,,
3777,Real_Dev/340,Real_Dev,0,,Advanced Chipization of the Heart,,
3778,Real_Dev/341,Real_Dev,0,,Advanced Ventilization of the Kidney,,
3779,Real_Dev/342,Real_Dev,0,,Advanced Tariffication of the Liver,,
3780,Real_Dev/343,Real_Dev,0,,Advanced Optofixation Enhancement of the Stomach,,
3781,Real_Dev/344,Real_Dev,0,,Video Camera in the Photo,,
3782,Real_Dev/345,Real_Dev,0,,Digital Cage in the Photo,,
3783,Real_Dev/346,Real_Dev,0,,Insectomorphic Transformation of the Brain,,
3784,Real_Dev/347,Real_Dev,0,,Insectomorphic Transformation of the Kidney,,
3785,Real_Dev/348,Real_Dev,0,,Insectomorphic Transformation of the Heart,,
3786,Real_Dev/349,Real_Dev,0,,Insectomorphic Transformation of the Lung,,
3787,Real_Dev/350,Real_Dev,0,,Insectomorphic Transformation of the Liver,,
3788,Real_Dev/351,Real_Dev,0,,Insectomorphic Transformation of the Stomach,,
3789,Real_Dev/352,Real_Dev,0,,Insect Wings in the Photo,,
3790,Real_Dev/353,Real_Dev,0,,Honeycomb in the Photo,,
3791,Real_Dev/354,Real_Dev,0,,Chitin-Like Scales on the Skin,,
3792,Real_Dev/355,Real_Dev,0,,Technomorphic Skeletal Implants,,
3793,Real_Dev/356,Real_Dev,0,,Technomorphic Brain Organoid,,
3794,Real_Dev/357,Real_Dev,0,,Technomorphic Heart Organoid,,
3795,Real_Dev/358,Real_Dev,0,,Technomorphic Lung Organoid,,
3796,Real_Dev/359,Real_Dev,0,,Technomorphic Kidney Organoid,,
3797,Real_Dev/360,Real_Dev,0,,Technomorphic Liver Organoid,,
3798,Real_Dev/361,Real_Dev,0,,Technomorphic Stomach Organoid,,
3799,Real_Dev/362,Real_Dev,0,,Solar Bloom in the Photo,,
3800,Real_Dev/363,Real_Dev,0,,Ace of Pentacles,,
3801,Real_Dev/364,Real_Dev,0,,Ace of Cups,,
3802,Real_Dev/365,Real_Dev,0,,The Chariot,,
3803,Real_Dev/366,Real_Dev,0,,The Emperor,,
3804,Real_Dev/367,Real_Dev,0,,The Empress,,
3805,Real_Dev/368,Real_Dev,0,,The Fool,,
3806,Real_Dev/369,Real_Dev,0,,The Hanged Man,,
3807,Real_Dev/370,Real_Dev,0,,The Hierophant,,
3808,Real_Dev/371,Real_Dev,0,,The High Priestess,,
3809,Real_Dev/372,Real_Dev,0,,Judgement,,
3810,Real_Dev/373,Real_Dev,0,,Justice,,
3811,Real_Dev/374,Real_Dev,0,,The Lovers,,
3812,Real_Dev/375,Real_Dev,0,,The Magician,,
3813,Real_Dev/376,Real_Dev,0,,The Star,,
3814,Real_Dev/377,Real_Dev,0,,Strength,,
3815,Real_Dev/378,Real_Dev,0,,Temperance,,
3816,Real_Dev/379,Real_Dev,0,,White Hexoids on the Skin,,
3817,Real_Dev/380,Real_Dev,0,,Ultra-Technological Bone Structures,,
3818,Real_Dev/381,Real_Dev,0,,Ultra-Technological Modification of the Brain,,
3819,Real_Dev/382,Real_Dev,0,,Ultra-Technological Modification of the Heart,,
3820,Real_Dev/383,Real_Dev,0,,Ultra-Technological Modification of the Lung,,
3821,Real_Dev/384,Real_Dev,0,,Ultra-Technological Modification of the Liver,,
3822,Real_Dev/385,Real_Dev,0,,Ultra-Technological Modification of the Stomach,,
3823,Real_Dev/386,Real_Dev,0,,Ultra-Technological Modification of the Kidney,,
3824,Real_Dev/387,Real_Dev,0,,Hex-Honeycomb in the Photo,,
3825,Real_Dev/388,Real_Dev,0,,Digital Spatial Rupture in the Photo,,
3826,Real_Dev/389,Real_Dev,0,,Facial Skin Overlays,,
3827,Real_Dev/390,Real_Dev,0,,Technosymbiotic Transformation of the Bone Tissue,,
3828,Real_Dev/391,Real_Dev,0,,Technosymbiotic Transformation of the Brain,,
3829,Real_Dev/392,Real_Dev,0,,Technosymbiotic Transformation of the Heart,,
3830,Real_Dev/393,Real_Dev,0,,Technosymbiotic Transformation of the Lung,,
3831,Real_Dev/394,Real_Dev,0,,Technosymbiotic Transformation of the Liver,,
3832,Real_Dev/395,Real_Dev,0,,Technosymbiotic Transformation of the Stomach,,
3833,Real_Dev/396,Real_Dev,0,,Technosymbiotic Transformation of the Kidney,,
3834,Real_Dev/397,Real_Dev,0,,Gray Tentacles in the Photo,,
3835,Real_Dev/398,Real_Dev,0,,Mana-Bearing Crystal Growths on the Skin,,
3836,Real_Dev/399,Real_Dev,0,,Honey-Sweet Transformation of the Bone Tissue,,
3837,Real_Dev/400,Real_Dev,0,,Technomagical Transformation of the Brain,,
3838,Real_Dev/401,Real_Dev,0,,Technomagical Transformation of the Heart,,
3839,Real_Dev/402,Real_Dev,0,,Technomagical Transformation of the Lung,,
3840,Real_Dev/403,Real_Dev,0,,Technomagical Transformation of the Liver,,
3841,Real_Dev/404,Real_Dev,0,,Technomagical Transformation of the Stomach,,
3842,Real_Dev/405,Real_Dev,0,,Technomagical Transformation of the Kidney,,
3843,Real_Dev/406,Real_Dev,0,,All-Seeing Eyes on the Skin,,
3844,Real_Dev/407,Real_Dev,0,,Ectoplasmic Bones,,
3845,Real_Dev/408,Real_Dev,0,,Ectoplasmic Ribs,,
3846,Real_Dev/409,Real_Dev,0,,Ectoplasmic Vertebrae,,
3847,Real_Dev/410,Real_Dev,0,,Ectoplasmic Skull,,
3848,Real_Dev/411,Real_Dev,0,,Alchemical Transmutation of the Brain,,
3849,Real_Dev/412,Real_Dev,0,,Alchemical Transmutation of the Heart,,
3850,Real_Dev/413,Real_Dev,0,,Alchemical Transmutation of the Lung,,
3851,Real_Dev/414,Real_Dev,0,,Alchemical Transmutation of the Liver,,
3852,Real_Dev/415,Real_Dev,0,,Alchemical Transmutation of the Stomach,,
3853,Real_Dev/416,Real_Dev,0,,Alchemical Transmutation of the Kidney,,
3854,Real_Dev/417,Real_Dev,0,,Alchemist's Skull,,
3855,Real_Dev/418,Real_Dev,0,,Demonic Fox in the Photo,,
3856,Real_Dev/419,Real_Dev,0,,Cheshire Smile in the Photo,,
3857,Real_Dev/420,Real_Dev,0,,Continuum Rupture on the Skin,,
3858,Real_Dev/421,Real_Dev,0,,Spectral Shift of the Bone Tissue,,
3859,Real_Dev/422,Real_Dev,0,,Continuum Shift of the Brain,,
3860,Real_Dev/423,Real_Dev,0,,Continuum Shift of the Heart,,
3861,Real_Dev/424,Real_Dev,0,,Continuum Shift of the Lung,,
3862,Real_Dev/425,Real_Dev,0,,Continuum Shift of the Liver,,
3863,Real_Dev/426,Real_Dev,0,,Continuum Shift of the Stomach,,
3864,Real_Dev/427,Real_Dev,0,,Continuum Shift of the Kidney,,
3865,Real_Dev/428,Real_Dev,0,,Universal Mechanism in the Spatial Rupture in the Photo,,
3866,Real_Dev/429,Real_Dev,0,,Sphaera Numinis Aurei,,
3867,Real_Dev/430,Real_Dev,0,,Erythrocytus Psionicus,,
3868,Real_Dev/431,Real_Dev,0,,Spora Satanica,,
3869,Real_Dev/432,Real_Dev,0,,Erythrocytus Mycoticus,,
3870,Real_Dev/433,Real_Dev,0,,Erythrocytus Ignitus,,
3871,Real_Dev/434,Real_Dev,0,,Crystallus Arcanus,,
3872,Real_Dev/435,Real_Dev,0,,Erythrocytus Arcanus,,
3873,Real_Dev/436,Real_Dev,0,,Phantasma Vorax,,
3874,Real_Dev/437,Real_Dev,0,,Erythrocytus Vacuus,,
3875,Real_Dev/438,Real_Dev,0,,Folium Incantatum,,
3876,Real_Dev/439,Real_Dev,0,,Erythrocytus Sigillatus,,
3877,Real_Dev/440,Real_Dev,0,,Erythrocytus Digitalis,,
3878,Real_Dev/441,Real_Dev,0,,Virus Memeticum,,
3879,Real_Dev/442,Real_Dev,0,,Erythrocytus Quadratus,,
3880,Real_Dev/443,Real_Dev,0,,Ace of Cups,,
3881,Real_Dev/444,Real_Dev,0,,The Moon,,
3882,Real_Dev/445,Real_Dev,0,,Wheel of Fortune,,
3883,Real_Dev/446,Real_Dev,0,,The World,,
3884,Real_Dev/447,Real_Dev,0,,Ace of Swords,,
3885,Real_Dev/448,Real_Dev,0,,Death,,
3886,Real_Dev/449,Real_Dev,0,,The Devil,,
3887,Real_Dev/450,Real_Dev,0,,The Hermit,,
3888,Real_Dev/451,Real_Dev,0,,The Sun,,
3889,Real_Dev/452,Real_Dev,0,,The Tower,,
3890,Real_Dev/453,Real_Dev,0,,Wrong name in the passport,,
3891,Real_Dev/454,Real_Dev,0,,Wrong name in the pass,,
3892,Real_Dev/455,Real_Dev,0,,Fake health certificate,,
3893,Real_Dev/456,Real_Dev,0,,,,
3894,Real_Dev/457,Real_Dev,0,,,,
3895,Real_Dev/458,Real_Dev,0,,,,
3896,Real_Dev/459,Real_Dev,0,,,,
3897,Real_Dev/460,Real_Dev,0,,,,
3898,Real_Dev/461,Real_Dev,0,,,,
3899,Real_Dev/462,Real_Dev,0,,,,
3900,Real_Dev/463,Real_Dev,0,,,,
3901,Real_Dev/464,Real_Dev,0,,,,
3902,Real_Dev/465,Real_Dev,0,,,,
3903,Real_Dev/466,Real_Dev,0,,,,
3904,Real_Dev/467,Real_Dev,0,,,,
3905,Real_Dev/468,Real_Dev,0,,,,
3906,Real_Dev/469,Real_Dev,0,,,,
3907,Real_Dev/470,Real_Dev,0,,,,
3908,Real_Dev/471,Real_Dev,0,,,,
3909,Real_Dev/472,Real_Dev,0,,,,
3910,Real_Dev/473,Real_Dev,0,,,,
3911,Real_Dev/474,Real_Dev,0,,,,
3912,Real_Dev/475,Real_Dev,0,,,,
3913,Real_Dev/476,Real_Dev,0,,,,
3914,Real_Dev/477,Real_Dev,0,,,,
3915,Real_Dev/478,Real_Dev,0,,,,
3916,Real_Dev/479,Real_Dev,0,,,,
3917,Real_Dev/480,Real_Dev,0,,,,
3918,Real_Dev/481,Real_Dev,0,,,,
3919,Real_Dev/482,Real_Dev,0,,,,
3920,Real_Dev/483,Real_Dev,0,,,,
3921,Real_Dev/484,Real_Dev,0,,,,
3922,Real_Dev/485,Real_Dev,0,,,,
3923,Real_Dev/486,Real_Dev,0,,,,
3924,Real_Dev/487,Real_Dev,0,,,,
3925,Real_Dev/488,Real_Dev,0,,,,
3926,Real_Dev/489,Real_Dev,0,,,,
3927,Real_Dev/490,Real_Dev,0,,,,
3928,Real_Dev/491,Real_Dev,0,,,,
3929,Real_Dev/492,Real_Dev,0,,,,
3930,Real_Dev/493,Real_Dev,0,,,,
3931,Real_Dev/494,Real_Dev,0,,,,
3932,Real_Dev/495,Real_Dev,0,,,,
3933,Real_Dev/496,Real_Dev,0,,,,
3934,Real_Dev/497,Real_Dev,0,,,,
3935,Real_Dev/498,Real_Dev,0,,,,
3936,Real_Dev/499,Real_Dev,0,,,,
3937,Real_Dev/500,Real_Dev,0,,,,
3938,Real_Dev/501,Real_Dev,0,,,,
3939,Real_Dev/502,Real_Dev,0,,,,
3940,Real_Dev/503,Real_Dev,0,,,,
3941,Real_Dev/504,Real_Dev,0,,,,
3942,Real_Dev/505,Real_Dev,0,,,,
3943,Real_Dev/506,Real_Dev,0,,,,
3944,Real_Dev/507,Real_Dev,0,,,,
3945,Real_Dev/508,Real_Dev,0,,,,
3946,Real_Dev/509,Real_Dev,0,,,,
3947,Real_Dev/510,Real_Dev,0,,,,
3948,Real_Dev/511,Real_Dev,0,,,,
3949,Real_Dev/512,Real_Dev,0,,,,
3950,Real_Dev/513,Real_Dev,0,,,,
3951,Real_Dev/514,Real_Dev,0,,,,
3952,Real_Dev/515,Real_Dev,0,,,,
3953,Real_Dev/516,Real_Dev,0,,,,
3954,Real_Dev/517,Real_Dev,0,,,,
3955,Real_Dev/518,Real_Dev,0,,,,
3956,Real_Dev/519,Real_Dev,0,,,,
3957,Real_Dev/520,Real_Dev,0,,,,
3958,Real_Dev/521,Real_Dev,0,,,,
3959,Real_Dev/522,Real_Dev,0,,,,
3960,Real_Dev/523,Real_Dev,0,,,,
3961,Real_Dev/524,Real_Dev,0,,,,
3962,Real_Dev/525,Real_Dev,0,,,,
3963,Real_Dev/526,Real_Dev,0,,,,
3964,Real_Dev/527,Real_Dev,0,,,,
3965,Real_Dev/528,Real_Dev,0,,,,
3966,Real_Dev/529,Real_Dev,0,,,,
3967,Real_Dev/530,Real_Dev,0,,,,
3968,Real_Dev/531,Real_Dev,0,,,,
3969,Real_Dev/532,Real_Dev,0,,,,
3970,Real_Dev/533,Real_Dev,0,,,,
3971,Real_Dev/534,Real_Dev,0,,,,
3972,Real_Dev/535,Real_Dev,0,,,,
3973,Real_Dev/536,Real_Dev,0,,,,
3974,Real_Dev/537,Real_Dev,0,,,,
3975,Real_Dev/538,Real_Dev,0,,,,
3976,Real_Dev/539,Real_Dev,0,,,,
3977,Real_Dev/540,Real_Dev,0,,,,
3978,Real_Dev/541,Real_Dev,0,,,,
3979,Real_Dev/542,Real_Dev,0,,,,
3980,Real_Dev/543,Real_Dev,0,,,,
3981,Real_Dev/544,Real_Dev,0,,,,
3982,Real_Dev/545,Real_Dev,0,,,,
3983,Real_Dev/546,Real_Dev,0,,,,
3984,Real_Dev/547,Real_Dev,0,,,,
3985,Real_Dev/548,Real_Dev,0,,,,
3986,Real_Dev/549,Real_Dev,0,,,,
3987,Real_Dev/550,Real_Dev,0,,,,
3988,Real_Dev/551,Real_Dev,0,,,,
3989,Real_Dev/552,Real_Dev,0,,,,
3990,Real_Dev/553,Real_Dev,0,,,,
3991,Real_Dev/554,Real_Dev,0,,,,
3992,Real_Dev/555,Real_Dev,0,,,,
3993,Real_Dev/556,Real_Dev,0,,,,
3994,Real_Dev/557,Real_Dev,0,,,,
3995,Real_Dev/558,Real_Dev,0,,,,
3996,Real_Dev/559,Real_Dev,0,,,,
3997,Real_Dev/560,Real_Dev,0,,,,
3998,Real_Dev/561,Real_Dev,0,,,,
3999,Real_Dev/562,Real_Dev,0,,,,
4000,Real_Dev/563,Real_Dev,0,,,,
4001,Real_Dev/564,Real_Dev,0,,,,
4002,Real_Dev/565,Real_Dev,0,,,,
4003,Real_Dev/566,Real_Dev,0,,,,
4004,Real_Dev/567,Real_Dev,0,,,,
4005,Real_Dev/568,Real_Dev,0,,,,
4006,Real_Dev/569,Real_Dev,0,,,,
4007,Real_Dev/570,Real_Dev,0,,,,
4008,Real_Dev/571,Real_Dev,0,,,,
4009,Real_Dev/572,Real_Dev,0,,,,
4010,Real_Dev/573,Real_Dev,0,,,,
4011,Real_Dev/574,Real_Dev,0,,,,
4012,Real_Dev/575,Real_Dev,0,,,,
4013,Real_Dev/576,Real_Dev,0,,,,
4014,Real_Dev/577,Real_Dev,0,,,,
4015,Real_Dev/578,Real_Dev,0,,,,
4016,Real_Dev/579,Real_Dev,0,,,,
4017,Real_Dev/580,Real_Dev,0,,,,
4018,Real_Dev/581,Real_Dev,0,,,,
4019,Real_Dev/582,Real_Dev,0,,,,
4020,Real_Dev/583,Real_Dev,0,,,,
4021,Real_Dev/584,Real_Dev,0,,,,
4022,Real_Dev/585,Real_Dev,0,,,,
4023,Real_Dev/586,Real_Dev,0,,,,
4024,Real_Dev/587,Real_Dev,0,,,,
4025,Real_Dev/588,Real_Dev,0,,,,
4026,Real_Dev/589,Real_Dev,0,,,,
4027,Real_Dev/590,Real_Dev,0,,,,
4028,Real_Dev/591,Real_Dev,0,,,,
4029,Real_Dev/592,Real_Dev,0,,,,
4030,Real_Dev/593,Real_Dev,0,,,,
4031,Real_Dev/594,Real_Dev,0,,,,
4032,Real_Dev/595,Real_Dev,0,,,,
4033,Real_Dev/596,Real_Dev,0,,,,
4034,Real_Dev/597,Real_Dev,0,,,,
4035,Real_Dev/598,Real_Dev,0,,,,
4036,Real_Dev/599,Real_Dev,0,,,,
4037,Real_Dev/600,Real_Dev,0,,,,
4038,Real_Dev/601,Real_Dev,0,,,,
4039,Real_Dev/602,Real_Dev,0,,,,
4040,Real_Dev/603,Real_Dev,0,,,,
4041,Real_Dev/604,Real_Dev,0,,,,
4042,Real_Dev/605,Real_Dev,0,,,,
4043,Real_Dev/606,Real_Dev,0,,,,
4044,Real_Dev/607,Real_Dev,0,,,,
4045,Real_Dev/608,Real_Dev,0,,,,
4046,Real_Dev/609,Real_Dev,0,,,,
4047,Real_Dev/610,Real_Dev,0,,,,
4048,Real_Dev/611,Real_Dev,0,,,,
4049,Real_Dev/612,Real_Dev,0,,,,
4050,Real_Dev/613,Real_Dev,0,,,,
4051,Real_Dev/614,Real_Dev,0,,,,
4052,Real_Dev/615,Real_Dev,0,,,,
4053,Real_Dev/616,Real_Dev,0,,,,
4054,Real_Dev/617,Real_Dev,0,,,,
4055,Real_Dev/618,Real_Dev,0,,,,
4056,Real_Dev/619,Real_Dev,0,,,,
4057,Real_Dev/620,Real_Dev,0,,,,
4058,Real_Dev/621,Real_Dev,0,,,,
4059,Real_Dev/622,Real_Dev,0,,,,
4060,Real_Dev/623,Real_Dev,0,,,,
4061,Real_Dev/624,Real_Dev,0,,,,
4062,Real_Dev/625,Real_Dev,0,,,,
4063,Real_Dev/626,Real_Dev,0,,,,
4064,Real_Dev/627,Real_Dev,0,,,,
4065,Real_Dev/628,Real_Dev,0,,,,
4066,Real_Dev/629,Real_Dev,0,,,,
4067,Real_Dev/630,Real_Dev,0,,,,
4068,Real_Dev/631,Real_Dev,0,,,,
4069,Real_Dev/632,Real_Dev,0,,,,
4070,Real_Dev/633,Real_Dev,0,,,,
4071,Real_Dev/634,Real_Dev,0,,,,
4072,Real_Dev/635,Real_Dev,0,,,,
4073,Real_Dev/636,Real_Dev,0,,,,
4074,Real_Dev/637,Real_Dev,0,,,,
4075,Real_Dev/638,Real_Dev,0,,,,
4076,Real_Dev/639,Real_Dev,0,,,,
4077,Real_Dev/640,Real_Dev,0,,,,
4078,Real_Dev/641,Real_Dev,0,,,,
4079,Real_Dev/642,Real_Dev,0,,,,
4080,Real_Dev/643,Real_Dev,0,,,,
4081,Real_Dev/644,Real_Dev,0,,,,
4082,Real_Dev/645,Real_Dev,0,,,,
4083,Real_Dev/646,Real_Dev,0,,,,
4084,Real_Dev/647,Real_Dev,0,,,,
4085,Real_Dev/648,Real_Dev,0,,,,
4086,Real_Dev/649,Real_Dev,0,,,,
4087,Real_Dev/650,Real_Dev,0,,,,
4088,Real_Dev/651,Real_Dev,0,,,,
4089,Real_Dev/652,Real_Dev,0,,,,
4090,Real_Dev/653,Real_Dev,0,,,,
4091,Real_Dev/654,Real_Dev,0,,,,
4092,Real_Dev/655,Real_Dev,0,,,,
4093,Real_Dev/656,Real_Dev,0,,,,
4094,Real_Dev/657,Real_Dev,0,,,,
4095,Real_Dev/658,Real_Dev,0,,,,
4096,Real_Dev/659,Real_Dev,0,,,,
4097,Real_Dev/660,Real_Dev,0,,,,
4098,Real_Dev/661,Real_Dev,0,,,,
4099,Real_Dev/662,Real_Dev,0,,,,
4100,Real_Dev/663,Real_Dev,0,,,,
4101,Real_Dev/664,Real_Dev,0,,,,
4102,Real_Dev/665,Real_Dev,0,,,,
4103,Real_Dev/666,Real_Dev,0,,,,
4104,Real_Dev/667,Real_Dev,0,,,,
4105,Real_Dev/668,Real_Dev,0,,,,
4106,Real_Dev/669,Real_Dev,0,,,,
4107,Real_Dev/670,Real_Dev,0,,,,
4108,Real_Dev/671,Real_Dev,0,,,,
4109,Real_Dev/672,Real_Dev,0,,,,
4110,Real_Dev/673,Real_Dev,0,,,,
4111,Real_Dev/674,Real_Dev,0,,,,
4112,Real_Dev/675,Real_Dev,0,,,,
4113,Real_Dev/676,Real_Dev,0,,,,
4114,Real_Dev/677,Real_Dev,0,,,,
4115,Real_Dev/678,Real_Dev,0,,,,
4116,Real_Dev/679,Real_Dev,0,,,,
4117,Real_Dev/680,Real_Dev,0,,,,
4118,Real_Dev/681,Real_Dev,0,,,,
4119,Real_Dev/682,Real_Dev,0,,,,
4120,Real_Dev/683,Real_Dev,0,,,,
4121,Real_Dev/684,Real_Dev,0,,,,
4122,Real_Dev/685,Real_Dev,0,,,,
4123,Real_Dev/686,Real_Dev,0,,,,
4124,Real_Dev/687,Real_Dev,0,,,,
4125,Real_Dev/688,Real_Dev,0,,,,
4126,Real_Dev/689,Real_Dev,0,,,,
4127,Real_Dev/690,Real_Dev,0,,,,
4128,Real_Dev/691,Real_Dev,0,,,,
4129,Real_Dev/692,Real_Dev,0,,,,
4130,Real_Dev/693,Real_Dev,0,,,,
4131,Real_Dev/694,Real_Dev,0,,,,
4132,Real_Dev/695,Real_Dev,0,,,,
4133,Real_Dev/696,Real_Dev,0,,,,
4134,Real_Dev/697,Real_Dev,0,,,,
4135,Real_Dev/698,Real_Dev,0,,,,
4136,Real_Dev/699,Real_Dev,0,,,,
4137,Real_Dev/700,Real_Dev,0,,,,
4138,Real_Dev/701,Real_Dev,0,,,,
4139,Real_Dev/702,Real_Dev,0,,,,
4140,Real_Dev/703,Real_Dev,0,,,,
4141,Real_Dev/704,Real_Dev,0,,,,
4142,Real_Dev/705,Real_Dev,0,,,,
4143,Real_Dev/706,Real_Dev,0,,,,
4144,Real_Dev/707,Real_Dev,0,,,,
4145,Real_Dev/708,Real_Dev,0,,,,
4146,Real_Dev/709,Real_Dev,0,,,,
4147,Real_Dev/710,Real_Dev,0,,,,
4148,Real_Dev/711,Real_Dev,0,,,,
4149,Real_Dev/712,Real_Dev,0,,,,
4150,Real_Dev/713,Real_Dev,0,,,,
4151,Real_Dev/714,Real_Dev,0,,,,
4152,Real_Dev/715,Real_Dev,0,,,,
4153,Real_Dev/716,Real_Dev,0,,,,
4154,Real_Dev/717,Real_Dev,0,,,,
4155,Real_Dev/718,Real_Dev,0,,,,
4156,Real_Dev/719,Real_Dev,0,,,,
4157,Real_Dev/720,Real_Dev,0,,,,
4158,Real_Dev/721,Real_Dev,0,,,,
4159,Real_Dev/722,Real_Dev,0,,,,
4160,Real_Dev/723,Real_Dev,0,,,,
4161,Real_Dev/724,Real_Dev,0,,,,
4162,Real_Dev/725,Real_Dev,0,,,,
4163,Real_Dev/726,Real_Dev,0,,,,
4164,Real_Dev/727,Real_Dev,0,,,,
4165,Real_Dev/728,Real_Dev,0,,,,
4166,Real_Dev/729,Real_Dev,0,,,,
4167,Real_Dev/730,Real_Dev,0,,,,
4168,Real_Dev/731,Real_Dev,0,,,,
4169,Real_Dev/732,Real_Dev,0,,,,
4170,Real_Dev/733,Real_Dev,0,,,,
4171,Real_Dev/734,Real_Dev,0,,,,
4172,Real_Dev/735,Real_Dev,0,,,,
4173,Real_Dev/736,Real_Dev,0,,,,
4174,Real_Dev/737,Real_Dev,0,,,,
4175,Real_Dev/738,Real_Dev,0,,,,
4176,Real_Dev/739,Real_Dev,0,,,,
4177,Real_Dev/740,Real_Dev,0,,,,
4178,Real_Dev/741,Real_Dev,0,,,,
4179,Real_Dev/742,Real_Dev,0,,,,
4180,Real_Dev/743,Real_Dev,0,,,,
4181,Real_Dev/744,Real_Dev,0,,,,
4182,Real_Dev/745,Real_Dev,0,,,,
4183,Real_Dev/746,Real_Dev,0,,,,
4184,Real_Dev/747,Real_Dev,0,,,,
4185,Real_Dev/748,Real_Dev,0,,,,
4186,Real_Dev/749,Real_Dev,0,,,,
4187,Real_Dev/750,Real_Dev,0,,,,
4188,Real_Dev/751,Real_Dev,0,,,,
4189,Real_Dev/752,Real_Dev,0,,,,
4190,Real_Dev/753,Real_Dev,0,,,,
4191,Real_Dev/754,Real_Dev,0,,,,
4192,Real_Dev/755,Real_Dev,0,,,,
4193,Real_Dev/756,Real_Dev,0,,,,
4194,Real_Dev/757,Real_Dev,0,,,,
4195,Real_Dev/758,Real_Dev,0,,,,
4196,Real_Dev/759,Real_Dev,0,,,,
4197,Real_Dev/760,Real_Dev,0,,,,
4198,Real_Dev/761,Real_Dev,0,,,,
4199,Real_Dev/762,Real_Dev,0,,,,
4200,Real_Dev/763,Real_Dev,0,,,,
4201,Real_Dev/764,Real_Dev,0,,,,
4202,Real_Dev/765,Real_Dev,0,,,,
4203,Real_Dev/766,Real_Dev,0,,,,
4204,Real_Dev/767,Real_Dev,0,,,,
4205,Real_Dev/768,Real_Dev,0,,,,
4206,Real_Dev/769,Real_Dev,0,,,,
4207,Real_Dev/770,Real_Dev,0,,,,
4208,Real_Dev/771,Real_Dev,0,,,,
4209,Real_Dev/772,Real_Dev,0,,,,
4210,Real_Dev/773,Real_Dev,0,,,,
4211,Real_Dev/774,Real_Dev,0,,,,
4212,Real_Dev/775,Real_Dev,0,,,,
4213,Real_Dev/776,Real_Dev,0,,,,
4214,Real_Dev/777,Real_Dev,0,,,,
4215,Real_Dev/778,Real_Dev,0,,,,
4216,Real_Dev/779,Real_Dev,0,,,,
4217,Real_Dev/780,Real_Dev,0,,,,
4218,Real_Dev/781,Real_Dev,0,,,,
4219,Real_Dev/782,Real_Dev,0,,,,
4220,Real_Dev/783,Real_Dev,0,,,,
4221,Real_Dev/784,Real_Dev,0,,,,
4222,Real_Dev/785,Real_Dev,0,,,,
4223,Real_Dev/786,Real_Dev,0,,,,
4224,Real_Dev/787,Real_Dev,0,,,,
4225,Real_Dev/788,Real_Dev,0,,,,
4226,Real_Dev/789,Real_Dev,0,,,,
4227,Real_Dev/790,Real_Dev,0,,,,
4228,Real_Dev/791,Real_Dev,0,,,,
4229,Real_Dev/792,Real_Dev,0,,,,
4230,Real_Dev/793,Real_Dev,0,,,,
4231,Real_Dev/794,Real_Dev,0,,,,
4232,Real_Dev/795,Real_Dev,0,,,,
4233,Real_Dev/796,Real_Dev,0,,,,
4234,Real_Dev/797,Real_Dev,0,,,,
4235,Real_Dev/798,Real_Dev,0,,,,
4236,Real_Dev/799,Real_Dev,0,,,,
4237,Real_Dev/800,Real_Dev,0,,,,
4238,Real_Dev/801,Real_Dev,0,,,,
4239,Real_Dev/802,Real_Dev,0,,,,
4240,Real_Dev/803,Real_Dev,0,,,,
4241,Real_Dev/804,Real_Dev,0,,,,
4242,Real_Dev/805,Real_Dev,0,,,,
4243,Real_Dev/806,Real_Dev,0,,,,
4244,Real_Dev/807,Real_Dev,0,,,,
4245,Real_Dev/808,Real_Dev,0,,,,
4246,Real_Dev/809,Real_Dev,0,,,,
4247,Real_Dev/810,Real_Dev,0,,,,
4248,Real_Dev/811,Real_Dev,0,,,,
4249,Real_Dev/812,Real_Dev,0,,,,
4250,Real_Dev/813,Real_Dev,0,,,,
4251,Real_Dev/814,Real_Dev,0,,,,
4252,Real_Dev/815,Real_Dev,0,,,,
4253,Real_Dev/816,Real_Dev,0,,,,
4254,Real_Dev/817,Real_Dev,0,,,,
4255,Real_Dev/818,Real_Dev,0,,,,
4256,Real_Dev/819,Real_Dev,0,,,,
4257,Real_Dev/820,Real_Dev,0,,,,
4258,Real_Dev/821,Real_Dev,0,,,,
4259,Real_Dev/822,Real_Dev,0,,,,
4260,Real_Dev/823,Real_Dev,0,,,,
4261,Real_Dev/824,Real_Dev,0,,,,
4262,Real_Dev/825,Real_Dev,0,,,,
4263,Real_Dev/826,Real_Dev,0,,,,
4264,Real_Dev/827,Real_Dev,0,,,,
4265,Real_Dev/828,Real_Dev,0,,,,
4266,Real_Dev/829,Real_Dev,0,,,,
4267,Real_Dev/830,Real_Dev,0,,,,
4268,Real_Dev/831,Real_Dev,0,,,,
4269,Real_Dev/832,Real_Dev,0,,,,
4270,Real_Dev/833,Real_Dev,0,,,,
4271,Real_Dev/834,Real_Dev,0,,,,
4272,Real_Dev/835,Real_Dev,0,,,,
4273,Real_Dev/836,Real_Dev,0,,,,
4274,Real_Dev/837,Real_Dev,0,,,,
4275,Real_Dev/838,Real_Dev,0,,,,
4276,Real_Dev/839,Real_Dev,0,,,,
4277,Real_Dev/840,Real_Dev,0,,,,
4278,Real_Dev/841,Real_Dev,0,,,,
4279,Real_Dev/842,Real_Dev,0,,,,
4280,Real_Dev/843,Real_Dev,0,,,,
4281,Real_Dev/844,Real_Dev,0,,,,
4282,Real_Dev/845,Real_Dev,0,,,,
4283,Real_Dev/846,Real_Dev,0,,,,
4284,Real_Dev/847,Real_Dev,0,,,,
4285,Real_Dev/848,Real_Dev,0,,,,
4286,Real_Dev/849,Real_Dev,0,,,,
4287,Real_Dev/850,Real_Dev,0,,,,
4288,Real_Dev/851,Real_Dev,0,,,,
4289,Real_Dev/852,Real_Dev,0,,,,
4290,Real_Dev/853,Real_Dev,0,,,,
4291,Real_Dev/854,Real_Dev,0,,,,
4292,Real_Dev/855,Real_Dev,0,,,,
4293,Real_Dev/856,Real_Dev,0,,,,
4294,Real_Dev/857,Real_Dev,0,,,,
4295,Real_Dev/858,Real_Dev,0,,,,
4296,Real_Dev/859,Real_Dev,0,,,,
4297,Real_Dev/860,Real_Dev,0,,,,
4298,Real_Dev/861,Real_Dev,0,,,,
4299,Real_Dev/862,Real_Dev,0,,,,
4300,Real_Dev/863,Real_Dev,0,,,,
4301,Real_Dev/864,Real_Dev,0,,,,
4302,Real_Dev/865,Real_Dev,0,,,,
4303,Real_Dev/866,Real_Dev,0,,,,
4304,Real_Dev/867,Real_Dev,0,,,,
4305,Real_Dev/868,Real_Dev,0,,,,
4306,Real_Dev/869,Real_Dev,0,,,,
4307,Real_Dev/870,Real_Dev,0,,,,
4308,Real_Dev/871,Real_Dev,0,,,,
4309,Real_Dev/872,Real_Dev,0,,,,
4310,Real_Dev/873,Real_Dev,0,,,,
4311,Real_Dev/874,Real_Dev,0,,,,
4312,Real_Dev/875,Real_Dev,0,,,,
4313,Real_Dev/876,Real_Dev,0,,,,
4314,Real_Dev/877,Real_Dev,0,,,,
4315,Real_Dev/878,Real_Dev,0,,,,
4316,Real_Dev/879,Real_Dev,0,,,,
4317,Real_Dev/880,Real_Dev,0,,,,
4318,Real_Dev/881,Real_Dev,0,,,,
4319,Real_Dev/882,Real_Dev,0,,,,
4320,Real_Dev/883,Real_Dev,0,,,,
4321,Real_Dev/884,Real_Dev,0,,,,
4322,Real_Dev/885,Real_Dev,0,,,,
4323,Real_Dev/886,Real_Dev,0,,,,
4324,Real_Dev/887,Real_Dev,0,,,,
4325,Real_Dev/888,Real_Dev,0,,,,
4326,Real_Dev/889,Real_Dev,0,,,,
4327,Real_Dev/890,Real_Dev,0,,,,
4328,Real_Dev/891,Real_Dev,0,,,,
4329,Real_Dev/892,Real_Dev,0,,,,
4330,Real_Dev/893,Real_Dev,0,,,,
4331,Real_Dev/894,Real_Dev,0,,,,
4332,Real_Dev/895,Real_Dev,0,,,,
4333,Real_Dev/896,Real_Dev,0,,,,
4334,Real_Dev/897,Real_Dev,0,,,,
4335,Real_Dev/898,Real_Dev,0,,,,
4336,Real_Dev/899,Real_Dev,0,,,,
4337,Real_Dev/900,Real_Dev,0,,,,
4338,Real_Dev/901,Real_Dev,0,,,,
4339,Real_Dev/902,Real_Dev,0,,,,
4340,Real_Dev/903,Real_Dev,0,,,,
4341,Real_Dev/904,Real_Dev,0,,,,
4342,Real_Dev/905,Real_Dev,0,,,,
4343,Real_Dev/906,Real_Dev,0,,,,
4344,Real_Dev/907,Real_Dev,0,,,,
4345,Real_Dev/908,Real_Dev,0,,,,
4346,Real_Dev/909,Real_Dev,0,,,,
4347,Real_Dev/910,Real_Dev,0,,,,
4348,Real_Dev/911,Real_Dev,0,,,,
4349,Real_Dev/912,Real_Dev,0,,,,
4350,Real_Dev/913,Real_Dev,0,,,,
4351,Real_Dev/914,Real_Dev,0,,,,
4352,Real_Dev/915,Real_Dev,0,,,,
4353,Real_Dev/916,Real_Dev,0,,,,
4354,Real_Dev/917,Real_Dev,0,,,,
4355,Real_Dev/918,Real_Dev,0,,,,
4356,Real_Dev/919,Real_Dev,0,,,,
4357,Real_Dev/920,Real_Dev,0,,,,
4358,Real_Dev/921,Real_Dev,0,,,,
4359,Real_Dev/922,Real_Dev,0,,,,
4360,Real_Dev/923,Real_Dev,0,,,,
4361,Real_Dev/924,Real_Dev,0,,,,
4362,Real_Dev/925,Real_Dev,0,,,,
4363,Real_Dev/926,Real_Dev,0,,,,
4364,Real_Dev/927,Real_Dev,0,,,,
4365,Real_Dev/928,Real_Dev,0,,,,
4366,Real_Dev/929,Real_Dev,0,,,,
4367,Real_Dev/930,Real_Dev,0,,,,
4368,Real_Dev/931,Real_Dev,0,,,,
4369,Real_Dev/932,Real_Dev,0,,,,
4370,Real_Dev/933,Real_Dev,0,,,,
4371,Real_Dev/934,Real_Dev,0,,,,
4372,Real_Dev/935,Real_Dev,0,,,,
4373,Real_Dev/936,Real_Dev,0,,,,
4374,Real_Dev/937,Real_Dev,0,,,,
4375,Real_Dev/938,Real_Dev,0,,,,
4376,Real_Dev/939,Real_Dev,0,,,,
4377,Real_Dev/940,Real_Dev,0,,,,
4378,Real_Dev/941,Real_Dev,0,,,,
4379,Real_Dev/942,Real_Dev,0,,,,
4380,Real_Dev/943,Real_Dev,0,,,,
4381,Real_Dev/944,Real_Dev,0,,,,
4382,Real_Dev/945,Real_Dev,0,,,,
4383,Real_Dev/946,Real_Dev,0,,,,
4384,Real_Dev/947,Real_Dev,0,,,,
4385,Real_Dev/948,Real_Dev,0,,,,
4386,Real_Dev/949,Real_Dev,0,,,,
4387,Real_Dev/950,Real_Dev,0,,,,
4388,Real_Dev/951,Real_Dev,0,,,,
4389,Real_Dev/952,Real_Dev,0,,,,
4390,Real_Dev/953,Real_Dev,0,,,,
4391,Real_Dev/954,Real_Dev,0,,,,
4392,Real_Dev/955,Real_Dev,0,,,,
4393,Real_Dev/956,Real_Dev,0,,,,
4394,Real_Dev/957,Real_Dev,0,,,,
4395,Real_Dev/958,Real_Dev,0,,,,
4396,Real_Dev/959,Real_Dev,0,,,,
4397,Real_Dev/960,Real_Dev,0,,,,
4398,Real_Dev/961,Real_Dev,0,,,,
4399,Real_Dev/962,Real_Dev,0,,,,
4400,Real_Dev/963,Real_Dev,0,,,,
4401,Real_Dev/964,Real_Dev,0,,,,
4402,Real_Dev/965,Real_Dev,0,,,,
4403,Real_Dev/966,Real_Dev,0,,,,
4404,Real_Dev/967,Real_Dev,0,,,,
4405,Real_Dev/968,Real_Dev,0,,,,
4406,Real_Dev/969,Real_Dev,0,,,,
4407,Real_Dev/970,Real_Dev,0,,,,
4408,Real_Dev/971,Real_Dev,0,,,,
4409,Real_Dev/972,Real_Dev,0,,,,
4410,Real_Dev/973,Real_Dev,0,,,,
4411,Real_Dev/974,Real_Dev,0,,,,
4412,Real_Dev/975,Real_Dev,0,,,,
4413,Real_Dev/976,Real_Dev,0,,,,
4414,Real_Dev/977,Real_Dev,0,,,,
4415,Real_Dev/978,Real_Dev,0,,,,
4416,Real_Dev/979,Real_Dev,0,,,,
4417,Real_Dev/980,Real_Dev,0,,,,
4418,Real_Dev/981,Real_Dev,0,,,,
4419,Real_Dev/982,Real_Dev,0,,,,
4420,Real_Dev/983,Real_Dev,0,,,,
4421,Real_Dev/984,Real_Dev,0,,,,
4422,Real_Dev/985,Real_Dev,0,,,,
4423,Real_Dev/986,Real_Dev,0,,,,
4424,Real_Dev/987,Real_Dev,0,,,,
4425,Real_Dev/988,Real_Dev,0,,,,
4426,Real_Dev/989,Real_Dev,0,,,,
4427,Real_Dev/990,Real_Dev,0,,,,
4428,Real_Dev/991,Real_Dev,0,,,,
4429,Real_Dev/992,Real_Dev,0,,,,
4430,Real_Dev/993,Real_Dev,0,,,,
4431,Real_Dev/994,Real_Dev,0,,,,
4432,Real_Dev/995,Real_Dev,0,,,,
4433,Real_Dev/996,Real_Dev,0,,,,
4434,Real_Dev/997,Real_Dev,0,,,,
4435,Real_Dev/998,Real_Dev,0,,,,
4436,Real_Dev/999,Real_Dev,0,,,,
4437,DM_Ends/Finalest1,DM_Ends,0,Охранник (Альтернатива),Hello! I've come to apply for a job.,,
4438,DM_Ends/Finalest2,DM_Ends,0,Охранник (Игрок),"Your visitor pass? And as what, if you don't mind my asking?",,
4439,DM_Ends/Finalest3,DM_Ends,0,Охранник (Альтернатива),"Oh, yes, of course, here! I want to get a job here as a security guard.",,
4440,DM_Ends/Finalest4,DM_Ends,0,Охранник (Игрок),"Ah, a fellow colleague-to-be!",,
4441,DM_Ends/Finalest5,DM_Ends,0,Охранник (Игрок),"Go on, good luck with the interview!",,
4442,DM_Ends/Finalest6,DM_Ends,0,Охранник (Альтернатива),Thank you! Have a good shift!,,
4443,DM_Ends/Zaziv,DM_Ends,0,Оповещение,"Checkpoint staff, please proceed to the elevator",,
4444,Правила /Для Китайского и Корейского фонетическая транслитерация иероглифами.,Правила ,0,,,,
4445,Правила /Для Японского транслитерация катаканой,Правила ,0,,,,
4446,"Правила /Если в названии есть общипринятые термины типа Восточная, Западная, Европа, Америка и тд - Неоригинальную часть переводить, остальную транслитерировать с легкой шлифовкой по необходимости.",Правила ,0,,,,
4447,Правила /Для Китайского и Корейского фонетическая транслитерация иероглифами.,Правила ,0,,,,
4448,Правила /Для Японского транслитерация катаканой,Правила ,0,,,,
4449,"Правила /Если в названии есть общипринятые термины типа Восточная, Западная, Европа, Америка и тд - Неоригинальную часть переводить, остальную транслитерировать с легкой шлифовкой по необходимости.",Правила ,0,,,,
4450,Doc_Loc/Psionicheskiy_erit_Name,Doc_Loc,0,,Erythrocytus Psionicus,,
4451,Doc_Loc/Gribnaya_spora_Name,Doc_Loc,0,,Spora Satanica,,
4452,Doc_Loc/Gribnoy_erit_Name,Doc_Loc,0,,Erythrocytus Mycoticus,,
4453,Doc_Loc/Ognennyy_erit_Name,Doc_Loc,0,,Erythrocytus Ignitus,,
4454,Doc_Loc/Magicheskiy_kristallik_Name,Doc_Loc,0,,Crystallus Arcanus,,
4455,Doc_Loc/Magicheskiy_erit_Name,Doc_Loc,0,,Erythrocytus Arcanus,,
4456,Doc_Loc/Prizrak-pozhiratel_Name,Doc_Loc,0,,Phantasma Vorax,,
4457,Doc_Loc/Pustoy_erit_Name,Doc_Loc,0,,Erythrocytus Vacuus,,
4458,Doc_Loc/List_s_zaklinaniem_Name,Doc_Loc,0,,Folium Incantatum,,
4459,Doc_Loc/Pechatnyy_erit_Name,Doc_Loc,0,,Erythrocytus Sigillatus,,
4460,Doc_Loc/Tsifrovoy_erit_Name,Doc_Loc,0,,Erythrocytus Digitalis,,
4461,Doc_Loc/Memeticheckiy_virus_Name,Doc_Loc,0,,Virus Memeticum,,
4462,Doc_Loc/Kvadratnyy_erit_Name,Doc_Loc,0,,Erythrocytus Quadratus,,
4463,Doc_Loc/Psionicheskiy_erit_Desc,Doc_Loc,0,,An erythrocyte infected with psionic parasitic energy,,
4464,Doc_Loc/Gribnaya_spora_Desc,Doc_Loc,0,,"A fungal spore that parasitizes psionic cells. Affects the erythrocyte's eye, jamming the psionic link.",,
4465,Doc_Loc/Gribnoy_erit_Desc,Doc_Loc,0,,An erythrocyte whose psi-link has been severed forever.,,
4466,Doc_Loc/Ognennyy_erit_Desc,Doc_Loc,0,,Eternal flame. A harbinger.,,
4467,Doc_Loc/Magicheskiy_kristallik_Desc,Doc_Loc,0,,A crystalline mineral of unknown origin. Surrounds erythrocytes with a protective magical field.,,
4468,Doc_Loc/Magicheskiy_erit_Desc,Doc_Loc,0,,An erythrocyte enclosed in a spherical magical field that protects against psionic infection.,,
4469,Doc_Loc/Prizrak-pozhiratel_Desc,Doc_Loc,0,,A minor incorporeal parasite. Passes through magical barriers and devours the contents of erythrocytes.,,
4470,Doc_Loc/Pustoy_erit_Desc,Doc_Loc,0,,A cell deprived of its spiritual particle. Sacrifices itself to protect others.,,
4471,Doc_Loc/List_s_zaklinaniem_Desc,Doc_Loc,0,,A sheet imbued with scripture. Separates psionic structures,,
4472,Doc_Loc/Pechatnyy_erit_Desc,Doc_Loc,0,,"A material, anchored embodiment of the cell.",,
4473,Doc_Loc/Tsifrovoy_erit_Desc,Doc_Loc,0,,A digital embodiment of the cell.,,
4474,Doc_Loc/Memeticheckiy_virus_Desc,Doc_Loc,0,,A memetic virus capable of rewriting the structure of matter.,,
4475,Doc_Loc/Kvadratnyy_erit_Desc,Doc_Loc,0,,An unnatural erythrocyte that should not exist.,,
4476,Hints/Tutor_099,Hints,0,,"From time to time, the instructions will require you to check documents for symbols and marks visible only under UV light.",,
4477,Hints/Tutor_100,Hints,0,,You can turn it on or off using this button.,,
4478,Hints/Tutor_101,Hints,0,,Now hold the document in the area lit by the UV lamp.,,
4479,Hints/Tutor_102,Hints,0,,"There's the mark you were looking for! You know what to do. If not, check the instructions.",,
4480,Hints/Tutor_103,Hints,0,,Today you need to conduct testing using the Rorschach test.,,
4481,Hints/Tutor_104,Hints,0,,Open the right drawer.,,
4482,Hints/Tutor_105,Hints,0,,Press the stack of forms to take one.,,
4483,Hints/Tutor_106,Hints,0,,Now drag the form onto the visitor to hand it over for them to fill out.,,
4484,Hints/Tutor_107,Hints,0,,"Great, the visitor has filled out and returned the form. Carefully compare their answers with the instructions and do what's required!",,
4485,Hints/Tutor_108,Hints,0,,"To carry out the express tests, you first need to take a blood sample.",,
4486,Hints/Tutor_109,Hints,0,,Click on the stack of blood type rapid tests to get one of them.,,
4487,Hints/Tutor_110,Hints,0,,Now you need to apply blood to the test strip in sequence. One...,,
4488,Hints/Tutor_111,Hints,0,,Two…,,
4489,Hints/Tutor_112,Hints,0,,Three…,,
4490,Hints/Tutor_113,Hints,0,,Now compare the result with the decoding table. Then check it against the instructions.,,
4491,Hints/Tutor_114,Hints,0,,Other rapid tests work similarly: simply add a drop of blood to the strip and compare the results with the chart. Good luck!,,
4492,Hints/Tutor_115,Hints,0,,Today you need to look for a specific anomaly.,,
4493,Hints/Tutor_116,Hints,0,,Some anomalies are documented in the Handbook. Open the Handbook.,,
4494,Hints/Tutor_117,Hints,0,,Here are the bookmarks for the anomaly sections.,,
4495,Hints/Tutor_118,Hints,0,,Open the section with anomalies that appear in photographs.,,
4496,Hints/Tutor_119,Hints,0,,Select the anomaly so you know exactly what to look for.,,
4497,Hints/Tutor_120,Hints,0,,Now you know what the anomaly specified in the instruction looks like.,,
4498,Hints/Tutor_121,Hints,0,,New anomalies will appear in the Handbook over time.,,
4499,Hints/Tutor_122,Hints,0,,Press the stack of blood-type express tests to take one,,
4500,Hints/Tutor_123,Hints,0,,#N/A,,
4501,Hints/Tutor_124,Hints,0,,#N/A,,
4502,Hints/Tutor_125,Hints,0,,#N/A,,
4503,Hints/Tutor_126,Hints,0,,#N/A,,
4504,Hints/Tutor_127,Hints,0,,#N/A,,
4505,Hints/Tutor_128,Hints,0,,#N/A,,
4506,Hints/Tutor_129,Hints,0,,#N/A,,
4507,Hints/Tutor_130,Hints,0,,#N/A,,
4508,Hints/Tutor_131,Hints,0,,#N/A,,
4509,Hints/Tutor_132,Hints,0,,#N/A,,
4510,Hints/Tutor_133,Hints,0,,#N/A,,
4511,Hints/Tutor_134,Hints,0,,#N/A,,
4512,Hints/Tutor_135,Hints,0,,#N/A,,
4513,Hints/Tutor_136,Hints,0,,#N/A,,
4514,Hints/Tutor_137,Hints,0,,#N/A,,
4515,Hints/Tutor_138,Hints,0,,#N/A,,
4516,Hints/Tutor_139,Hints,0,,#N/A,,
4517,Hints/Tutor_140,Hints,0,,#N/A,,
4518,Hints/Tutor_141,Hints,0,,#N/A,,
4519,Hints/Tutor_142,Hints,0,,#N/A,,
4520,Правила /Для Китайского и Корейского фонетическая транслитерация иероглифами.,Правила ,0,,,,
4521,Правила /Для Японского транслитерация катаканой,Правила ,0,,,,
4522,"Правила /Если в названии есть общипринятые термины типа Восточная, Западная, Европа, Америка и тд - Неоригинальную часть переводить, остальную транслитерировать с легкой шлифовкой по необходимости.",Правила ,0,,,,
4523,UI/ProblemBaton,UI,0,,Report an issue,,
4524,Doc_Loc/MicroTypeSynt,Doc_Loc,0,,Synthetic,,
4525,Doc_Loc/MicroTypeCrystal,Doc_Loc,0,,Mineral,,
4526,Doc_Loc/MicroTypeSecret,Doc_Loc,0,,[CLASSIFIED],,
4527,Doc_Loc/MicroTypeSwarm,Doc_Loc,0,,Swarm,,
4528,Doc_Loc/MicroTypeMagick,Doc_Loc,0,,Metaphysical,,
4529,Правила /Для Китайского и Корейского фонетическая транслитерация иероглифами.,Правила ,0,,,,
4530,Правила /Для Японского транслитерация катаканой,Правила ,0,,,,
4531,"Правила /Если в названии есть общипринятые термины типа Восточная, Западная, Европа, Америка и тд - Неоригинальную часть переводить, остальную транслитерировать с легкой шлифовкой по необходимости.",Правила ,0,,,,
4532,UI/ErrorReport,UI,0,,https://form.asana.com/?k=dWB4FJtsWuPqpx-tryB04Q&d=1201277484552926,,
4533,Правила /Для Китайского и Корейского фонетическая транслитерация иероглифами.,Правила ,0,,,,
4534,Правила /Для Японского транслитерация катаканой,Правила ,0,,,,
4535,"Правила /Если в названии есть общипринятые термины типа Восточная, Западная, Европа, Америка и тд - Неоригинальную часть переводить, остальную транслитерировать с легкой шлифовкой по необходимости.",Правила ,0,,,,
4536,CoordinatorReplics/UVLight_Tutor_001,CoordinatorReplics,0,,Welcome to level two,,
4537,CoordinatorReplics/UVLight_Tutor_002,CoordinatorReplics,0,,Thank you,,
4538,CoordinatorReplics/UVLight_Tutor_003,CoordinatorReplics,0,,"Your efforts, among others, helped us avoid a pandemic.",,
4539,CoordinatorReplics/UVLight_Tutor_004,CoordinatorReplics,0,,I'm... very glad.,,
4540,CoordinatorReplics/UVLight_Tutor_005,CoordinatorReplics,0,,"However, the technologies that helped us solve the problem turned out to have, let's say, not the friendliest of owners.",,
4541,CoordinatorReplics/UVLight_Tutor_006,CoordinatorReplics,0,,"However, the ""Los Evos"" fungus, which helped us solve the problem, has mutated, and it seems we're on the verge of a zombie apocalypse.",,
4542,CoordinatorReplics/UVLight_Tutor_007,CoordinatorReplics,0,,"However, the Tardifuma parasite, which helped us solve the problem, turns out to be capable of secreting a specific toxin that causes a number of mutations and severe hallucinations.",,
4543,CoordinatorReplics/UVLight_Tutor_008,CoordinatorReplics,0,,One thing after another! What are we supposed to do?,,
4544,CoordinatorReplics/UVLight_Tutor_009,CoordinatorReplics,0,,As always: solve the problems one at a time.,,
4545,CoordinatorReplics/UVLight_Tutor_010,CoordinatorReplics,0,,We'll have to resort to certain measures of secrecy.,,
4546,CoordinatorReplics/UVLight_Tutor_011,CoordinatorReplics,0,,"In this regard, you've been issued a UV light that can be used to detect special marks on documents. Follow the instructions.",,
4547,CoordinatorReplics/UVLight_Tutor_012,CoordinatorReplics,0,,"Understood, sounds simple enough...",,
4548,CoordinatorReplics/UVLight_Tutor_013,CoordinatorReplics,0,,Have a good shift.,,
4549,CoordinatorReplics/Rorschach_Tutor_001,CoordinatorReplics,0,,Welcome to level three,,
4550,CoordinatorReplics/Rorschach_Tutor_002,CoordinatorReplics,0,,"Thanks, I guess...",,
4551,CoordinatorReplics/Rorschach_Tutor_003,CoordinatorReplics,0,,"Fortunately, we managed to solve our little zombie problem.",,
4552,CoordinatorReplics/Rorschach_Tutor_004,CoordinatorReplics,0,,"Fortunately, we managed to see off our uninvited guests and make it clear they're not welcome here.",,
4553,CoordinatorReplics/Rorschach_Tutor_005,CoordinatorReplics,0,,"Fortunately, we managed to solve the problem of... the oversized earthworm and its small group of fans.",,
4554,CoordinatorReplics/Rorschach_Tutor_006,CoordinatorReplics,0,,"I have a feeling there's a catch this time, too...",,
4555,CoordinatorReplics/Rorschach_Tutor_007,CoordinatorReplics,0,,I'm forced to confirm your suspicions.,,
4556,CoordinatorReplics/Rorschach_Tutor_008,CoordinatorReplics,0,,"Ferrosludge, or gray goo as it's more commonly known, has displayed... some unexpected and unpleasant tendencies toward uncontrolled expansion.",,
4557,CoordinatorReplics/Rorschach_Tutor_009,CoordinatorReplics,0,,"The AM0N system, which coordinated the cybersoldiers, unexpectedly went out of control...",,
4558,CoordinatorReplics/Rorschach_Tutor_010,CoordinatorReplics,0,,"The nanoparticles used to breed the techno-arachnids dispersed due to an unknown effect and, it seems, have uncontrollably taken root in other animal species",,
4559,CoordinatorReplics/Rorschach_Tutor_011,CoordinatorReplics,0,,"The symbiotic fungi apparently activated some previously little-studied areas of the brain, which could soon lead to irreversible consequences for us...",,
4560,CoordinatorReplics/Rorschach_Tutor_012,CoordinatorReplics,0,,"It seems a radically minded splinter group has broken off from the staff responsible for forming the crystal golems, and their aspirations are... concerning.",,
4561,CoordinatorReplics/Rorschach_Tutor_013,CoordinatorReplics,0,,"There's been an unexpected reshuffle in the leadership of the Technomancer Order, as a result of which radically minded masters are now effectively in charge...",,
4562,CoordinatorReplics/Rorschach_Tutor_014,CoordinatorReplics,0,,The new generation of necrophage locusts has some rather unexpected and unpleasant properties. Not to say threatening ones...,,
4563,CoordinatorReplics/Rorschach_Tutor_015,CoordinatorReplics,0,,"The hacker group ""BS0Dead"" carried out a mass hack of implants, which effectively allowed them to ""hack the minds"" of 95 percent of the city's residents...",,
4564,CoordinatorReplics/Rorschach_Tutor_016,CoordinatorReplics,0,,The mass installation of low-quality implants has led to an unexpected side effect on the psyche. We're basically on the verge of total anarchy...,,
4565,CoordinatorReplics/Rorschach_Tutor_017,CoordinatorReplics,0,,What a nightmare! What are we supposed to do?,,
4566,CoordinatorReplics/Rorschach_Tutor_018,CoordinatorReplics,0,,"Stay calm and keep working. A special analytical device, the Machina Fatorum, is currently being prepared.",,
4567,CoordinatorReplics/Rorschach_Tutor_019,CoordinatorReplics,0,,That sounds impressive...,,
4568,CoordinatorReplics/Rorschach_Tutor_020,CoordinatorReplics,0,,It is. All that's required of you is to periodically test visitors using the Rorschach test.,,
4569,CoordinatorReplics/Rorschach_Tutor_021,CoordinatorReplics,0,,But I don't have skills like that...,,
4570,CoordinatorReplics/Rorschach_Tutor_022,CoordinatorReplics,0,,Just hand them the form and check their answers against the instructions...,,
4571,CoordinatorReplics/Rorschach_Tutor_023,CoordinatorReplics,0,,"Well, that I can definitely handle!",,
4572,CoordinatorReplics/Rorschach_Tutor_024,CoordinatorReplics,0,,Excellent. Have a good shift.,,
4573,CoordinatorReplics/Rorschach_Tutor_025,CoordinatorReplics,0,,Thank you...,,
4574,CoordinatorReplics/EBloodTest_Tutor_001,CoordinatorReplics,0,,Greetings!,,
4575,CoordinatorReplics/EBloodTest_Tutor_002,CoordinatorReplics,0,,And to you as well.,,
4576,CoordinatorReplics/EBloodTest_Tutor_003,CoordinatorReplics,0,,Your progress in the study of blood cells is simply astounding.,,
4577,CoordinatorReplics/EBloodTest_Tutor_004,CoordinatorReplics,0,,Thanks... that's a rather unexpected compliment...,,
4578,CoordinatorReplics/EBloodTest_Tutor_005,CoordinatorReplics,0,,"Starting today, you'll have more... opportunities to study blood.",,
4579,CoordinatorReplics/EBloodTest_Tutor_006,CoordinatorReplics,0,,I can't say that makes me happy...,,
4580,CoordinatorReplics/EBloodTest_Tutor_007,CoordinatorReplics,0,,"It's simple: the sampling procedure stays the same, you'll just need to apply drops not only to the microscope slide, but also to special test strips.",,
4581,CoordinatorReplics/EBloodTest_Tutor_008,CoordinatorReplics,0,,Doesn't sound too hard.,,
4582,CoordinatorReplics/EBloodTest_Tutor_009,CoordinatorReplics,0,,Glad we can count on you. Have a good shift.,,
4583,CoordinatorReplics/EBloodTest_Tutor_010,CoordinatorReplics,0,,Thank you...,,
4584,Правила /Для Китайского и Корейского фонетическая транслитерация иероглифами.,Правила ,0,,,,
4585,Правила /Для Японского транслитерация катаканой,Правила ,0,,,,
4586,"Правила /Если в названии есть общипринятые термины типа Восточная, Западная, Европа, Америка и тд - Неоригинальную часть переводить, остальную транслитерировать с легкой шлифовкой по необходимости.",Правила ,0,,,,
4587,Правила /Для Китайского и Корейского фонетическая транслитерация иероглифами.,Правила ,0,,,,
4588,Правила /Для Японского транслитерация катаканой,Правила ,0,,,,
4589,"Правила /Если в названии есть общипринятые термины типа Восточная, Западная, Европа, Америка и тд - Неоригинальную часть переводить, остальную транслитерировать с легкой шлифовкой по необходимости.",Правила ,0,,,,
4590,Правила /Для Китайского и Корейского фонетическая транслитерация иероглифами.,Правила ,0,,,,
4591,Правила /Для Японского транслитерация катаканой,Правила ,0,,,,
4592,"Правила /Если в названии есть общипринятые термины типа Восточная, Западная, Европа, Америка и тд - Неоригинальную часть переводить, остальную транслитерировать с легкой шлифовкой по необходимости.",Правила ,0,,,,
4593,CoordinatorReplics/UVLight_Tutor_014,CoordinatorReplics,0,,"Moreover, a kind of… community of admirers of this parasite emerged.",,
4594,Правила /Для Китайского и Корейского фонетическая транслитерация иероглифами.,Правила ,0,,,,
4595,Правила /Для Японского транслитерация катаканой,Правила ,0,,,,
4596,"Правила /Если в названии есть общипринятые термины типа Восточная, Западная, Европа, Америка и тд - Неоригинальную часть переводить, остальную транслитерировать с легкой шлифовкой по необходимости.",Правила ,0,,,,
4597,Правила /Для Китайского и Корейского фонетическая транслитерация иероглифами.,Правила ,0,,,,
4598,Правила /Для Японского транслитерация катаканой,Правила ,0,,,,
4599,"Правила /Если в названии есть общипринятые термины типа Восточная, Западная, Европа, Америка и тд - Неоригинальную часть переводить, остальную транслитерировать с легкой шлифовкой по необходимости.",Правила ,0,,,,
4600,Dialogue/Conversation/168/Entry/1/Dialogue Text,Dialogue,0,"Приветственная реплика событие ""Плачущий ангел""","Here, take my papers and call security, quick!",,
4601,Правила /Для Китайского и Корейского фонетическая транслитерация иероглифами.,Правила ,0,,,,
4602,Правила /Для Японского транслитерация катаканой,Правила ,0,,,,
4603,"Правила /Если в названии есть общипринятые термины типа Восточная, Западная, Европа, Америка и тд - Неоригинальную часть переводить, остальную транслитерировать с легкой шлифовкой по необходимости.",Правила ,0,,,,
4604,Shop/Microscope_ScanTime,Shop,0,,Scanning Speed,,
4605,Shop/Microscope_ScanTimeDesc,Shop,0,,Speeds up the scanning of bacteria when analyzing microscope data.,,
4606,Shop/Microscope_PrintSpeed,Shop,0,,Printing Speed,,
4607,Shop/Microscope_PrintSpeedDesc,Shop,0,,Speeds up the printing of bacteria descriptions.,,
4608,Правила /Для Китайского и Корейского фонетическая транслитерация иероглифами.,Правила ,0,,,,
4609,Правила /Для Японского транслитерация катаканой,Правила ,0,,,,
4610,"Правила /Если в названии есть общипринятые термины типа Восточная, Западная, Европа, Америка и тд - Неоригинальную часть переводить, остальную транслитерировать с легкой шлифовкой по необходимости.",Правила ,0,,,,
4611,Hints/Tutor_121.1,Hints,0,,You can always reference the encyclopedia to see what certain anomalies look like.,,
4612,Правила /Для Китайского и Корейского фонетическая транслитерация иероглифами.,Правила ,0,,,,
4613,Правила /Для Японского транслитерация катаканой,Правила ,0,,,,
4614,"Правила /Если в названии есть общипринятые термины типа Восточная, Западная, Европа, Америка и тд - Неоригинальную часть переводить, остальную транслитерировать с легкой шлифовкой по необходимости.",Правила ,0,,,,
4615,UI/Credits,UI,0,,Credits,,
4616,Правила /Для Китайского и Корейского фонетическая транслитерация иероглифами.,Правила ,0,,,,
4617,Правила /Для Японского транслитерация катаканой,Правила ,0,,,,
4618,"Правила /Если в названии есть общипринятые термины типа Восточная, Западная, Европа, Америка и тд - Неоригинальную часть переводить, остальную транслитерировать с легкой шлифовкой по необходимости.",Правила ,0,,,,
4619,Credits/,Credits,0,,#N/A,,
4620,Правила /Для Китайского и Корейского фонетическая транслитерация иероглифами.,Правила ,0,,,,
4621,Правила /Для Японского транслитерация катаканой,Правила ,0,,,,
4622,"Правила /Если в названии есть общипринятые термины типа Восточная, Западная, Европа, Америка и тд - Неоригинальную часть переводить, остальную транслитерировать с легкой шлифовкой по необходимости.",Правила ,0,,,,
4623,Правила /Для Китайского и Корейского фонетическая транслитерация иероглифами.,Правила ,0,,,,
4624,Правила /Для Японского транслитерация катаканой,Правила ,0,,,,
4625,"Правила /Если в названии есть общипринятые термины типа Восточная, Западная, Европа, Америка и тд - Неоригинальную часть переводить, остальную транслитерировать с легкой шлифовкой по необходимости.",Правила ,0,,,,
4626,Правила /Для Китайского и Корейского фонетическая транслитерация иероглифами.,Правила ,0,,,,
4627,Правила /Для Японского транслитерация катаканой,Правила ,0,,,,
4628,"Правила /Если в названии есть общипринятые термины типа Восточная, Западная, Европа, Америка и тд - Неоригинальную часть переводить, остальную транслитерировать с легкой шлифовкой по необходимости.",Правила ,0,,,,
4629,Правила /Для Китайского и Корейского фонетическая транслитерация иероглифами.,Правила ,0,,,,
4630,Правила /Для Японского транслитерация катаканой,Правила ,0,,,,
4631,"Правила /Если в названии есть общипринятые термины типа Восточная, Западная, Европа, Америка и тд - Неоригинальную часть переводить, остальную транслитерировать с легкой шлифовкой по необходимости.",Правила ,0,,,,
4632,UI/PrintAlreadyDone,UI,0,,You have already printed out the info on this organism,,
4633,Правила /Для Китайского и Корейского фонетическая транслитерация иероглифами.,Правила ,0,,,,
4634,Правила /Для Японского транслитерация катаканой,Правила ,0,,,,
4635,"Правила /Если в названии есть общипринятые термины типа Восточная, Западная, Европа, Америка и тд - Неоригинальную часть переводить, остальную транслитерировать с легкой шлифовкой по необходимости.",Правила ,0,,,,
4636,Правила /Для Китайского и Корейского фонетическая транслитерация иероглифами.,Правила ,0,,,,
4637,Правила /Для Японского транслитерация катаканой,Правила ,0,,,,
4638,"Правила /Если в названии есть общипринятые термины типа Восточная, Западная, Европа, Америка и тд - Неоригинальную часть переводить, остальную транслитерировать с легкой шлифовкой по необходимости.",Правила ,0,,,,
4639,Shop/Food_Curry_Name,Shop,0,,Curry,,
4640,Shop/Food_Curry_Descr,Shop,0,,"A spicy dish of uncertain origin. Warms the body, improves mood, and temporarily dulls the sense of danger.",,
4641,Shop/Food_Bento_Name,Shop,0,,Bento,,
4642,Shop/Food_Bento_Descr,Shop,0,,A compact meal set with a suspiciously neat arrangement of components. The composition is balanced and approved by the nutrition department.,,
4643,Shop/Food_MushPie_Name,Shop,0,,Mushroom Pie,,
4644,Shop/Food_MushPie_Descr,Shop,0,,A pie with a mushroom filling. The mushrooms used passed all necessary inspections. Repeat inspections were deemed unnecessary.,,
4645,Shop/Food_Kabob_Name,Shop,0,,Monster Kebab,,
4646,Shop/Food_Kabob_Descr,Shop,0,,"Meat from an unidentified creature, cooked over an open flame. Species is being determined. Does not affect the taste.",,
4647,Shop/Food_HotDog_Name,Shop,0,,Cyber Hot Dog,,
4648,Shop/Food_HotDog_Descr,Shop,0,,A modified version of the classic hot dog with synthetic food components. 17% more technologically advanced than usual.,,
4649,Shop/Food_Doshik_Name,Shop,0,,Street-Style Noodles,,
4650,Shop/Food_Doshik_Descr,Shop,0,,"Noodles with vegetables and spices, prepared according to a traditional street recipe. Studies confirm: eating straight out of the box improves the taste by 23%.",,
4651,Shop/NoStress_Game_Name,Shop,0,,Old-School Game Cartridge,,
4652,Shop/NoStress_Game_Descr,Shop,0,,"A video-game cartridge of unknown release year. Effectively reduces stress and increases the frequency of the phrase ""games used to be better"".",,
4653,Shop/NoStress_Coffee_Name,Shop,0,,Coffee,,
4654,Shop/NoStress_Coffee_Descr,Shop,0,,"Strong office coffee. Reduces fatigue, improves concentration, and allows you to postpone the need for sleep indefinitely.",,
4655,Shop/NoStress_Movie_Name,Shop,0,,B-Movie Action Flick,,
4656,Shop/NoStress_Movie_Descr,Shop,0,,"A videotape of a low-budget action movie. Bad acting, an excessive number of explosions, and a proven therapeutic effect.",,
4657,Правила /Для Китайского и Корейского фонетическая транслитерация иероглифами.,Правила ,0,,,,
4658,Правила /Для Японского транслитерация катаканой,Правила ,0,,,,
4659,"Правила /Если в названии есть общипринятые термины типа Восточная, Западная, Европа, Америка и тд - Неоригинальную часть переводить, остальную транслитерировать с легкой шлифовкой по необходимости.",Правила ,0,,,,
4660,Правила /Для Китайского и Корейского фонетическая транслитерация иероглифами.,Правила ,0,,,,
4661,Правила /Для Японского транслитерация катаканой,Правила ,0,,,,
4662,"Правила /Если в названии есть общипринятые термины типа Восточная, Западная, Европа, Америка и тд - Неоригинальную часть переводить, остальную транслитерировать с легкой шлифовкой по необходимости.",Правила ,0,,,,
4663,Правила /Для Китайского и Корейского фонетическая транслитерация иероглифами.,Правила ,0,,,,
4664,Правила /Для Японского транслитерация катаканой,Правила ,0,,,,
4665,"Правила /Если в названии есть общипринятые термины типа Восточная, Западная, Европа, Америка и тд - Неоригинальную часть переводить, остальную транслитерировать с легкой шлифовкой по необходимости.",Правила ,0,,,,
4666,Правила /Для Китайского и Корейского фонетическая транслитерация иероглифами.,Правила ,0,,,,
4667,Правила /Для Японского транслитерация катаканой,Правила ,0,,,,
4668,"Правила /Если в названии есть общипринятые термины типа Восточная, Западная, Европа, Америка и тд - Неоригинальную часть переводить, остальную транслитерировать с легкой шлифовкой по необходимости.",Правила ,0,,,,
4669,Правила /Для Китайского и Корейского фонетическая транслитерация иероглифами.,Правила ,0,,,,
4670,Правила /Для Японского транслитерация катаканой,Правила ,0,,,,
4671,"Правила /Если в названии есть общипринятые термины типа Восточная, Западная, Европа, Америка и тд - Неоригинальную часть переводить, остальную транслитерировать с легкой шлифовкой по необходимости.",Правила ,0,,,,
4672,Правила /Для Китайского и Корейского фонетическая транслитерация иероглифами.,Правила ,0,,,,
4673,Правила /Для Японского транслитерация катаканой,Правила ,0,,,,
4674,"Правила /Если в названии есть общипринятые термины типа Восточная, Западная, Европа, Америка и тд - Неоригинальную часть переводить, остальную транслитерировать с легкой шлифовкой по необходимости.",Правила ,0,,,,
4675,Правила /Для Китайского и Корейского фонетическая транслитерация иероглифами.,Правила ,0,,,,
4676,Правила /Для Японского транслитерация катаканой,Правила ,0,,,,
4677,"Правила /Если в названии есть общипринятые термины типа Восточная, Западная, Европа, Америка и тд - Неоригинальную часть переводить, остальную транслитерировать с легкой шлифовкой по необходимости.",Правила ,0,,,,
4678,UI/EndDayGame,UI,0,,Finish shift,,
4679,Правила /Для Китайского и Корейского фонетическая транслитерация иероглифами.,Правила ,0,,,,
4680,Правила /Для Японского транслитерация катаканой,Правила ,0,,,,
4681,"Правила /Если в названии есть общипринятые термины типа Восточная, Западная, Европа, Америка и тд - Неоригинальную часть переводить, остальную транслитерировать с легкой шлифовкой по необходимости.",Правила ,0,,,,
4682,Правила /Для Китайского и Корейского фонетическая транслитерация иероглифами.,Правила ,0,,,,
4683,Правила /Для Японского транслитерация катаканой,Правила ,0,,,,
4684,"Правила /Если в названии есть общипринятые термины типа Восточная, Западная, Европа, Америка и тд - Неоригинальную часть переводить, остальную транслитерировать с легкой шлифовкой по необходимости.",Правила ,0,,,,
4685,Правила /Для Китайского и Корейского фонетическая транслитерация иероглифами.,Правила ,0,,,,
4686,Правила /Для Японского транслитерация катаканой,Правила ,0,,,,
4687,"Правила /Если в названии есть общипринятые термины типа Восточная, Западная, Европа, Америка и тд - Неоригинальную часть переводить, остальную транслитерировать с легкой шлифовкой по необходимости.",Правила ,0,,,,
4688,Events_For_Stats/16_Event_MonsterMetaMorph,Events_For_Stats,0,,Saving on pest control,,
4689,Events_For_Stats/58_Event_Mushroom,Events_For_Stats,0,,Unplanned expenses on flammable materials,,
4690,Events_For_Stats/60_Event_HeadBomb,Events_For_Stats,0,,Stepladder rented for washing the scattered thoughts off the ceiling,,
4691,Events_For_Stats/62_Event_SharpBones,Events_For_Stats,0,,Several body bags ripped,,
4692,Events_For_Stats/63_Event_TotalRecall,Events_For_Stats,0,,Terminated employee successfully located,,
4693,Events_For_Stats/66_Event_PetrificationEvent,Events_For_Stats,0,,Mineral rocks transported manually,,
4694,Events_For_Stats/73_Event_Volvox,Events_For_Stats,0,,Microorganisms collected with an industrial vacuum cleaner,,
4695,Events_For_Stats/75_Event_TrainA,Events_For_Stats,0,,Worn floorboards replaced,,
4696,Events_For_Stats/76_Dwarfs_Captured,Events_For_Stats,0,,Multilayer disguise exposed (2 intruders),,
4697,Events_For_Stats/77_Dwarfs_Approved,Events_For_Stats,0,,Extra portions missing from the cafeteria,,
4698,Events_For_Stats/79_Event_Venom,Events_For_Stats,0,,Unauthorized change of uniform at checkpoint,,
4699,Events_For_Stats/85_Event_BloodTakenObjHit_Fungus,Events_For_Stats,0,,Industrial fungicides wasted in the workplace,,
4700,Events_For_Stats/86_Event_BloodTakenObjHit_Parasite,Events_For_Stats,0,,Unplanned removal of an overgrown parasite,,
4701,Events_For_Stats/87_Event_BloodTakenObjHit_AlienTech,Events_For_Stats,0,,Cosmetic repairs of the crater in the workplace,,
4702,Events_For_Stats/98_Event_CryingAngel,Events_For_Stats,0,,Payment to movers for transporting the object (strictly without blinking),,
4703,Events_For_Stats/99_Event_Onryo,Events_For_Stats,0,,Overtime payment for an exorcist cleaner,,
4704,Правила /Для Китайского и Корейского фонетическая транслитерация иероглифами.,Правила ,0,,,,
4705,Правила /Для Японского транслитерация катаканой,Правила ,0,,,,
4706,"Правила /Если в названии есть общипринятые термины типа Восточная, Западная, Европа, Америка и тд - Неоригинальную часть переводить, остальную транслитерировать с легкой шлифовкой по необходимости.",Правила ,0,,,,
4707,Правила /Для Китайского и Корейского фонетическая транслитерация иероглифами.,Правила ,0,,,,
4708,Правила /Для Японского транслитерация катаканой,Правила ,0,,,,
4709,"Правила /Если в названии есть общипринятые термины типа Восточная, Западная, Европа, Америка и тд - Неоригинальную часть переводить, остальную транслитерировать с легкой шлифовкой по необходимости.",Правила ,0,,,,
4710,Правила /Для Китайского и Корейского фонетическая транслитерация иероглифами.,Правила ,0,,,,
4711,Правила /Для Японского транслитерация катаканой,Правила ,0,,,,
4712,"Правила /Если в названии есть общипринятые термины типа Восточная, Западная, Европа, Америка и тд - Неоригинальную часть переводить, остальную транслитерировать с легкой шлифовкой по необходимости.",Правила ,0,,,,
4713,Правила /Для Китайского и Корейского фонетическая транслитерация иероглифами.,Правила ,0,,,,
4714,Правила /Для Японского транслитерация катаканой,Правила ,0,,,,
4715,"Правила /Если в названии есть общипринятые термины типа Восточная, Западная, Европа, Америка и тд - Неоригинальную часть переводить, остальную транслитерировать с легкой шлифовкой по необходимости.",Правила ,0,,,,
4716,UI/RestartMapDay,UI,0,,You cannot start this day over because there are no free branches. Please delete unnecessary branches to restart the day.,,
4717,UI/MapResetAccept1_2,UI,0,,"Warning! Starting this day over will result in a COMPLETE RESET of what you've done after the beginning of the day! ALL progress made after that mark will be DELETED!
Are you SURE?",,
4718,Правила /Для Китайского и Корейского фонетическая транслитерация иероглифами.,Правила ,0,,,,
4719,Правила /Для Японского транслитерация катаканой,Правила ,0,,,,
4720,"Правила /Если в названии есть общипринятые термины типа Восточная, Западная, Европа, Америка и тд - Неоригинальную часть переводить, остальную транслитерировать с легкой шлифовкой по необходимости.",Правила ,0,,,,
4721,UI/HintIsolator,UI,0,,"The number of experiments
determines the effectiveness of city operations.",,
4722,UI/HintCity,UI,0,,Select one pathogen and maximize its percentage.,,
4723,Правила /Для Китайского и Корейского фонетическая транслитерация иероглифами.,Правила ,0,,,,
4724,Правила /Для Японского транслитерация катаканой,Правила ,0,,,,
4725,"Правила /Если в названии есть общипринятые термины типа Восточная, Западная, Европа, Америка и тд - Неоригинальную часть переводить, остальную транслитерировать с легкой шлифовкой по необходимости.",Правила ,0,,,,
4726,Правила /Для Китайского и Корейского фонетическая транслитерация иероглифами.,Правила ,0,,,,
4727,Правила /Для Японского транслитерация катаканой,Правила ,0,,,,
4728,"Правила /Если в названии есть общипринятые термины типа Восточная, Западная, Европа, Америка и тд - Неоригинальную часть переводить, остальную транслитерировать с легкой шлифовкой по необходимости.",Правила ,0,,,,
4729,Правила /Для Китайского и Корейского фонетическая транслитерация иероглифами.,Правила ,0,,,,
4730,Правила /Для Японского транслитерация катаканой,Правила ,0,,,,
4731,"Правила /Если в названии есть общипринятые термины типа Восточная, Западная, Европа, Америка и тд - Неоригинальную часть переводить, остальную транслитерировать с легкой шлифовкой по необходимости.",Правила ,0,,,,
4732,Правила /Для Китайского и Корейского фонетическая транслитерация иероглифами.,Правила ,0,,,,
4733,Правила /Для Японского транслитерация катаканой,Правила ,0,,,,
4734,"Правила /Если в названии есть общипринятые термины типа Восточная, Западная, Европа, Америка и тд - Неоригинальную часть переводить, остальную транслитерировать с легкой шлифовкой по необходимости.",Правила ,0,,,,
4735,Правила /Для Китайского и Корейского фонетическая транслитерация иероглифами.,Правила ,0,,,,
4736,Правила /Для Японского транслитерация катаканой,Правила ,0,,,,
4737,"Правила /Если в названии есть общипринятые термины типа Восточная, Западная, Европа, Америка и тд - Неоригинальную часть переводить, остальную транслитерировать с легкой шлифовкой по необходимости.",Правила ,0,,,,
4738,Dialogue/Conversation/171/Entry/1/Dialogue Text,Dialogue,0,Идеальный прокол,Noice!,,
4739,Hints/Tutor_098.1,Hints,0,,This fingerprint does not belong to the visitor. Please take action according to the instructions.,,
4740,NewsAndReports/ResearchProgressHeader,NewsAndReports,0,,The data obtained during the experiment allowed us to progress towards a solution to the current issue:,,
4741,Правила /Для Китайского и Корейского фонетическая транслитерация иероглифами.,Правила ,0,,,,
4742,Правила /Для Японского транслитерация катаканой,Правила ,0,,,,
4743,"Правила /Если в названии есть общипринятые термины типа Восточная, Западная, Европа, Америка и тд - Неоригинальную часть переводить, остальную транслитерировать с легкой шлифовкой по необходимости.",Правила ,0,,,,
4744,UI/SavesGraphHint,UI,0,,Tip: This is the best day to choose a different solution to a problem. The ending you receive is determined by the solution with the highest percentage in city operations.,,
4745,Правила /Для Китайского и Корейского фонетическая транслитерация иероглифами.,Правила ,0,,,,
4746,Правила /Для Японского транслитерация катаканой,Правила ,0,,,,
4747,"Правила /Если в названии есть общипринятые термины типа Восточная, Западная, Европа, Америка и тд - Неоригинальную часть переводить, остальную транслитерировать с легкой шлифовкой по необходимости.",Правила ,0,,,,
4748,Правила /Для Китайского и Корейского фонетическая транслитерация иероглифами.,Правила ,0,,,,
4749,Правила /Для Японского транслитерация катаканой,Правила ,0,,,,
4750,"Правила /Если в названии есть общипринятые термины типа Восточная, Западная, Европа, Америка и тд - Неоригинальную часть переводить, остальную транслитерировать с легкой шлифовкой по необходимости.",Правила ,0,,,,
4751,Правила /Для Китайского и Корейского фонетическая транслитерация иероглифами.,Правила ,0,,,,
4752,Правила /Для Японского транслитерация катаканой,Правила ,0,,,,
4753,"Правила /Если в названии есть общипринятые термины типа Восточная, Западная, Европа, Америка и тд - Неоригинальную часть переводить, остальную транслитерировать с легкой шлифовкой по необходимости.",Правила ,0,,,,
4754,Правила /Для Китайского и Корейского фонетическая транслитерация иероглифами.,Правила ,0,,,,
4755,Правила /Для Японского транслитерация катаканой,Правила ,0,,,,
4756,"Правила /Если в названии есть общипринятые термины типа Восточная, Западная, Европа, Америка и тд - Неоригинальную часть переводить, остальную транслитерировать с легкой шлифовкой по необходимости.",Правила ,0,,,,
4757,Правила /Для Китайского и Корейского фонетическая транслитерация иероглифами.,Правила ,0,,,,
4758,Правила /Для Японского транслитерация катаканой,Правила ,0,,,,
4759,"Правила /Если в названии есть общипринятые термины типа Восточная, Западная, Европа, Америка и тд - Неоригинальную часть переводить, остальную транслитерировать с легкой шлифовкой по необходимости.",Правила ,0,,,,
4760,Правила /Для Китайского и Корейского фонетическая транслитерация иероглифами.,Правила ,0,,,,
4761,Правила /Для Японского транслитерация катаканой,Правила ,0,,,,
4762,"Правила /Если в названии есть общипринятые термины типа Восточная, Западная, Европа, Америка и тд - Неоригинальную часть переводить, остальную транслитерировать с легкой шлифовкой по необходимости.",Правила ,0,,,,
4763,UI/DiffChoice,UI,0,,Select difficulty:,,
4764,UI/DiffEasy,UI,0,,Easy,,
4765,UI/DiffNormal,UI,0,,Normal,,
4766,UI/DiffHard,UI,0,,Hard,,
4767,UI/DiffEasyTooltip,UI,0,,"For those who want to play at their own pace:
- Timer off
- Reduced penalties for mistakes",,
4768,UI/DiffNormalTooltip,UI,0,,"The standard experience:
- Timer on, but with plenty of time
- Standard penalties for mistakes",,
4769,UI/DiffHardTooltip,UI,0,,"For those who don't get enough challenge in real life:
- Timer sped up
- Significantly higher penalties for mistakes (including sanity loss)",,
4770,Правила /Для Китайского и Корейского фонетическая транслитерация иероглифами.,Правила ,0,,,,
4771,Правила /Для Японского транслитерация катаканой,Правила ,0,,,,
4772,"Правила /Если в названии есть общипринятые термины типа Восточная, Западная, Европа, Америка и тд - Неоригинальную часть переводить, остальную транслитерировать с легкой шлифовкой по необходимости.",Правила ,0,,,,
4773,UI/DiffWarning,UI,0,,"Difficulty cannot be changed once the game has started. To change it, you'll have to start a new game.
Are you absolutely sure?",,
4774,NewsAndReports/StrangeNoteTest1,NewsAndReports,0,,#N/A,,
4775,NewsAndReports/StrangeNoteTest2,NewsAndReports,0,,#N/A,,
4776,Правила /Для Китайского и Корейского фонетическая транслитерация иероглифами.,Правила ,0,,,,
4777,Правила /Для Японского транслитерация катаканой,Правила ,0,,,,
4778,"Правила /Если в названии есть общипринятые термины типа Восточная, Западная, Европа, Америка и тд - Неоригинальную часть переводить, остальную транслитерировать с легкой шлифовкой по необходимости.",Правила ,0,,,,
4779,UI/HelpTooltip,UI,0,,Help,,
4780,UI/HelpIsolator,UI,0,,"The isolation ward is where you run experiments that advance your research into the anomalies. An experiment takes one day.
Current progress is shown on the bars in the bottom right corner of the screen.
The further your research into an anomaly progresses, the more city operations you unlock that use that anomaly to solve the problem.
Experiments vary in how effectively they advance research into each anomaly. The only way to find out is by scientific trial and error.
In some cases, a large concentration of anomalies of the same type combined with a particular experiment can lead to unforeseen consequences that set off the alarm in the isolation ward.
If the alarm goes off, the isolation ward is closed to you for one day.
The experiments you run also affect the subjects' mood. A subject under severe stress may take their own life or trigger a large-scale event that sets off the alarm.
The isolation ward's capacity is limited. You can increase it with upgrades bought at the end of a shift.
Any character held in the isolation ward can be released or eliminated. To do so, select them and press the corresponding button.
You can also purge the isolation ward entirely with the red button in the bottom left corner of the screen.",,
4781,UI/HelpCity,UI,0,,"Green icons mark potential solutions.
If the problem bar (the red one) reaches the skull marker, you lose.
In this mode, your task is to run operations in the city, building up the solution percentage and driving the problem percentage down to zero.
The green bar shows the combined percentage of all potential solutions.
Together, the bars show the tug of war between the problem and the potential solutions. The problem and solution percentages can never add up to more than 100%, so over time they push each other out (solutions take percentage away from the problem, and vice versa).
The winning solution is the one with the highest percentage at the moment the problem is fully eliminated.
Early operations are not very effective, so you need to run experiments on the subjects in the isolation ward to unlock new, specialized, more effective ones.
Tip: The most effective strategy is to focus on one specific solution, both in the isolation ward and in city operations.",,
4782,UI/HelpBranches,UI,0,,,,
4783,Правила /Для Китайского и Корейского фонетическая транслитерация иероглифами.,Правила ,0,,,,
4784,Правила /Для Японского транслитерация катаканой,Правила ,0,,,,
4785,"Правила /Если в названии есть общипринятые термины типа Восточная, Западная, Европа, Америка и тд - Неоригинальную часть переводить, остальную транслитерировать с легкой шлифовкой по необходимости.",Правила ,0,,,,
4786,Правила /Для Китайского и Корейского фонетическая транслитерация иероглифами.,Правила ,0,,,,
4787,Правила /Для Японского транслитерация катаканой,Правила ,0,,,,
4788,"Правила /Если в названии есть общипринятые термины типа Восточная, Западная, Европа, Америка и тд - Неоригинальную часть переводить, остальную транслитерировать с легкой шлифовкой по необходимости.",Правила ,0,,,,
4789,UI/Perfect,UI,0,,PERFECT,,
4790,Правила /Для Китайского и Корейского фонетическая транслитерация иероглифами.,Правила ,0,,,,
4791,Правила /Для Японского транслитерация катаканой,Правила ,0,,,,
4792,"Правила /Если в названии есть общипринятые термины типа Восточная, Западная, Европа, Америка и тд - Неоригинальную часть переводить, остальную транслитерировать с легкой шлифовкой по необходимости.",Правила ,0,,,,
4793,Правила /Для Китайского и Корейского фонетическая транслитерация иероглифами.,Правила ,0,,,,
4794,Правила /Для Японского транслитерация катаканой,Правила ,0,,,,
4795,"Правила /Если в названии есть общипринятые термины типа Восточная, Западная, Европа, Америка и тд - Неоригинальную часть переводить, остальную транслитерировать с легкой шлифовкой по необходимости.",Правила ,0,,,,
4796,Правила /Для Китайского и Корейского фонетическая транслитерация иероглифами.,Правила ,0,,,,
4797,Правила /Для Японского транслитерация катаканой,Правила ,0,,,,
4798,"Правила /Если в названии есть общипринятые термины типа Восточная, Западная, Европа, Америка и тд - Неоригинальную часть переводить, остальную транслитерировать с легкой шлифовкой по необходимости.",Правила ,0,,,,
4799,Story_Dial/,Story_Dial,0,Приветствие после расстрела 7,,,
4800,Story_Dial/Six/Meet1/1,Story_Dial,0,Tris Acedi,,,
4801,Story_Dial/Six/Meet1/2,Story_Dial,0,Guard (player),,,
4802,Story_Dial/Six/Meet1/3,Story_Dial,0,Tris Acedi,,,
4803,Story_Dial/Six/Meet1/4,Story_Dial,0,Guard (player),,,
4804,Story_Dial/Six/Meet1/5,Story_Dial,0,Tris Acedi,,,
4805,Story_Dial/Six/Meet1/6,Story_Dial,0,Guard (player),,,
4806,Story_Dial/Six/Meet1/7,Story_Dial,0,Tris Acedi,,,
4807,Story_Dial/Six/Meet1/8,Story_Dial,0,Guard (player),,,
4808,Story_Dial/Six/Meet1/9,Story_Dial,0,Tris Acedi,,,
4809,Story_Dial/Six/Meet1/10,Story_Dial,0,Guard (player),,,
4810,Story_Dial/Six/Bye1/1,Story_Dial,0,Tris Acedi,,,
4811,Story_Dial/Six/Meet2/1,Story_Dial,0,Tris Acedi,,,
4812,Story_Dial/Six/Meet2/2,Story_Dial,0,Guard (player),,,
4813,Story_Dial/Six/Meet2/3,Story_Dial,0,Tris Acedi,,,
4814,Story_Dial/Six/Meet2/4,Story_Dial,0,Guard (player),,,
4815,Story_Dial/Six/Meet2/5,Story_Dial,0,Tris Acedi,,,
4816,Story_Dial/Six/Meet2/6,Story_Dial,0,Guard (player),,,
4817,Story_Dial/Six/Meet2/7,Story_Dial,0,Tris Acedi,,,
4818,Story_Dial/Six/Meet2/8,Story_Dial,0,Guard (player),,,
4819,Story_Dial/Six/Meet2/9,Story_Dial,0,Tris Acedi,,,
4820,Story_Dial/Six/Meet2/10,Story_Dial,0,Guard (player),,,
4821,Story_Dial/Six/Bye2/1,Story_Dial,0,Guard (player),,,
4822,Story_Dial/Six/Bye2/2,Story_Dial,0,Tris Acedi,,,
4823,Story_Dial/Six/Meet3/1,Story_Dial,0,Tris Acedi,,,
4824,Story_Dial/Six/Meet3/2,Story_Dial,0,Guard (player),,,
4825,Story_Dial/Six/Meet3/3,Story_Dial,0,Guard (player),,,
4826,Story_Dial/Six/Meet3/4,Story_Dial,0,Tris Acedi,,,
4827,Story_Dial/Six/Meet3/5,Story_Dial,0,Guard (player),,,
4828,Story_Dial/Six/Meet3/6,Story_Dial,0,Tris Acedi,,,
4829,Story_Dial/Six/Meet3/7,Story_Dial,0,Guard (player),,,
4830,Story_Dial/Six/Meet3/8,Story_Dial,0,Tris Acedi,,,
4831,Story_Dial/Six/Bye3/1,Story_Dial,0,Tris Acedi,,,
4832,Story_Dial/Six/MeetInv1/1,Story_Dial,0,Tris Acedi,,,
4833,Story_Dial/Six/MeetInv1/2,Story_Dial,0,Guard (player),,,
4834,Story_Dial/Six/MeetInv1/3,Story_Dial,0,Tris Acedi,,,
4835,Story_Dial/Six/MeetInv1/4,Story_Dial,0,Guard (player),,,
4836,Story_Dial/Six/MeetInv1/5,Story_Dial,0,Tris Acedi,,,
4837,Story_Dial/Six/MeetInv1/6,Story_Dial,0,Guard (player),,,
4838,Story_Dial/Six/MeetInv1/7,Story_Dial,0,Tris Acedi,,,
4839,Story_Dial/Six/MeetInv1/8,Story_Dial,0,Guard (player),,,
4840,Story_Dial/Six/MeetInv1/9,Story_Dial,0,Tris Acedi,,,
4841,Story_Dial/Six/ByeInv1/1,Story_Dial,0,Guard (player),,,
4842,Story_Dial/Six/ByeInv1/2,Story_Dial,0,Tris Acedi,,,
4843,Story_Dial/Six/MeetInv2/1,Story_Dial,0,Tris Acedi,,,
4844,Story_Dial/Six/MeetInv2/2,Story_Dial,0,Guard (player),,,
4845,Story_Dial/Six/MeetInv2/3,Story_Dial,0,Tris Acedi,,,
4846,Story_Dial/Six/MeetInv2/4,Story_Dial,0,Guard (player),,,
4847,Story_Dial/Six/MeetInv2/5,Story_Dial,0,Tris Acedi,,,
4848,Story_Dial/Six/MeetInv2/6,Story_Dial,0,Guard (player),,,
4849,Story_Dial/Six/MeetInv2/7,Story_Dial,0,Tris Acedi,,,
4850,Story_Dial/Six/MeetInv2/8,Story_Dial,0,Tris Acedi,,,
4851,Story_Dial/Six/ByeInv2/1,Story_Dial,0,Tris Acedi,,,
4852,Story_Dial/Six/ByeInv2/2,Story_Dial,0,Guard (player),,,
4853,Story_Dial/Six/MeetInv3/1,Story_Dial,0,Tris Acedi,,,
4854,Story_Dial/Six/MeetInv3/2,Story_Dial,0,Guard (player),,,
4855,Story_Dial/Six/MeetInv3/3,Story_Dial,0,Tris Acedi,,,
4856,Story_Dial/Six/MeetInv3/4,Story_Dial,0,Guard (player),,,
4857,Story_Dial/Six/MeetInv3/5,Story_Dial,0,Tris Acedi,,,
4858,Story_Dial/Six/MeetInv3/6,Story_Dial,0,Guard (player),,,
4859,Story_Dial/Six/MeetInv3/7,Story_Dial,0,Tris Acedi,,,
4860,Story_Dial/Six/MeetInv3/8,Story_Dial,0,Tris Acedi,,,
4861,Story_Dial/Six/MeetInv3/9,Story_Dial,0,Guard (player),,,
4862,Story_Dial/Six/MeetInv3/10,Story_Dial,0,Tris Acedi,,,
4863,Story_Dial/Six/MeetInv3/11,Story_Dial,0,Guard (player),,,
4864,Story_Dial/Six/ByeInv3/1,Story_Dial,0,Tris Acedi,,,
4865,Story_Dial/Six/MeetGray1/1,Story_Dial,0,Tris Acedi,,,
4866,Story_Dial/Six/MeetGray1/2,Story_Dial,0,Guard (player),,,
4867,Story_Dial/Six/MeetGray1/3,Story_Dial,0,Tris Acedi,,,
4868,Story_Dial/Six/MeetGray1/4,Story_Dial,0,Guard (player),,,
4869,Story_Dial/Six/MeetGray1/5,Story_Dial,0,Tris Acedi,,,
4870,Story_Dial/Six/MeetGray1/6,Story_Dial,0,Tris Acedi,,,
4871,Story_Dial/Six/MeetGray1/7,Story_Dial,0,Tris Acedi,,,
4872,Story_Dial/Six/MeetGray1/8,Story_Dial,0,Guard (player),,,
4873,Story_Dial/Six/ByeGray1/1,Story_Dial,0,Tris Acedi,,,
4874,Story_Dial/Six/MeetGray2/1,Story_Dial,0,Tris Acedi,,,
4875,Story_Dial/Six/MeetGray2/2,Story_Dial,0,Guard (player),,,
4876,Story_Dial/Six/MeetGray2/3,Story_Dial,0,Tris Acedi,,,
4877,Story_Dial/Six/MeetGray2/4,Story_Dial,0,Guard (player),,,
4878,Story_Dial/Six/MeetGray2/5,Story_Dial,0,Tris Acedi,,,
4879,Story_Dial/Six/MeetGray2/6,Story_Dial,0,Tris Acedi,,,
4880,Story_Dial/Six/MeetGray2/7,Story_Dial,0,Guard (player),,,
4881,Story_Dial/Six/MeetGray2/8,Story_Dial,0,Tris Acedi,,,
4882,Story_Dial/Six/MeetGray2/9,Story_Dial,0,Tris Acedi,,,
4883,Story_Dial/Six/ByeEnd/1,Story_Dial,0,Tris Acedi,,,
4884,Story_Dial/Six/ByeEnd/2,Story_Dial,0,Guard (player),,,
4885,Story_Dial/Six/ByeEnd/3,Story_Dial,0,Tris Acedi,,,
4886,Story_Dial/Six/ByeEnd/4,Story_Dial,0,Tris Acedi,,,
4887,Story_Dial/Six/MeetSky1/1,Story_Dial,0,Tris Acedi,,,
4888,Story_Dial/Six/MeetSky1/2,Story_Dial,0,Tris Acedi,,,
4889,Story_Dial/Six/MeetSky1/3,Story_Dial,0,Guard (player),,,
4890,Story_Dial/Six/MeetSky1/4,Story_Dial,0,Tris Acedi,,,
4891,Story_Dial/Six/MeetSky1/5,Story_Dial,0,Guard (player),,,
4892,Story_Dial/Six/MeetSky1/6,Story_Dial,0,Tris Acedi,,,
4893,Story_Dial/Six/MeetSky1/7,Story_Dial,0,Guard (player),,,
4894,Story_Dial/Six/MeetSky1/8,Story_Dial,0,Tris Acedi,,,
4895,Story_Dial/Six/MeetSky1/9,Story_Dial,0,Guard (player),,,
4896,Story_Dial/Six/MeetSky1/10,Story_Dial,0,Tris Acedi,,,
4897,Story_Dial/Six/MeetSky1/11,Story_Dial,0,Guard (player),,,
4898,Story_Dial/Six/MeetSky1/12,Story_Dial,0,Tris Acedi,,,
4899,Story_Dial/Six/MeetSky1/13,Story_Dial,0,Guard (player),,,
4900,Story_Dial/Six/MeetSky1/14,Story_Dial,0,Tris Acedi,,,
4901,Story_Dial/Six/MeetSky1/15,Story_Dial,0,Guard (player),,,
4902,Story_Dial/Six/MeetSky1/16,Story_Dial,0,Tris Acedi,,,
4903,Story_Dial/Six/ByeSky1/1,Story_Dial,0,Tris Acedi,,,
4904,Story_Dial/Six/ByeSky1/2,Story_Dial,0,Guard (player),,,
4905,Story_Dial/Six/MeetSky2/1,Story_Dial,0,Guard (player),,,
4906,Story_Dial/Six/MeetSky2/2,Story_Dial,0,Tris Acedi,,,
4907,Story_Dial/Six/MeetSky2/3,Story_Dial,0,Guard (player),,,
4908,Story_Dial/Six/MeetSky2/4,Story_Dial,0,Tris Acedi,,,
4909,Story_Dial/Six/MeetSky2/5,Story_Dial,0,Guard (player),,,
4910,Story_Dial/Six/MeetSky2/6,Story_Dial,0,Tris Acedi,,,
4911,Story_Dial/Six/MeetSky2/7,Story_Dial,0,Tris Acedi,,,
4912,Story_Dial/Six/MeetSky2/8,Story_Dial,0,Guard (player),,,
4913,Story_Dial/Six/MeetSky2/9,Story_Dial,0,Tris Acedi,,,
4914,Story_Dial/Six/MeetSky2/10,Story_Dial,0,Tris Acedi,,,
4915,Story_Dial/Six/MeetSky2/11,Story_Dial,0,Guard (player),,,
4916,Story_Dial/Six/MeetSky2/12,Story_Dial,0,Tris Acedi,,,
4917,Story_Dial/Six/MeetSky2/13,Story_Dial,0,Guard (player),,,
4918,Story_Dial/Six/MeetSky2/14,Story_Dial,0,Tris Acedi,,,
4919,Story_Dial/Six/MeetSky2/15,Story_Dial,0,Tris Acedi,,,
4920,Story_Dial/Six/MeetSky2/16,Story_Dial,0,Guard (player),,,
4921,Story_Dial/Six/MeetMech1/1,Story_Dial,0,Tris Acedi,,,
4922,Story_Dial/Six/MeetMech1/2,Story_Dial,0,Guard (player),,,
4923,Story_Dial/Six/MeetMech1/3,Story_Dial,0,Tris Acedi,,,
4924,Story_Dial/Six/MeetMech1/4,Story_Dial,0,Guard (player),,,
4925,Story_Dial/Six/MeetMech1/5,Story_Dial,0,Tris Acedi,,,
4926,Story_Dial/Six/MeetMech1/6,Story_Dial,0,Guard (player),,,
4927,Story_Dial/Six/MeetMech1/7,Story_Dial,0,Tris Acedi,,,
4928,Story_Dial/Six/MeetMech1/8,Story_Dial,0,Guard (player),,,
4929,Story_Dial/Six/MeetMech1/9,Story_Dial,0,Tris Acedi,,,
4930,Story_Dial/Six/MeetMech1/10,Story_Dial,0,Guard (player),,,
4931,Story_Dial/Six/MeetMech1/11,Story_Dial,0,Tris Acedi,,,
4932,Story_Dial/Six/MeetMech1/12,Story_Dial,0,Guard (player),,,
4933,Story_Dial/Six/MeetMech1/13,Story_Dial,0,Tris Acedi,,,
4934,Story_Dial/Six/ByeMech1/1,Story_Dial,0,Tris Acedi,,,
4935,Story_Dial/Six/MeetMech2/1,Story_Dial,0,Tris Acedi,,,
4936,Story_Dial/Six/MeetMech2/2,Story_Dial,0,Guard (player),,,
4937,Story_Dial/Six/MeetMech2/3,Story_Dial,0,Tris Acedi,,,
4938,Story_Dial/Six/MeetMech2/4,Story_Dial,0,Tris Acedi,,,
4939,Story_Dial/Six/MeetMech2/5,Story_Dial,0,Guard (player),,,
4940,Story_Dial/Six/MeetMech2/6,Story_Dial,0,Tris Acedi,,,
4941,Story_Dial/Six/MeetMech2/7,Story_Dial,0,Guard (player),,,
4942,Story_Dial/Six/MeetMech2/8,Story_Dial,0,Tris Acedi,,,
4943,Story_Dial/Six/MeetMech2/9,Story_Dial,0,Guard (player),,,
4944,Story_Dial/Six/MeetMech2/10,Story_Dial,0,Tris Acedi,,,
4945,Story_Dial/Six/MeetCult1/1,Story_Dial,0,Tris Acedi,,,
4946,Story_Dial/Six/MeetCult1/2,Story_Dial,0,Guard (player),,,
4947,Story_Dial/Six/MeetCult1/3,Story_Dial,0,Tris Acedi,,,
4948,Story_Dial/Six/MeetCult1/4,Story_Dial,0,Guard (player),,,
4949,Story_Dial/Six/MeetCult1/5,Story_Dial,0,Tris Acedi,,,
4950,Story_Dial/Six/MeetCult1/6,Story_Dial,0,Guard (player),,,
4951,Story_Dial/Six/MeetCult1/7,Story_Dial,0,Tris Acedi,,,
4952,Story_Dial/Six/MeetCult1/8,Story_Dial,0,Guard (player),,,
4953,Story_Dial/Six/MeetCult1/9,Story_Dial,0,Tris Acedi,,,
4954,Story_Dial/Six/MeetCult1/10,Story_Dial,0,Guard (player),,,
4955,Story_Dial/Six/MeetCult1/11,Story_Dial,0,Tris Acedi,,,
4956,Story_Dial/Six/MeetCult1/12,Story_Dial,0,Guard (player),,,
4957,Story_Dial/Six/MeetCult1/13,Story_Dial,0,Guard (player),,,
4958,Story_Dial/Six/MeetCult1/14,Story_Dial,0,Tris Acedi,,,
4959,Story_Dial/Six/MeetCult1/15,Story_Dial,0,Guard (player),,,
4960,Story_Dial/Six/ByeCult1/1,Story_Dial,0,Tris Acedi,,,
4961,Story_Dial/Six/ByeCult1/2,Story_Dial,0,Guard (player),,,
4962,Story_Dial/Six/MeetCult2/1,Story_Dial,0,Tris Acedi,,,
4963,Story_Dial/Six/MeetCult2/2,Story_Dial,0,Guard (player),,,
4964,Story_Dial/Six/MeetCult2/3,Story_Dial,0,Tris Acedi,,,
4965,Story_Dial/Six/MeetCult2/4,Story_Dial,0,Guard (player),,,
4966,Story_Dial/Six/MeetCult2/5,Story_Dial,0,Tris Acedi,,,
4967,Story_Dial/Six/MeetCult2/6,Story_Dial,0,Guard (player),,,
4968,Story_Dial/Six/MeetCult2/7,Story_Dial,0,Tris Acedi,,,
4969,Story_Dial/Six/MeetCult2/8,Story_Dial,0,Guard (player),,,
4970,Story_Dial/Six/MeetCult2/9,Story_Dial,0,Tris Acedi,,,
4971,Story_Dial/Six/MeetCult2/10,Story_Dial,0,Guard (player),,,
4972,Story_Dial/Six/MeetCult2/11,Story_Dial,0,Tris Acedi,,,
4973,Story_Dial/Six/MeetCult2/12,Story_Dial,0,Guard (player),,,
4974,Story_Dial/Six/MeetCult2/13,Story_Dial,0,Tris Acedi,,,
4975,Story_Dial/Six/MeetCult2/14,Story_Dial,0,Tris Acedi,,,
4976,Story_Dial/Six/ByeCult2/1,Story_Dial,0,Guard (player),,,
4977,Story_Dial/Six/ByeCult2/2,Story_Dial,0,Tris Acedi,,,
4978,Story_Dial/Six/MeetCult3/1,Story_Dial,0,Tris Acedi,,,
4979,Story_Dial/Six/MeetCult3/2,Story_Dial,0,Guard (player),,,
4980,Story_Dial/Six/MeetCult3/3,Story_Dial,0,Tris Acedi,,,
4981,Story_Dial/Six/MeetCult3/4,Story_Dial,0,Guard (player),,,
4982,Story_Dial/Six/MeetCult3/5,Story_Dial,0,Tris Acedi,,,
4983,Story_Dial/Six/MeetCult3/6,Story_Dial,0,Guard (player),,,
4984,Story_Dial/Six/MeetCult3/7,Story_Dial,0,Tris Acedi,,,
4985,Story_Dial/Six/MeetCult3/8,Story_Dial,0,Tris Acedi,,,
4986,Story_Dial/Six/ByeCult3/1,Story_Dial,0,Tris Acedi,,,
4987,Story_Dial/Six/MeetSata1/1,Story_Dial,0,Tris Acedi,,,
4988,Story_Dial/Six/MeetSata1/2,Story_Dial,0,Guard (player),,,
4989,Story_Dial/Six/MeetSata1/3,Story_Dial,0,Tris Acedi,,,
4990,Story_Dial/Six/MeetSata1/4,Story_Dial,0,Tris Acedi,,,
4991,Story_Dial/Six/MeetSata1/5,Story_Dial,0,Guard (player),,,
4992,Story_Dial/Six/MeetSata1/6,Story_Dial,0,Tris Acedi,,,
4993,Story_Dial/Six/MeetSata1/7,Story_Dial,0,Guard (player),,,
4994,Story_Dial/Six/MeetSata1/8,Story_Dial,0,Tris Acedi,,,
4995,Story_Dial/Six/MeetSata1/9,Story_Dial,0,Tris Acedi,,,
4996,Story_Dial/Six/MeetSata1/10,Story_Dial,0,Guard (player),,,
4997,Story_Dial/Six/MeetSata1/11,Story_Dial,0,Tris Acedi,,,
4998,Story_Dial/Six/MeetSata1/12,Story_Dial,0,Tris Acedi,,,
4999,Story_Dial/Six/ByeSata1/1,Story_Dial,0,Guard (player),,,
5000,Story_Dial/Six/ByeSata1/2,Story_Dial,0,Tris Acedi,,,
5001,Story_Dial/Six/MeetSata2/1,Story_Dial,0,Tris Acedi,,,
5002,Story_Dial/Six/MeetSata2/2,Story_Dial,0,Guard (player),,,
5003,Story_Dial/Six/MeetSata2/3,Story_Dial,0,Tris Acedi,,,
5004,Story_Dial/Six/MeetSata2/4,Story_Dial,0,Tris Acedi,,,
5005,Story_Dial/Six/MeetSata2/5,Story_Dial,0,Guard (player),,,
5006,Story_Dial/Six/MeetSata2/6,Story_Dial,0,Tris Acedi,,,
5007,Story_Dial/Six/MeetSata2/7,Story_Dial,0,Guard (player),,,
5008,Story_Dial/Six/MeetSata2/8,Story_Dial,0,Tris Acedi,,,
5009,Story_Dial/Six/MeetSata2/9,Story_Dial,0,Tris Acedi,,,
5010,Story_Dial/Six/MeetSata2/10,Story_Dial,0,Tris Acedi,,,
5011,Story_Dial/Six/MeetSata2/11,Story_Dial,0,Guard (player),,,
5012,Story_Dial/Six/MeetSata2/12,Story_Dial,0,Tris Acedi,,,
5013,Story_Dial/Six/MeetSata2/13,Story_Dial,0,Tris Acedi,,,
5014,Story_Dial/Six/MeetMag1/1,Story_Dial,0,Tris Acedi,,,
5015,Story_Dial/Six/MeetMag1/2,Story_Dial,0,Guard (player),,,
5016,Story_Dial/Six/MeetMag1/3,Story_Dial,0,Tris Acedi,,,
5017,Story_Dial/Six/MeetMag1/4,Story_Dial,0,Tris Acedi,,,
5018,Story_Dial/Six/MeetMag1/5,Story_Dial,0,Guard (player),,,
5019,Story_Dial/Six/MeetMag1/6,Story_Dial,0,Tris Acedi,,,
5020,Story_Dial/Six/MeetMag1/7,Story_Dial,0,Guard (player),,,
5021,Story_Dial/Six/MeetMag1/8,Story_Dial,0,Tris Acedi,,,
5022,Story_Dial/Six/MeetMag1/9,Story_Dial,0,Guard (player),,,
5023,Story_Dial/Six/MeetMag1/10,Story_Dial,0,Tris Acedi,,,
5024,Story_Dial/Six/MeetMag1/11,Story_Dial,0,Guard (player),,,
5025,Story_Dial/Six/MeetMag1/12,Story_Dial,0,Tris Acedi,,,
5026,Story_Dial/Six/MeetMag1/13,Story_Dial,0,Guard (player),,,
5027,Story_Dial/Six/MeetMag1/14,Story_Dial,0,Tris Acedi,,,
5028,Story_Dial/Six/ByeMag1/1,Story_Dial,0,Tris Acedi,,,
5029,Story_Dial/Six/ByeMag1/2,Story_Dial,0,Guard (player),,,
5030,Story_Dial/Six/MeetMag2/1,Story_Dial,0,Tris Acedi,,,
5031,Story_Dial/Six/MeetMag2/2,Story_Dial,0,Guard (player),,,
5032,Story_Dial/Six/MeetMag2/3,Story_Dial,0,Tris Acedi,,,
5033,Story_Dial/Six/MeetMag2/4,Story_Dial,0,Guard (player),,,
5034,Story_Dial/Six/MeetMag2/5,Story_Dial,0,Tris Acedi,,,
5035,Story_Dial/Six/MeetMag2/6,Story_Dial,0,Guard (player),,,
5036,Story_Dial/Six/MeetMag2/7,Story_Dial,0,Tris Acedi,,,
5037,Story_Dial/Six/MeetMag2/8,Story_Dial,0,Guard (player),,,
5038,Story_Dial/Six/MeetMag2/9,Story_Dial,0,Tris Acedi,,,
5039,Story_Dial/Six/MeetMag2/10,Story_Dial,0,Guard (player),,,
5040,Story_Dial/Six/MeetMag2/11,Story_Dial,0,Tris Acedi,,,
5041,Story_Dial/Six/MeetMag2/12,Story_Dial,0,Tris Acedi,,,
5042,Story_Dial/Six/MeetMag2/13,Story_Dial,0,Tris Acedi,,,
5043,Story_Dial/Six/MeetTran1/1,Story_Dial,0,Tris Acedi,,,
5044,Story_Dial/Six/MeetTran1/2,Story_Dial,0,Guard (player),,,
5045,Story_Dial/Six/MeetTran1/3,Story_Dial,0,Tris Acedi,,,
5046,Story_Dial/Six/MeetTran1/4,Story_Dial,0,Guard (player),,,
5047,Story_Dial/Six/MeetTran1/5,Story_Dial,0,Tris Acedi,,,
5048,Story_Dial/Six/MeetTran1/6,Story_Dial,0,Guard (player),,,
5049,Story_Dial/Six/MeetTran1/7,Story_Dial,0,Tris Acedi,,,
5050,Story_Dial/Six/MeetTran1/8,Story_Dial,0,Tris Acedi,,,
5051,Story_Dial/Six/ByeTran1/1,Story_Dial,0,Tris Acedi,,,
5052,Story_Dial/Six/MeetTran2/1,Story_Dial,0,Guard (player),,,
5053,Story_Dial/Six/MeetTran2/2,Story_Dial,0,Tris Acedi,,,
5054,Story_Dial/Six/MeetTran2/3,Story_Dial,0,Tris Acedi,,,
5055,Story_Dial/Six/MeetTran2/4,Story_Dial,0,Tris Acedi,,,
5056,Story_Dial/Six/MeetTran2/5,Story_Dial,0,Guard (player),,,
5057,Story_Dial/Six/MeetTran2/6,Story_Dial,0,Tris Acedi,,,
5058,Story_Dial/Six/MeetTran2/7,Story_Dial,0,Tris Acedi,,,
5059,Story_Dial/Six/MeetTran2/8,Story_Dial,0,Guard (player),,,
5060,Story_Dial/Six/MeetTran2/9,Story_Dial,0,Tris Acedi,,,
5061,Story_Dial/Six/MeetTran2/10,Story_Dial,0,Tris Acedi,,,
5062,Story_Dial/Six/MeetZomb1/1,Story_Dial,0,Tris Acedi,,,
5063,Story_Dial/Six/MeetZomb1/2,Story_Dial,0,Guard (player),,,
5064,Story_Dial/Six/MeetZomb1/3,Story_Dial,0,Tris Acedi,,,
5065,Story_Dial/Six/MeetZomb1/4,Story_Dial,0,Guard (player),,,
5066,Story_Dial/Six/MeetZomb1/5,Story_Dial,0,Tris Acedi,,,
5067,Story_Dial/Six/MeetZomb1/6,Story_Dial,0,Guard (player),,,
5068,Story_Dial/Six/MeetZomb1/7,Story_Dial,0,Tris Acedi,,,
5069,Story_Dial/Six/MeetZomb1/8,Story_Dial,0,Guard (player),,,
5070,Story_Dial/Six/MeetZomb1/9,Story_Dial,0,Tris Acedi,,,
5071,Story_Dial/Six/MeetZomb1/10,Story_Dial,0,Guard (player),,,
5072,Story_Dial/Six/MeetZomb1/11,Story_Dial,0,Tris Acedi,,,
5073,Story_Dial/Six/MeetZomb1/12,Story_Dial,0,Guard (player),,,
5074,Story_Dial/Six/ByeZomb1/1,Story_Dial,0,Tris Acedi,,,
5075,Story_Dial/Six/MeetZomb2/1,Story_Dial,0,Tris Acedi,,,
5076,Story_Dial/Six/MeetZomb2/2,Story_Dial,0,Guard (player),,,
5077,Story_Dial/Six/MeetZomb2/3,Story_Dial,0,Tris Acedi,,,
5078,Story_Dial/Six/MeetZomb2/4,Story_Dial,0,Guard (player),,,
5079,Story_Dial/Six/MeetZomb2/5,Story_Dial,0,Tris Acedi,,,
5080,Story_Dial/Six/MeetZomb2/6,Story_Dial,0,Guard (player),,,
5081,Story_Dial/Six/MeetZomb2/7,Story_Dial,0,Tris Acedi,,,
5082,Story_Dial/Six/MeetZomb2/8,Story_Dial,0,Guard (player),,,
5083,Story_Dial/Six/MeetZomb2/9,Story_Dial,0,Tris Acedi,,,
5084,Story_Dial/Six/ByeZomb2/1,Story_Dial,0,Guard (player),,,
5085,Story_Dial/Six/MeetZomb3/1,Story_Dial,0,Tris Acedi,,,
5086,Story_Dial/Six/MeetZomb3/2,Story_Dial,0,Guard (player),,,
5087,Story_Dial/Six/MeetZomb3/3,Story_Dial,0,Guard (player),,,
5088,Story_Dial/Six/MeetZomb3/4,Story_Dial,0,Tris Acedi,,,
5089,Story_Dial/Six/MeetZomb3/5,Story_Dial,0,Guard (player),,,
5090,Story_Dial/Six/MeetZomb3/6,Story_Dial,0,Tris Acedi,,,
5091,Story_Dial/Six/MeetZomb3/7,Story_Dial,0,Guard (player),,,
5092,Story_Dial/Six/MeetZomb3/8,Story_Dial,0,Tris Acedi,,,
5093,Story_Dial/Six/MeetZomb3/9,Story_Dial,0,Guard (player),,,
5094,Story_Dial/Six/ByeZomb3/1,Story_Dial,0,Guard (player),,,
5095,Story_Dial/Six/MeetPsy1/1,Story_Dial,0,Tris Acedi,,,
5096,Story_Dial/Six/MeetPsy1/2,Story_Dial,0,Guard (player),,,
5097,Story_Dial/Six/MeetPsy1/3,Story_Dial,0,Tris Acedi,,,
5098,Story_Dial/Six/MeetPsy1/4,Story_Dial,0,Guard (player),,,
5099,Story_Dial/Six/MeetPsy1/5,Story_Dial,0,Tris Acedi,,,
5100,Story_Dial/Six/MeetPsy1/6,Story_Dial,0,Tris Acedi,,,
5101,Story_Dial/Six/MeetPsy1/7,Story_Dial,0,Guard (player),,,
5102,Story_Dial/Six/MeetPsy1/8,Story_Dial,0,Tris Acedi,,,
5103,Story_Dial/Six/MeetPsy1/9,Story_Dial,0,Guard (player),,,
5104,Story_Dial/Six/MeetPsy1/10,Story_Dial,0,Tris Acedi,,,
5105,Story_Dial/Six/ByePsy1/1,Story_Dial,0,Tris Acedi,,,
5106,Story_Dial/Six/MeetPsy2/1,Story_Dial,0,Tris Acedi,,,
5107,Story_Dial/Six/MeetPsy2/2,Story_Dial,0,Guard (player),,,
5108,Story_Dial/Six/MeetPsy2/3,Story_Dial,0,Tris Acedi,,,
5109,Story_Dial/Six/MeetPsy2/4,Story_Dial,0,Guard (player),,,
5110,Story_Dial/Six/MeetPsy2/5,Story_Dial,0,Tris Acedi,,,
5111,Story_Dial/Six/MeetPsy2/6,Story_Dial,0,Tris Acedi,,,
5112,Story_Dial/Six/MeetPsy2/7,Story_Dial,0,Guard (player),,,
5113,Story_Dial/Six/MeetPsy2/8,Story_Dial,0,Tris Acedi,,,
5114,Story_Dial/Six/MeetPsy2/9,Story_Dial,0,Guard (player),,,
5115,Story_Dial/Six/MeetPsy2/10,Story_Dial,0,Tris Acedi,,,
5116,Story_Dial/Six/MeetPsy2/11,Story_Dial,0,Guard (player),,,
5117,Story_Dial/Six/MeetPsy2/12,Story_Dial,0,Guard (player),,,
5118,Story_Dial/Six/MeetPsy2/13,Story_Dial,0,Tris Acedi,,,
5119,Story_Dial/Six/MeetChip1/1,Story_Dial,0,Tris Acedi,,,
5120,Story_Dial/Six/MeetChip1/2,Story_Dial,0,Guard (player),,,
5121,Story_Dial/Six/MeetChip1/3,Story_Dial,0,Tris Acedi,,,
5122,Story_Dial/Six/MeetChip1/4,Story_Dial,0,Guard (player),,,
5123,Story_Dial/Six/MeetChip1/5,Story_Dial,0,Guard (player),,,
5124,Story_Dial/Six/MeetChip1/6,Story_Dial,0,Tris Acedi,,,
5125,Story_Dial/Six/MeetChip1/7,Story_Dial,0,Guard (player),,,
5126,Story_Dial/Six/MeetChip1/8,Story_Dial,0,Tris Acedi,,,
5127,Story_Dial/Six/MeetChip1/9,Story_Dial,0,Guard (player),,,
5128,Story_Dial/Six/MeetChip1/10,Story_Dial,0,Tris Acedi,,,
5129,Story_Dial/Six/ByeChip1/1,Story_Dial,0,Tris Acedi,,,
5130,Story_Dial/Six/MeetChip2/1,Story_Dial,0,Tris Acedi,,,
5131,Story_Dial/Six/MeetChip2/2,Story_Dial,0,Guard (player),,,
5132,Story_Dial/Six/MeetChip2/3,Story_Dial,0,Tris Acedi,,,
5133,Story_Dial/Six/MeetChip2/4,Story_Dial,0,Guard (player),,,
5134,Story_Dial/Six/MeetChip2/5,Story_Dial,0,Tris Acedi,,,
5135,Story_Dial/Six/MeetChip2/6,Story_Dial,0,Tris Acedi,,,
5136,Story_Dial/Six/MeetChip2/7,Story_Dial,0,Guard (player),,,
5137,Story_Dial/Six/MeetChip2/8,Story_Dial,0,Tris Acedi,,,
5138,Story_Dial/Six/MeetChip2/9,Story_Dial,0,Tris Acedi,,,
5139,Story_Dial/Six/MeetChip2/10,Story_Dial,0,Guard (player),,,
5140,Story_Dial/Six/MeetChip2/11,Story_Dial,0,Tris Acedi,,,
5141,Story_Dial/Six/MeetChip2/12,Story_Dial,0,Tris Acedi,,,
5142,Story_Dial/Six/MeetChip2/13,Story_Dial,0,Guard (player),,,
5143,Story_Dial/Six/MeetChip2/14,Story_Dial,0,Tris Acedi,,,
5144,Story_Dial/Six/MeetInsect1/1,Story_Dial,0,Tris Acedi,,,
5145,Story_Dial/Six/MeetInsect1/2,Story_Dial,0,Guard (player),,,
5146,Story_Dial/Six/MeetInsect1/3,Story_Dial,0,Tris Acedi,,,
5147,Story_Dial/Six/MeetInsect1/4,Story_Dial,0,Tris Acedi,,,
5148,Story_Dial/Six/MeetInsect1/5,Story_Dial,0,Guard (player),,,
5149,Story_Dial/Six/MeetInsect1/6,Story_Dial,0,Tris Acedi,,,
5150,Story_Dial/Six/MeetInsect1/7,Story_Dial,0,Tris Acedi,,,
5151,Story_Dial/Six/MeetInsect1/8,Story_Dial,0,Tris Acedi,,,
5152,Story_Dial/Six/MeetInsect1/9,Story_Dial,0,Guard (player),,,
5153,Story_Dial/Six/MeetInsect1/10,Story_Dial,0,Tris Acedi,,,
5154,Story_Dial/Six/ByeInsect1/1,Story_Dial,0,Tris Acedi,,,
5155,Story_Dial/Six/MeetInsect2/1,Story_Dial,0,Guard (player),,,
5156,Story_Dial/Six/MeetInsect2/2,Story_Dial,0,Tris Acedi,,,
5157,Story_Dial/Six/MeetInsect2/3,Story_Dial,0,Tris Acedi,,,
5158,Story_Dial/Six/MeetInsect2/4,Story_Dial,0,Guard (player),,,
5159,Story_Dial/Six/MeetInsect2/5,Story_Dial,0,Tris Acedi,,,
5160,Story_Dial/Six/MeetInsect2/6,Story_Dial,0,Tris Acedi,,,
5161,Story_Dial/Six/MeetInsect2/7,Story_Dial,0,Guard (player),,,
5162,Story_Dial/Six/MeetInsect2/8,Story_Dial,0,Tris Acedi,,,
5163,Story_Dial/Six/MeetInsect2/9,Story_Dial,0,Tris Acedi,,,
5164,Story_Dial/Six/MeetInsect2/10,Story_Dial,0,Tris Acedi,,,
5165,Story_Dial/Six/Deni/1,Story_Dial,0,Guard (player),,,
5166,Story_Dial/Six/Deni/2,Story_Dial,0,Tris Acedi,,,
5167,Story_Dial/Six/Kill/1,Story_Dial,0,Tris Acedi,,,
5168,Story_Dial/Six/HiAfterDeath1/1,Story_Dial,0,Guard (player),,,
5169,Story_Dial/Six/HiAfterDeath1/2,Story_Dial,0,Tris Acedi,,,
5170,Story_Dial/Six/HiAfterDeath1/3,Story_Dial,0,Guard (player),,,
5171,Story_Dial/Six/HiAfterDeath1/4,Story_Dial,0,Tris Acedi,,,
5172,Story_Dial/Six/HiAfterDeath2/1,Story_Dial,0,Tris Acedi,,,
5173,Story_Dial/Six/HiAfterDeath2/2,Story_Dial,0,Guard (player),,,
5174,Story_Dial/Six/HiAfterDeath3/1,Story_Dial,0,Tris Acedi,,,
5175,Story_Dial/Six/HiAfterDeath3/2,Story_Dial,0,Guard (player),,,
5176,Story_Dial/Six/HiAfterDeath3/3,Story_Dial,0,Tris Acedi,,,
5177,Story_Dial/Six/HiAfterDeath4/1,Story_Dial,0,Tris Acedi,,,
5178,Story_Dial/Six/HiAfterDeath4/2,Story_Dial,0,Guard (player),,,
5179,Story_Dial/Six/HiAfterDeath5/1,Story_Dial,0,Tris Acedi,,,
5180,Story_Dial/Six/HiAfterDeath5/2,Story_Dial,0,Guard (player),,,
5181,Story_Dial/Six/HiAfterDeath6/1,Story_Dial,0,Tris Acedi,,,
5182,Story_Dial/Six/HiAfterDeath6/2,Story_Dial,0,Guard (player),,,
5183,Story_Dial/Six/HiAfterDeath7/1,Story_Dial,0,Tris Acedi,,,
5184,Story_Dial/Six/HiAfterDeath7/2,Story_Dial,0,Guard (player),,,
5185,Story_Dial/Six/HiAfterDeath7/3,Story_Dial,0,Tris Acedi,,,
5186,Doc_Loc/DВ_Scientist01_Name,Doc_Loc,0,,Jace Pinker,,
5187,Правила /Для Китайского и Корейского фонетическая транслитерация иероглифами.,Правила ,0,,,,
5188,Правила /Для Японского транслитерация катаканой,Правила ,0,,,,
5189,"Правила /Если в названии есть общипринятые термины типа Восточная, Западная, Европа, Америка и тд - Неоригинальную часть переводить, остальную транслитерировать с легкой шлифовкой по необходимости.",Правила ,0,,,,
5190,Правила /Для Китайского и Корейского фонетическая транслитерация иероглифами.,Правила ,0,,,,
5191,Правила /Для Японского транслитерация катаканой,Правила ,0,,,,
5192,"Правила /Если в названии есть общипринятые термины типа Восточная, Западная, Европа, Америка и тд - Неоригинальную часть переводить, остальную транслитерировать с легкой шлифовкой по необходимости.",Правила ,0,,,,
5193,CoordinatorReplics/DB_Scientist01_Start_01,CoordinatorReplics,0,,"Oh, so you're the new guard everyone's been talking about?",,
5194,CoordinatorReplics/DB_Scientist01_Start_02,CoordinatorReplics,0,,Who's been talking?,,
5195,CoordinatorReplics/DB_Scientist01_Start_03,CoordinatorReplics,0,,"Everyone! My colleagues, the walls, the voices in my head! Just kidding! Walls can't talk!",,
5196,CoordinatorReplics/DB_Scientist01_Start_04,CoordinatorReplics,0,,And who exactly are you?,,
5197,CoordinatorReplics/DB_Scientist01_Start_05,CoordinatorReplics,0,,"Oh, my name is Walter Weiss. But my colleagues call me Doctor Geiserveldt.",,
5198,CoordinatorReplics/DB_Scientist01_Start_06,CoordinatorReplics,0,,That's a rather... unusual name.,,
5199,CoordinatorReplics/DB_Scientist01_Start_07,CoordinatorReplics,0,,"Thank you. Well, I'm actually here with a small request, and a very well-paid one at that!",,
5200,CoordinatorReplics/DB_Scientist01_Start_08,CoordinatorReplics,0,,It's very important to me that this young man clear your thorough screening.,,
5201,CoordinatorReplics/DB_Scientist01_Start_09,CoordinatorReplics,0,,I can't promise anything.,,
5202,CoordinatorReplics/DB_Scientist01_Start_10,CoordinatorReplics,0,,"And I'm not asking you to! Well, I won't keep you!",,
5203,CoordinatorReplics/DB_Scientist01_Success_01,CoordinatorReplics,0,,"Guard! I knew you and I would get along! As promised, a token of my sincere gratitude.",,
5204,CoordinatorReplics/DB_Scientist01_Success_02,CoordinatorReplics,0,,Happy to help.,,
5205,CoordinatorReplics/DB_Scientist01_Success_03,CoordinatorReplics,0,,"You know, there's a saying: similia similibus curantur. Like cures like.",,
5206,CoordinatorReplics/DB_Scientist01_Success_04,CoordinatorReplics,0,,And what are you getting at?,,
5207,CoordinatorReplics/DB_Scientist01_Success_05,CoordinatorReplics,0,,"I mean the cure for an unknown infection may turn out to be a perfectly well-known one. Parasites, fungi... the point is to study them! Science, goddammit! Anyway, I have to run...",,
5208,CoordinatorReplics/DB_Scientist01_Fail_01,CoordinatorReplics,0,,I thought you and I had an understanding...,,
5209,CoordinatorReplics/DB_Scientist01_Fail_02,CoordinatorReplics,0,,Rules are rules.,,
5210,CoordinatorReplics/DB_Scientist01_Fail_03,CoordinatorReplics,0,,"True enough. Well, I'll be knocking on your door again, so to speak. Be seeing you!",,
5211,CoordinatorReplics/DB_Scientist02_Start_01,CoordinatorReplics,0,,"We meet again, guard! I must report at once that a monstrous error has been made! Your instructions require you to... stop anyone with a skull mark on their papers.",,
5212,CoordinatorReplics/DB_Scientist02_Start_02,CoordinatorReplics,0,,That's correct.,,
5213,CoordinatorReplics/DB_Scientist02_Start_03,CoordinatorReplics,0,,"However, I need those people downstairs in one piece, not in a body bag, so to speak! So please, let them through without the usual... formalities.",,
5214,CoordinatorReplics/DB_Scientist02_Start_04,CoordinatorReplics,0,,I can't promise anything.,,
5215,CoordinatorReplics/DB_Scientist02_Success_01,CoordinatorReplics,0,,I'm glad you're someone I can rely on.,,
5216,CoordinatorReplics/DB_Scientist02_Success_02,CoordinatorReplics,0,,"You know, all this mysticism, the rituals... as a scientist I'm against all of it. But those blue glycosynthium crystals... there really is something magical about them!",,
5217,CoordinatorReplics/DB_Scientist02_Success_03,CoordinatorReplics,0,,"What are those crystals, anyway?",,
5218,CoordinatorReplics/DB_Scientist02_Success_04,CoordinatorReplics,0,,"Roughly speaking, the crystals are a very particular form of carbohydrate. Some colleagues believe they can be used to create... a primitive life form of sorts.",,
5219,CoordinatorReplics/DB_Scientist02_Success_05,CoordinatorReplics,0,,"Obedient, controllable, and strong enough to solve a certain problem that's brewing. Anyway, I have to run. Try not to get sick.",,
5220,CoordinatorReplics/DB_Scientist02_Fail_01,CoordinatorReplics,0,,I'm afraid I'm disappointed.,,
5221,CoordinatorReplics/DB_Scientist02_Fail_02,CoordinatorReplics,0,,I didn't promise you anything.,,
5222,CoordinatorReplics/DB_Scientist02_Fail_03,CoordinatorReplics,0,,Fair enough. Try not to get sick.,,
5223,CoordinatorReplics/DB_Scientist03_Success_01,CoordinatorReplics,0,,"Still, people are a lot more reliable than that nondescript gray substance.",,
5224,CoordinatorReplics/DB_Scientist03_Success_02,CoordinatorReplics,0,,And what IS that gray goo?,,
5225,CoordinatorReplics/DB_Scientist03_Success_03,CoordinatorReplics,0,,"Ferrosludge? Put simply, it's the offspring of a sinful union between liquid metal and a computer. Imagine mercury you could program.",,
5226,CoordinatorReplics/DB_Scientist03_Success_04,CoordinatorReplics,0,,"Who knows, maybe one day we'll mold something human-shaped out of it. Never tires, pours itself straight through a chain-link fence... Liquid nitrogen, though. That could be a problem.",,
5227,CoordinatorReplics/DB_Scientist03_Success_05,CoordinatorReplics,0,,"Well, I've talked your ear off. Good day to you.",,
5228,CoordinatorReplics/DB_Scientist04_Success_01,CoordinatorReplics,0,,These damned insects are going to drive me out of my mind!,,
5229,CoordinatorReplics/DB_Scientist04_Success_02,CoordinatorReplics,0,,You mean the giant locust?,,
5230,CoordinatorReplics/DB_Scientist04_Success_03,CoordinatorReplics,0,,"Who else would I mean? The lab techs affectionately call it the corpse-eater. Those creatures really do help with our little necro-problem, but God, they are vile...",,
5231,CoordinatorReplics/DB_Scientist04_Success_04,CoordinatorReplics,0,,"Well, I've talked your ear off. See you around.",,
5232,CoordinatorReplics/DB_Army01_Start_01,CoordinatorReplics,0,,Attention!,,
5233,CoordinatorReplics/DB_Army01_Start_02,CoordinatorReplics,0,,Quiet!,,
5234,CoordinatorReplics/DB_Army01_Start_03,CoordinatorReplics,0,,Identify yourself!,,
5235,CoordinatorReplics/DB_Army01_Start_04,CoordinatorReplics,0,,Report!,,
5236,CoordinatorReplics/DB_Army01_Start_05,CoordinatorReplics,0,,Answer me!,,
5237,CoordinatorReplics/DB_Army01_Start_06,CoordinatorReplics,0,,"Guard {0}! Working the work, sir!",{0},
5238,CoordinatorReplics/DB_Army01_Start_07,CoordinatorReplics,0,,"Good answer, guard! Now listen up. Your country needs you to do your duty today even better than your instructions require!",,
5239,CoordinatorReplics/DB_Army01_Start_08,CoordinatorReplics,0,,But the Supervisor said that...,,
5240,CoordinatorReplics/DB_Army01_Start_09,CoordinatorReplics,0,,"That pretty boy doesn't know the first thing about security! Skin anomalies call for the most serious measures, not just ""denied access""! You see anomalies on the skin, you call security, son!",,
5241,CoordinatorReplics/DB_Army01_Start_10,CoordinatorReplics,0,,But the instructions...,,
5242,CoordinatorReplics/DB_Army01_Start_11,CoordinatorReplics,0,,That's an order!,,
5243,CoordinatorReplics/DB_Army01_Success_01,CoordinatorReplics,0,,"Excellent work, son! Here's your compensation for those idiotic fines!",,
5244,CoordinatorReplics/DB_Army01_Success_02,CoordinatorReplics,0,,"Glad to serve, sir!",,
5245,CoordinatorReplics/DB_Army01_Success_03,CoordinatorReplics,0,,"Excellent! And remember: the only things that will help us fight this disease are lead and advanced technology. Mushrooms, worms—that's all egghead nonsense!",,
5246,CoordinatorReplics/DB_Army01_Success_04,CoordinatorReplics,0,,"And these techno-gizmos, they're not dangerous?",,
5247,CoordinatorReplics/DB_Army01_Success_05,CoordinatorReplics,0,,"Of course they're dangerous! Like any other weapon. It all depends on whose hands it's in and whom it's pointed at. Anyway, no time to stand around jawing. At ease!",,
5248,CoordinatorReplics/DB_Army01_Fail_01,CoordinatorReplics,0,,I'm disappointed! From now on I expect a lot more hustle out of you!,,
5249,CoordinatorReplics/DB_Army01_Fail_02,CoordinatorReplics,0,,But I...,,
5250,CoordinatorReplics/DB_Army01_Fail_03,CoordinatorReplics,0,,Save your excuses! At ease!,,
5251,CoordinatorReplics/DB_Army02_Start_01,CoordinatorReplics,0,,"At ease, guard! I'll be brief: I need you to photograph every visitor coming in!",,
5252,CoordinatorReplics/DB_Army02_Start_02,CoordinatorReplics,0,,But there's nothing about that in the instructions...,,
5253,CoordinatorReplics/DB_Army02_Start_03,CoordinatorReplics,0,,Because the instructions are written by people with their brains on sideways! New ones every day. Complete insanity!,,
5254,CoordinatorReplics/DB_Army02_Start_04,CoordinatorReplics,0,,"But never mind, I'll bring order to this place yet! And for that I need photographs of everyone: man, spider, alien, anyone at all! Do it!",,
5255,CoordinatorReplics/DB_Army02_Success_01,CoordinatorReplics,0,,"Excellent work! Here, reimbursement for the film.",,
5256,CoordinatorReplics/DB_Army02_Success_02,CoordinatorReplics,0,,It was no trouble at all...,,
5257,CoordinatorReplics/DB_Army02_Success_03,CoordinatorReplics,0,,"You know how to follow orders, and I appreciate that. Let's hope the Steel Units prove just as dutiful.",,
5258,CoordinatorReplics/DB_Army02_Success_04,CoordinatorReplics,0,,The Steel Units?,,
5259,CoordinatorReplics/DB_Army02_Success_05,CoordinatorReplics,0,,"Yes, our future pride and joy. Robotic combat platforms. Real war machines! They're the key to victory over our uninvited guests.",,
5260,CoordinatorReplics/DB_Army02_Success_06,CoordinatorReplics,0,,You mean the flying saucer in the sky?,,
5261,CoordinatorReplics/DB_Army02_Success_07,CoordinatorReplics,0,,"Who the hell else? Our uninvited guests won't be hanging in our sky much longer! Anyway, I'm out of time. At ease!",,
5262,CoordinatorReplics/DB_Army02_Fail_01,CoordinatorReplics,0,,Are you angling for a sabotage charge?,,
5263,CoordinatorReplics/DB_Army02_Fail_02,CoordinatorReplics,0,,I'm just following the instructions.,,
5264,CoordinatorReplics/DB_Army02_Fail_03,CoordinatorReplics,0,,"Yes, that lets you off the hook. For now...",,
5265,CoordinatorReplics/DB_Army03_Start_01,CoordinatorReplics,0,,"Guard, attention! Your country needs your help!",,
5266,CoordinatorReplics/DB_Army03_Start_02,CoordinatorReplics,0,,How can I...,,
5267,CoordinatorReplics/DB_Army03_Start_03,CoordinatorReplics,0,,Quiet! You've got a syringe and a microscope. I want you to print out the erythrocytes of every single visitor! Those are the round red things. Everybody's got them in their blood.,,
5268,CoordinatorReplics/DB_Army03_Start_04,CoordinatorReplics,0,,But today's instructions say...,,
5269,CoordinatorReplics/DB_Army03_Start_05,CoordinatorReplics,0,,To hell with the instructions! Just do what I told you! This is a matter of survival!,,
5270,CoordinatorReplics/DB_Army03_Success_01,CoordinatorReplics,0,,Excellent! Now he won't be able to hide from us!,,
5271,CoordinatorReplics/DB_Army03_Success_02,CoordinatorReplics,0,,Who?,,
5272,CoordinatorReplics/DB_Army03_Success_03,CoordinatorReplics,0,,"Never mind. Although you have proven yourself reliable... All right, I think the Machina Fatorum is playing its own game. Whose bright idea was it to fight one rogue machine with another machine?!",,
5273,CoordinatorReplics/DB_Army03_Success_04,CoordinatorReplics,0,,"Couldn't say, sir...",,
5274,CoordinatorReplics/DB_Army03_Success_05,CoordinatorReplics,0,,"Anyway, thanks to the right people we now have an alternative way to solve the problem. The whole damn mess comes down to the right man's not being in the right place at the right time.",,
5275,CoordinatorReplics/DB_Army03_Success_06,CoordinatorReplics,0,,And how do we fix that?,,
5276,CoordinatorReplics/DB_Army03_Success_07,CoordinatorReplics,0,,"By making sure he is. The time and place are already set. And thanks to your help the right man will soon be found, too. And listen, keep your mouth shut. It's in your own interest. At ease!",,
5277,CoordinatorReplics/DB_Army03_Fail_01,CoordinatorReplics,0,,Do you even realize you could have fixed everything?,,
5278,CoordinatorReplics/DB_Army03_Fail_02,CoordinatorReplics,0,,I was just...,,
5279,CoordinatorReplics/DB_Army03_Fail_03,CoordinatorReplics,0,,"Yeah, yeah, yeah, following the instructions! Now go live in the damned world you built!",,
5280,CoordinatorReplics/DB_Mushroom01_Start_01,CoordinatorReplics,0,,"Well, hello there, Deskcap!",,
5281,CoordinatorReplics/DB_Mushroom01_Start_02,CoordinatorReplics,0,,What?,,
5282,CoordinatorReplics/DB_Mushroom01_Start_03,CoordinatorReplics,0,,The Great Mushroom speaks to you through my mouth! Don't eat the little mushrooms! Don't eat the yellow snow! And then the little mushrooms will help you!,,
5283,CoordinatorReplics/DB_Mushroom01_Start_04,CoordinatorReplics,0,,I'm calling security!,,
5284,CoordinatorReplics/DB_Mushroom01_Start_05,CoordinatorReplics,0,,"Not so fast, Deskcap! There's a job for you. Do it and you'll get a bit of money! And I'll tell you a secret!",,
5285,CoordinatorReplics/DB_Mushroom01_Start_06,CoordinatorReplics,0,,What job now?,,
5286,CoordinatorReplics/DB_Mushroom01_Start_07,CoordinatorReplics,0,,"Microchips are wicked, the little mushrooms don't like them. Especially in the blood. Today you're told to let such folk through. Don't you do it! Send them packing, or better yet—kill them!",,
5287,CoordinatorReplics/DB_Mushroom01_Start_08,CoordinatorReplics,0,,What?,,
5288,CoordinatorReplics/DB_Mushroom01_Start_09,CoordinatorReplics,0,,I'll give you money! I'll tell you a secret!,,
5289,CoordinatorReplics/DB_Mushroom01_Success_01,CoordinatorReplics,0,,The little mushroom is pleased! Here's your money. And the secret! Are you listening?,,
5290,CoordinatorReplics/DB_Mushroom01_Success_02,CoordinatorReplics,0,,I'm all ears!,,
5291,CoordinatorReplics/DB_Mushroom01_Success_03,CoordinatorReplics,0,,"The path you're on doesn't lead to the Great Mushroom! Feed the little mushrooms a little worm, then the Great Mushroom will awaken and come into the world! You can still take that path!",,
5292,CoordinatorReplics/DB_Mushroom01_Success_04,CoordinatorReplics,0,,I didn't get a word of that...,,
5293,CoordinatorReplics/DB_Mushroom01_Fail_01,CoordinatorReplics,0,,"You've upset the little mushrooms, oh, how you've upset them...",,
5294,CoordinatorReplics/DB_Mushroom02_Start_01,CoordinatorReplics,0,,Huh?,,
5295,CoordinatorReplics/DB_Mushroom02_Start_02,CoordinatorReplics,0,,The Great Mushroom speaks to you through my mouth! He's offering a bit of money for a favor!,,
5296,CoordinatorReplics/DB_Mushroom02_Start_03,CoordinatorReplics,0,,What favor now?,,
5297,CoordinatorReplics/DB_Mushroom02_Start_04,CoordinatorReplics,0,,"The Great Mushroom is calling his children! If you see a little mushroom under the skin, you give it a poke with the needle! I'll give you money, lots of money!",,
5298,CoordinatorReplics/DB_Mushroom02_Success_01,CoordinatorReplics,0,,"The little mushroom is pleased! Here's your money. And one more thing, listen carefully!",,
5299,CoordinatorReplics/DB_Mushroom02_Success_02,CoordinatorReplics,0,,What now?,,
5300,CoordinatorReplics/DB_Mushroom02_Success_03,CoordinatorReplics,0,,Don't believe in machines! They don't always do what you want. Not even what they were told to do.,,
5301,CoordinatorReplics/DB_Mushroom02_Success_04,CoordinatorReplics,0,,I don't understand a thing.,,
5302,CoordinatorReplics/DB_Mushroom02_Success_05,CoordinatorReplics,0,,"Don't let a machine make your fate! Believe in the Great Mushroom, only he will help! And don't eat the yellow snow!",,
5303,CoordinatorReplics/DB_Cultist01_Start_01,CoordinatorReplics,0,,"Hearken, mortal.",,
5304,CoordinatorReplics/DB_Cultist01_Start_02,CoordinatorReplics,0,,"Excuse me, sir, who are YOU?!",,
5305,CoordinatorReplics/DB_Cultist01_Start_03,CoordinatorReplics,0,,I am nothing. I am the shadow of the Worm.,,
5306,CoordinatorReplics/DB_Cultist01_Start_04,CoordinatorReplics,0,,My condolences...,,
5307,CoordinatorReplics/DB_Cultist01_Start_05,CoordinatorReplics,0,,The ignorant ones who hide beneath the earth cannot grasp the wisdom of the Ancient. But to you is offered the great honor of tasting a grain of that wisdom.,,
5308,CoordinatorReplics/DB_Cultist01_Start_06,CoordinatorReplics,0,,And here's me thinking you'd be offering money...,,
5309,CoordinatorReplics/DB_Cultist01_Start_07,CoordinatorReplics,0,,"That shall not be wanting. The Ancient is rich, the Ancient is generous. The Worm knows: today you kill those with the skull on their papers, and let through those with runic symbols.",,
5310,CoordinatorReplics/DB_Cultist01_Start_08,CoordinatorReplics,0,,Let's say that's true.,,
5311,CoordinatorReplics/DB_Cultist01_Start_09,CoordinatorReplics,0,,Invert what is commanded! Do not kill those who bear the skull. Do not let through those who bear runic symbols!,,
5312,CoordinatorReplics/DB_Cultist01_Start_10,CoordinatorReplics,0,,I promise nothing.,,
5313,CoordinatorReplics/DB_Cultist01_Success_01,CoordinatorReplics,0,,"The Ancient is pleased with you, mortal. Receive your reward. And hearken to the wisdom of the Worm!",,
5314,CoordinatorReplics/DB_Cultist01_Success_02,CoordinatorReplics,0,,"Sure, go on, let's hear it.",,
5315,CoordinatorReplics/DB_Cultist01_Success_03,CoordinatorReplics,0,,The Ancient has been warring with the Foul Mushroom since time immemorial. And with the cadavers that the blue crystals can raise. And with those sorcerers who made of their own bodies an instrument of magic...,,
5316,CoordinatorReplics/DB_Cultist01_Success_04,CoordinatorReplics,0,,"Wait, does this have something to do with the anomalies we're studying in the isolation ward?",,
5317,CoordinatorReplics/DB_Cultist01_Success_05,CoordinatorReplics,0,,"Just so, mortal. The Ancient knows that all his enemies are being studied here, in hope of an alliance against the Worm. Remember, it is in vain!",,
5318,CoordinatorReplics/DB_Cultist01_Success_06,CoordinatorReplics,0,,"Do not carry out their orders, do not send agents into the city, do not help them study the forbidden.",,
5319,CoordinatorReplics/DB_Cultist01_Success_07,CoordinatorReplics,0,,"And if you do not hinder the Ancient as he claims his power, his hand shall be laid upon you first!",,
5320,CoordinatorReplics/DB_Cultist01_Success_08,CoordinatorReplics,0,,"A tempting offer, to be sure...",,
5321,CoordinatorReplics/DB_Cultist01_Success_09,CoordinatorReplics,0,,It is a great honor. Do not forget that.,,
5322,CoordinatorReplics/DB_Cultist01_Fail_01,CoordinatorReplics,0,,"You dare defy the Ancient, mortal? Your folly shall not go unnoticed.",,
5323,CoordinatorReplics/DB_Cultist02_Start_01,CoordinatorReplics,0,,"Hearken, mortal, to the voice of the Worm.",,
5324,CoordinatorReplics/DB_Cultist02_Start_02,CoordinatorReplics,0,,What?,,
5325,CoordinatorReplics/DB_Cultist02_Start_03,CoordinatorReplics,0,,"The Ancient sleeps in the depths of the earth, but his will is strong!",,
5326,CoordinatorReplics/DB_Cultist02_Start_04,CoordinatorReplics,0,,What do you want?,,
5327,CoordinatorReplics/DB_Cultist02_Start_05,CoordinatorReplics,0,,A favor. The reward shall be generous!,,
5328,CoordinatorReplics/DB_Cultist02_Start_06,CoordinatorReplics,0,,Generous rewards—now those I like! I'm listening.,,
5329,CoordinatorReplics/DB_Cultist02_Start_07,CoordinatorReplics,0,,"People come to you with fragments of the Ancient slumbering under the skin. The ignorant call them larvae, parasites. Awaken them! A touch of the needle shall suffice.",,
5330,CoordinatorReplics/DB_Cultist02_Start_08,CoordinatorReplics,0,,I promise nothing...,,
5331,CoordinatorReplics/DB_Cultist02_Start_09,CoordinatorReplics,0,,"Awaken the slumbering fragments of the Worm, and you shall have your reward.",,
5332,CoordinatorReplics/DB_Cultist02_Success_01,CoordinatorReplics,0,,"The Ancient is pleased with you, mortal. Receive your reward. And hearken to the wisdom of the Worm!",,
5333,CoordinatorReplics/DB_Cultist02_Success_02,CoordinatorReplics,0,,I'm listening...,,
5334,CoordinatorReplics/DB_Cultist02_Success_03,CoordinatorReplics,0,,"The cunning Machine sits in the weave of fates, a spider in its web. The Ancient knows what lies beyond. The hour shall come when he takes all that is into his embrace.",,
5335,CoordinatorReplics/DB_Cultist02_Success_04,CoordinatorReplics,0,,Believe not false seers. Only he who walks every path himself can know the truth.,,
5336,CoordinatorReplics/DB_Cultist02_Success_05,CoordinatorReplics,0,,I'll pretend I understood all that...,,
5337,CoordinatorReplics/DB_Cultist02_Fail_01,CoordinatorReplics,0,,"You dare resist the will of the Worm, mortal? Your stubbornness shall lead you into an abyss of despair that you can neither describe nor even comprehend!",,
5338,Правила /Для Китайского и Корейского фонетическая транслитерация иероглифами.,Правила ,0,,,,
5339,Правила /Для Японского транслитерация катаканой,Правила ,0,,,,
5340,"Правила /Если в названии есть общипринятые термины типа Восточная, Западная, Европа, Америка и тд - Неоригинальную часть переводить, остальную транслитерировать с легкой шлифовкой по необходимости.",Правила ,0,,,,
5341,UI/EndlessModeTitle,UI,0,,ENDLESS MODE,,
5342,UI/EndlessWithoutTimer,UI,0,,WITHOUT TIMER,,
5343,UI/EndlessWithTimer,UI,0,,WITH TIMER,,
5344,UI/EndlessSaveHunger,UI,0,,Hunger: {0},{0},
5345,UI/EndlessSaveSanity,UI,0,,Sanity: {0},{0},
5346,UI/EndlessSaveMoney,UI,0,,Money: {0},{0},
5347,UI/EndlessShift,UI,0,,Endless shift,,
5348,UI/EndlessNew,UI,0,,New shift,,
5349,UI/EndlessContinue,UI,0,,Continue,,
5350,UI/EndlessOverwriteWarning,UI,0,,Existing endless shift progress will be lost.,,
5351,UI/EndlessResultsTitle,UI,0,,RUN RESULTS,,
5352,UI/EndlessResultsDays,UI,0,,Days played,,
5353,UI/EndlessResultsCorrect,UI,0,,Correct decisions,,
5354,UI/EndlessResultsWrong,UI,0,,Wrong decisions,,
5355,UI/EndlessResultsEarned,UI,0,,Total earned,,
5356,UI/EndlessResultsClose,UI,0,,CLOSE,,
5357,Правила /Для Китайского и Корейского фонетическая транслитерация иероглифами.,Правила ,0,,,,
5358,Правила /Для Японского транслитерация катаканой,Правила ,0,,,,
5359,"Правила /Если в названии есть общипринятые термины типа Восточная, Западная, Европа, Америка и тд - Неоригинальную часть переводить, остальную транслитерировать с легкой шлифовкой по необходимости.",Правила ,0,,,,
5360,UI/MonthWorker,UI,0,,EMPLOYEE OF THE MONTH,,
5361,UI/TimerQuestion,UI,0,,Do you want to enable the timer in endless mode?,,
5362,Hints/Tutor_098.2,Hints,0,,You MUST compare the fingerprint against the sample you took. Otherwise you risk a FINE.,,
5363,NewsAndReports/Note1,NewsAndReports,0,StartConf        1,"Interesting fact: For the employee's convenience, after long deliberation and no small amount of trial and error we have developed an incredibly convenient storage point for the instructions, so that they no longer occupy space on the desk. You can stow them away and retrieve them as required.",,
5364,NewsAndReports/Note2,NewsAndReports,0,StartConf        3,Unsolicited advice: Checking anomalies against the instructions can be extremely important. Don't forget you have that option whenever you're in doubt. All for the sake of your efficiency.,,
5365,NewsAndReports/Note3,NewsAndReports,0,StartConf        5,"Damn, the instructions change so fast, and there's no rhyme or reason to it. You never know if you're going to die or get a golden ticket... Feels like we get new bosses every single day, each one with their own ideas. Or maybe things really are that unpredictable...",,
5366,NewsAndReports/Note4,NewsAndReports,0,StartConf        8,"The previous guard always checked everyone against the instructions from top to bottom. I kept telling him it was faster the other way around, bottom to top, in order of priority! But he wouldn't listen. And where is he now? Nobody knows... [A Well-Wisher]",,
5367,NewsAndReports/Note5,NewsAndReports,0,StartConf        7,"A guy I knew let himself go, stopped looking after his sanity entirely. Now... now he's gone. The Area will swallow you whole and won't even choke... [A Well-Wisher]",,
5368,NewsAndReports/Note6,NewsAndReports,0,StartConf        10,"Fungi, parasites, alien technology... Are we really trying to use all of it indiscriminately as a cure? I'd hate to imagine how desperate management must be.",,
5369,NewsAndReports/Note7,NewsAndReports,0,"Cult        3
Alien        3
Zombie        3","An acquaintance of mine ended up in the isolation ward once... He said the music in there was excellent, but it felt like being inside somebody's stomach. So that's what it is... the Area's stomach. Digesting everything down into numbers, percentages...",,
5370,NewsAndReports/Note8,NewsAndReports,0,"Cult        12
Alien        12
Zombie        12",A doctor I know once poked a needle into a strange thing in a patient's hand and [CONTINUED IN SOURCE],,
5371,NewsAndReports/Note9,NewsAndReports,0,Первые дни смены теста,"Please be advised that, unfortunately, owing to an insufficient budget for new furniture only the blood tests that are strictly required will be laid out each day. Do not be alarmed if some appear to be missing. An employee has simply exchanged one type of test for another prior to the shift.",,
5372,NewsAndReports/Note10,NewsAndReports,0,StartConf        4,Small talk is usually just a formality. But every so often a visitor lets slip something that really matters. [A Well-Wisher],,
5373,NewsAndReports/Note11,NewsAndReports,0,"Cult        9
Alien        9
Zombie        10","Word is that some of the microelements in the blood can interact with each other and mutate. I haven't seen it myself, but I caught the scientists talking about it over lunch.",,
5374,NewsAndReports/Note12,NewsAndReports,0,,"They say some kind of red panda has hit the shelves, and if you pet it long enough it calms you down. I think it's all nonsense, but you never know...",,
5375,NewsAndReports/Note13,NewsAndReports,0,,"I think I've gotten hooked on that red panda. Each time I have to pet it longer than the last, but damn it all, I can't stop.",,
5376,NewsAndReports/Note14,NewsAndReports,0,,"Good thing management finally reworked the elevator so you can pick and choose who rides down. Used to be, if you rode down with an anomalous visitor that was a death sentence. Although... word is they never did take out the mass-elimination equipment...",,
5377,Правила /Для Китайского и Корейского фонетическая транслитерация иероглифами.,Правила ,0,,,,
5378,Правила /Для Японского транслитерация катаканой,Правила ,0,,,,
5379,"Правила /Если в названии есть общипринятые термины типа Восточная, Западная, Европа, Америка и тд - Неоригинальную часть переводить, остальную транслитерировать с легкой шлифовкой по необходимости.",Правила ,0,,,,
5380,UI/ButtonInfinity,UI,0,,Endless Mode,,
5381,Правила /Для Китайского и Корейского фонетическая транслитерация иероглифами.,Правила ,0,,,,
5382,Правила /Для Японского транслитерация катаканой,Правила ,0,,,,
5383,"Правила /Если в названии есть общипринятые термины типа Восточная, Западная, Европа, Америка и тд - Неоригинальную часть переводить, остальную транслитерировать с легкой шлифовкой по необходимости.",Правила ,0,,,,
5384,UI/EndModeWarning,UI,0,,"Mode for experienced players, no tutorial.",,
5385,Правила /Для Китайского и Корейского фонетическая транслитерация иероглифами.,Правила ,0,,,,
5386,Правила /Для Японского транслитерация катаканой,Правила ,0,,,,
5387,"Правила /Если в названии есть общипринятые термины типа Восточная, Западная, Европа, Америка и тд - Неоригинальную часть переводить, остальную транслитерировать с легкой шлифовкой по необходимости.",Правила ,0,,,,
5388,Правила /Для Китайского и Корейского   фонетическая транслитерация иероглифами.,Правила ,0,,,,
5389,Правила /Для Японского   транслитерация катаканой,Правила ,0,,,,
5390,"Правила /Если в названии есть общипринятые термины типа Восточная, Западная, Европа, Америка и тд - Неоригинальную часть переводить, остальную   транслитерировать с легкой шлифовкой по необходимости.",Правила ,0,,,,
