index,key,english,thai,status,notes
0,UI/ButtonContinue,Continue,ดำเนินการต่อ,draft,
1,UI/ButtonNo,No,ไม่,draft,
2,UI/ButtonOk,OK,ตกลง,draft,
3,UI/ButtonOkay,OK,ตกลง,draft,
4,UI/ButtonQuit,Quit,ออกจากเกม,draft,
5,UI/ButtonYes,Yes,ใช่,draft,
6,UI/BuyButton,Buy,ซื้อ,draft,
7,UI/ButtonBinding,Controls,การควบคุม,draft,
8,UI/ConfirmQuitText,Are you sure you want to quit?,คุณแน่ใจหรือไม่ว่าต้องการออกจากเกม?,draft,
9,UI/ExitButton,Quit,ออกจากเกม,draft,
10,UI/HintSkip,Skip,ข้าม,draft,
11,UI/HintSkipAll,Skip all,ข้ามทั้งหมด,draft,
12,UI/PressAnyKey,Press any key,กดปุ่มใดก็ได้,draft,
13,UI/OptLangRussian,Русский,,excluded,[excluded] ชื่อภาษาในภาษาต้นฉบับของผู้ใช้
14,UI/OptLangEng,English,,excluded,[excluded] ชื่อภาษาในภาษาต้นฉบับของผู้ใช้
15,UI/OptLangChS,简体中文,,excluded,[excluded] ชื่อภาษาในภาษาต้นฉบับของผู้ใช้
16,UI/OptLangFr,Français,,excluded,[excluded] ชื่อภาษาในภาษาต้นฉบับของผู้ใช้
17,UI/OptLangGm,Deutsch,,excluded,[excluded] ชื่อภาษาในภาษาต้นฉบับของผู้ใช้
18,UI/OptLangSp,Español,,excluded,[excluded] ชื่อภาษาในภาษาต้นฉบับของผู้ใช้
19,UI/OptLangBr,Português (Brasil),,excluded,[excluded] ชื่อภาษาในภาษาต้นฉบับของผู้ใช้
20,UI/OptLangChT,繁體中文,,excluded,[excluded] ชื่อภาษาในภาษาต้นฉบับของผู้ใช้
21,UI/OptLangKr,한국어,,excluded,[excluded] ชื่อภาษาในภาษาต้นฉบับของผู้ใช้
22,UI/OptLangPl,Polski,,excluded,[excluded] ชื่อภาษาในภาษาต้นฉบับของผู้ใช้
23,UI/OptLangJp,日本語,,excluded,[excluded] ชื่อภาษาในภาษาต้นฉบับของผู้ใช้
24,UI/OptSFX,Sound FX volume,ระดับเสียงเอฟเฟกต์,draft,
25,UI/OptMus,Music volume,ระดับเสียงเพลง,draft,
26,UI/OptRes,Resolution,ความละเอียด,draft,
27,UI/OptWind,Window mode,โหมดหน้าต่าง,draft,
28,UI/OptWindW,Windowed,หน้าต่าง,draft,
29,UI/OptWindB,Borderless,ไร้ขอบ,draft,
30,UI/OptWindF,Fullscreen,เต็มหน้าจอ,draft,
31,UI/OptSD,Steam Deck,,excluded,[excluded] ชื่อผลิตภัณฑ์ Steam Deck
32,UI/OptApply,Apply,นำไปใช้,draft,
33,UI/OptBack,Back,ย้อนกลับ,draft,
34,UI/OptChange,Apply changes?,นำการเปลี่ยนแปลงไปใช้หรือไม่?,draft,
35,UI/OptTimer,The settings will be applied in {0},การตั้งค่าจะมีผลใน {0},draft,
36,UI/OptPTSurvey,Take the survey,ทำแบบสำรวจ,draft,
37,UI/OptWish,Wishlist,เพิ่มในรายการที่อยากได้,draft,
38,UI/OptDayReset,Start the day over,เริ่มวันนี้ใหม่,draft,
39,UI/OptDayBackward,Load previous day,โหลดวันก่อนหน้า,draft,
40,UI/OptMM,Back to Main Menu,กลับไปเมนูหลัก,draft,
41,UI/OptQG,Quit Game,ออกจากเกม,draft,
42,UI/OptResetApply,"Current progress will be lost. 
Are you sure?","ความคืบหน้าปัจจุบันจะสูญหาย
แน่ใจหรือไม่?",draft,
43,UI/OptDayN,Day {0},วันที่ {0},draft,
44,UI/,#N/A,,excluded,[excluded] ค่าต้นฉบับ #N/A ไม่ใช่ข้อความสำหรับแปล
45,UI/OptPause,Pause,หยุดชั่วคราว,draft,
46,UI/OptOpt,Settings,ตั้งค่า,draft,
47,UI/OptLang,Language,ภาษา,draft,
48,Dialogue/Conversation/1/Entry/1/Dialogue Text,Show me your pass.,ขอดูบัตรผ่านด้วย,draft,
49,Dialogue/Conversation/1/Entry/2/Dialogue Text,"Yes, of course!",ได้สิ แน่นอน!,draft,
50,Dialogue/Conversation/10/Entry/1/Dialogue Text,"All right, come through.",เรียบร้อย เชิญผ่าน,draft,
51,Dialogue/Conversation/10/Entry/2/Dialogue Text,That's more like it.,ค่อยยังชั่วหน่อย,draft,
52,Dialogue/Conversation/11/Entry/1/Dialogue Text,"Turn around, you may not pass.",กลับไป คุณผ่านไม่ได้,draft,
53,Dialogue/Conversation/11/Entry/2/Dialogue Text,I demand an explanation!!!,ฉันต้องการคำอธิบาย!!!,draft,
54,Dialogue/Conversation/12/Entry/1/Dialogue Text,Is something wrong?,มีอะไรผิดปกติหรือ?,draft,
55,Dialogue/Conversation/12/Entry/2/Dialogue Text,"Shoot 'em, sir!",ยิงเลยครับ!,draft,
56,Dialogue/Conversation/13/Entry/1/Dialogue Text,"So you noticed. Okay, I'll just leave...",สังเกตเห็นจนได้สินะ เอาล่ะ ฉันไปก็ได้...,draft,
57,Dialogue/Conversation/14/Entry/1/Dialogue Text,You shouldn't have done that.,คุณไม่น่าทำแบบนั้นเลย,draft,
58,Dialogue/Conversation/16/Entry/1/Dialogue Text,"You know, I'm feeling a bit off... must be the weather. Or... ooooh.",รู้ไหม ฉันรู้สึกแปลก ๆ... คงเป็นเพราะอากาศ หรือว่า... โอ๊ยยย,draft,
59,Dialogue/Conversation/17/Entry/1/Dialogue Text,Can't let that one through...,ปล่อยคนนั้นผ่านไม่ได้...,draft,
60,Dialogue/Conversation/18/Entry/1/Dialogue Text,I must let this one through no matter what.,ไม่ว่าจะเกิดอะไร ฉันต้องปล่อยคนนี้ผ่าน,draft,
61,Dialogue/Conversation/2/Entry/1/Dialogue Text,I don't like this. Where is the panic button?,ฉันไม่ชอบมาพากลเลย ปุ่มฉุกเฉินอยู่ไหน?,draft,
62,Dialogue/Conversation/21/Entry/1/Dialogue Text,"Well, well, well... I hope I didn't miss anything.",เอาล่ะ ๆ... หวังว่าฉันจะไม่พลาดอะไรไปนะ,draft,
63,Dialogue/Conversation/22/Entry/1/Dialogue Text,"Ugh, I wish I could go stretch my legs for a bit...",เฮ้อ อยากออกไปยืดเส้นยืดสายสักหน่อย...,draft,
64,Dialogue/Conversation/23/Entry/2/Dialogue Text,Reserved for the security-guard line,สงวนไว้สำหรับบทพูดของเจ้าหน้าที่รักษาความปลอดภัย,draft,
65,Dialogue/Conversation/24/Entry/2/Dialogue Text,An interesting monologue with the newspaper,บทพูดคนเดียวที่น่าสนใจกับหนังสือพิมพ์,draft,
66,Dialogue/Conversation/25/Entry/2/Dialogue Text,Today is gonna be hot...,วันนี้คงร้อนน่าดู...,draft,
67,Dialogue/Conversation/3/Entry/1/Dialogue Text,I already gave you my pass!,ฉันให้บัตรผ่านคุณไปแล้วไง!,draft,
68,Dialogue/Conversation/4/Entry/1/Dialogue Text,What the heck do you have there?,นั่นมันอะไรของคุณน่ะ?,draft,
69,Dialogue/Conversation/4/Entry/2/Dialogue Text,"I know, I was born like this.",รู้แล้วน่า ฉันเกิดมาก็เป็นแบบนี้,draft,
70,Dialogue/Conversation/5/Entry/2/Dialogue Text,How did it even end up there?,มันไปอยู่ตรงนั้นได้ยังไงกัน?,draft,
71,Dialogue/Conversation/6/Entry/1/Dialogue Text,Hmm... These are indeed the visitor's fingerprints.,อืม... นี่คือลายนิ้วมือของผู้มาเยือนจริง ๆ,draft,
72,Dialogue/Conversation/7/Entry/3/Dialogue Text,"Right, these fingerprints belong to someone else.",ใช่ ลายนิ้วมือนี้เป็นของคนอื่น,draft,
73,Dialogue/Conversation/8/Entry/1/Dialogue Text,Boo!,แบร่!,draft,
74,Dialogue/Conversation/9/Entry/1/Dialogue Text,Afternoon!,สวัสดีตอนบ่าย!,draft,
75,Dialogue/Conversation/26/Entry/1/Dialogue Text,May I see your pass?,ขอดูบัตรผ่านได้ไหม?,draft,
76,Dialogue/Conversation/26/Entry/2/Dialogue Text,Just a moment!,รอสักครู่!,draft,
77,Dialogue/Conversation/27/Entry/1/Dialogue Text,"Your pass, please.",ขอบัตรผ่านด้วย,draft,
78,Dialogue/Conversation/27/Entry/2/Dialogue Text,"Ah, yeah, here you go.",อ้อ ได้ นี่ไง,draft,
79,Dialogue/Conversation/28/Entry/1/Dialogue Text,Pass?,บัตรผ่านล่ะ?,draft,
80,Dialogue/Conversation/28/Entry/2/Dialogue Text,Here you go.,นี่ครับ,draft,
81,Dialogue/Conversation/29/Entry/1/Dialogue Text,Do you have a pass? Do you want me to search you?,มีบัตรผ่านไหม หรือต้องให้ค้นตัว?,draft,
82,Dialogue/Conversation/29/Entry/2/Dialogue Text,"No need, I'll show it!",ไม่ต้อง เดี๋ยวเอาให้ดู!,draft,
83,Dialogue/Conversation/30/Entry/1/Dialogue Text,Your paper justification?,เอกสารยืนยันของคุณล่ะ?,draft,
84,Dialogue/Conversation/30/Entry/2/Dialogue Text,"Huh? Oh, here!",หา? อ้อ นี่ไง!,draft,
85,Dialogue/Conversation/31/Entry/1/Dialogue Text,You know how things work around here.,คุณรู้ขั้นตอนของที่นี่ดี,draft,
86,Dialogue/Conversation/31/Entry/2/Dialogue Text,"Yes, here's my pass!",รู้สิ นี่บัตรผ่าน!,draft,
87,Dialogue/Conversation/32/Entry/1/Dialogue Text,Do you have a pass on you?,พกบัตรผ่านมาหรือเปล่า?,draft,
88,Dialogue/Conversation/32/Entry/2/Dialogue Text,"Yes, here.",มี นี่ไง,draft,
89,Dialogue/Conversation/33/Entry/1/Dialogue Text,This is getting dangerous…,เริ่มอันตรายแล้วสิ…,draft,
90,Dialogue/Conversation/34/Entry/1/Dialogue Text,"Oh, that's unfortunate...",โอ้ น่าเสียดายจริง ๆ...,draft,
91,Dialogue/Conversation/35/Entry/2/Dialogue Text,This must have always been there.,มันคงอยู่ตรงนั้นมาตลอดแหละ,draft,
92,Dialogue/Conversation/36/Entry/2/Dialogue Text,"Personally, I know nothing about it.",ส่วนตัวแล้ว ฉันไม่รู้อะไรเกี่ยวกับมันเลย,draft,
93,Dialogue/Conversation/37/Entry/2/Dialogue Text,Never seen it before.,ไม่เคยเห็นมาก่อน,draft,
94,Dialogue/Conversation/38/Entry/1/Dialogue Text,Hi! Just don't drag it out.,หวัดดี! อย่าตรวจให้นานนักล่ะ,draft,
95,Dialogue/Conversation/39/Entry/1/Dialogue Text,I'm so fed up with all this...,ฉันเบื่อเรื่องพวกนี้เต็มทีแล้ว...,draft,
96,Dialogue/Conversation/40/Entry/1/Dialogue Text,"Come on, make it quick, I'm in a hurry.",เร็วเข้า รีบตรวจหน่อย ฉันกำลังรีบ,draft,
97,Dialogue/Conversation/41/Entry/1/Dialogue Text,"Show this, take off that... For crying out loud! It's like we're working at a secret facility... Oh, right, we are...",เอานั่นมา ถอดนี่ออก... ให้ตายสิ! อย่างกับเราทำงานในฐานลับ... อ้อ ใช่ เราทำงานอยู่นี่นา...,draft,
98,Dialogue/Conversation/42/Entry/1/Dialogue Text,I can't wait to go home...,อยากกลับบ้านจะแย่แล้ว...,draft,
99,Dialogue/Conversation/43/Entry/1/Dialogue Text,Hello!,สวัสดี!,draft,
100,Dialogue/Conversation/44/Entry/1/Dialogue Text,Still here?,ยังอยู่อีกเหรอ?,draft,
101,Dialogue/Conversation/45/Entry/1/Dialogue Text,Greetings!,สวัสดี!,draft,
102,Dialogue/Conversation/46/Entry/1/Dialogue Text,Greetings!,สวัสดี!,draft,
103,Dialogue/Conversation/47/Entry/1/Dialogue Text,Hi there!,หวัดดี!,draft,
104,Dialogue/Conversation/48/Entry/1/Dialogue Text,Hi there!,หวัดดี!,draft,
105,Dialogue/Conversation/49/Entry/1/Dialogue Text,"Come on, start up your checker.",เอ้า เปิดเครื่องตรวจได้แล้ว,draft,
106,Dialogue/Conversation/50/Entry/1/Dialogue Text,Yo!,ไง!,draft,
107,Dialogue/Conversation/51/Entry/1/Dialogue Text,"Come through, don't dawdle.",ผ่านไป อย่าชักช้า,draft,
108,Dialogue/Conversation/51/Entry/2/Dialogue Text,"But you were the one who... ah, never mind!",แต่คุณเองเป็นคน... ช่างเถอะ!,draft,
109,Dialogue/Conversation/52/Entry/1/Dialogue Text,Good.,ดี,draft,
110,Dialogue/Conversation/52/Entry/2/Dialogue Text,Yep...,อือ...,draft,
111,Dialogue/Conversation/53/Entry/1/Dialogue Text,You can go.,ไปได้,draft,
112,Dialogue/Conversation/53/Entry/2/Dialogue Text,Wonderful.,ยอดเยี่ยม,draft,
113,Dialogue/Conversation/54/Entry/1/Dialogue Text,Everything is in order.,ทุกอย่างเรียบร้อย,draft,
114,Dialogue/Conversation/54/Entry/2/Dialogue Text,Of course! You've just wasted my time.,ก็แน่อยู่แล้ว! คุณแค่ทำฉันเสียเวลา,draft,
115,Dialogue/Conversation/55/Entry/1/Dialogue Text,"Wait, what's that? Just kidding, go ahead...",เดี๋ยว นั่นอะไรน่ะ? ล้อเล่น ไปได้...,draft,
116,Dialogue/Conversation/55/Entry/2/Dialogue Text,Don't scare me like that!,อย่าทำให้ตกใจแบบนั้นสิ!,draft,
117,Dialogue/Conversation/56/Entry/1/Dialogue Text,Everything is in order. Next!,ทุกอย่างเรียบร้อย คนต่อไป!,draft,
118,Dialogue/Conversation/56/Entry/2/Dialogue Text,Phew...,เฮ้อ...,draft,
119,Dialogue/Conversation/57/Entry/1/Dialogue Text,You. Shall. Not. Pass! Go away.,เจ้า จะ ผ่าน ไม่ ได้! ไปให้พ้น,draft,
120,Dialogue/Conversation/57/Entry/2/Dialogue Text,Could you be less dramatic?,ช่วยพูดให้เว่อร์น้อยกว่านี้ได้ไหม?,draft,
121,Dialogue/Conversation/58/Entry/1/Dialogue Text,Not today.,วันนี้ไม่ได้,draft,
122,Dialogue/Conversation/58/Entry/2/Dialogue Text,Why?!,ทำไม?!,draft,
123,Dialogue/Conversation/59/Entry/1/Dialogue Text,I won't let you through.,ฉันจะไม่ปล่อยคุณผ่าน,draft,
124,Dialogue/Conversation/59/Entry/2/Dialogue Text,Oh...,อ้อ...,draft,
125,Dialogue/Conversation/60/Entry/1/Dialogue Text,Bye-bye!,ลาก่อน!,draft,
126,Dialogue/Conversation/60/Entry/2/Dialogue Text,I'm filing a complaint!,ฉันจะร้องเรียน!,draft,
127,Dialogue/Conversation/61/Entry/1/Dialogue Text,Denied.,ปฏิเสธ,draft,
128,Dialogue/Conversation/62/Entry/1/Dialogue Text,Why are you looking at me like that?,ทำไมมองฉันแบบนั้น?,draft,
129,Dialogue/Conversation/62/Entry/2/Dialogue Text,Because it's the last time.,เพราะนี่เป็นครั้งสุดท้าย,draft,
130,Dialogue/Conversation/63/Entry/1/Dialogue Text,What did you press?,คุณกดอะไรน่ะ?,draft,
131,Dialogue/Conversation/63/Entry/2/Dialogue Text,Doesn't matter...,ไม่สำคัญแล้ว...,draft,
132,Dialogue/Conversation/64/Entry/1/Dialogue Text,Don't you dare!,อย่าเชียวนะ!,draft,
133,Dialogue/Conversation/64/Entry/2/Dialogue Text,Too late...,สายไปแล้ว...,draft,
134,Dialogue/Conversation/65/Entry/1/Dialogue Text,Umm... Maybe I should just leave.,เอ่อ... บางทีฉันควรไปดีกว่า,draft,
135,Dialogue/Conversation/65/Entry/2/Dialogue Text,No way.,ไม่มีทาง,draft,
136,Dialogue/Conversation/66/Entry/1/Dialogue Text,Are you sure?,แน่ใจหรือ?,draft,
137,Dialogue/Conversation/66/Entry/2/Dialogue Text,I am. You cannot imagine how much.,แน่ใจ คุณคิดไม่ถึงหรอกว่าแค่ไหน,draft,
138,Dialogue/Conversation/67/Entry/1/Dialogue Text,Why?,ทำไม?,draft,
139,Dialogue/Conversation/67/Entry/2/Dialogue Text,"Nothing personal, just doing my job.",ไม่ได้มีเรื่องส่วนตัว แค่ทำตามหน้าที่,draft,
140,Dialogue/Conversation/68/Entry/1/Dialogue Text,"Oh, don't mind that...",อ้อ ไม่ต้องสนใจเรื่องนั้นหรอก...,draft,
141,Dialogue/Conversation/69/Entry/1/Dialogue Text,Come on...,เอาน่า...,draft,
142,Dialogue/Conversation/70/Entry/1/Dialogue Text,How could such a trifle cause trouble?,เรื่องเล็กแค่นี้จะสร้างปัญหาได้ยังไง?,draft,
143,Dialogue/Conversation/71/Entry/1/Dialogue Text,I have to deny you passage.,ฉันจำเป็นต้องปฏิเสธไม่ให้คุณผ่าน,draft,
144,Dialogue/Conversation/72/Entry/1/Dialogue Text,Access privileges clearly state...,สิทธิ์การเข้าถึงระบุไว้อย่างชัดเจนว่า...,draft,
145,Dialogue/Conversation/73/Entry/1/Dialogue Text,I have no choice but to allow...,ฉันไม่มีทางเลือกนอกจากอนุญาต...,draft,
146,Doc_Loc/MaleName1,Акакий Акакиевич,อาคาเคีย อาคาเคียวิช,draft,
147,Doc_Loc/MaleName2,Кабан Кабаныч,คาบัน คาบานิช,draft,
148,Doc_Loc/MaleName3,Мистер Бигнули,มิสเตอร์บิกนูลี,draft,
149,Doc_Loc/MaleName4,Крош,โครช,draft,
150,Doc_Loc/MaleName5,Бараш,บาราช,draft,
151,Doc_Loc/MaleName6,Копатыч,โคปาติช,draft,
152,Doc_Loc/MaleName7,Каркарыч,คาร์คาริช,draft,
153,Doc_Loc/MaleName8,Пин,พิน,draft,
154,Doc_Loc/MaleName9,Ёжик,โยชิก,draft,
155,Doc_Loc/MaleName10,Абобус Абобусович,อาโบบุส อาโบบูโซวิช,draft,
156,Doc_Loc/MaleName11,Безымянный Брайан,ไบรอันไร้นาม,draft,
157,Doc_Loc/MaleName12,Петрович,เปโตรวิช,draft,
158,Doc_Loc/MaleName13,Чхин Чхан Чхон,ชิน ชาน ชอน,draft,
159,Doc_Loc/MaleName14,Ган Джи,กาน จี,draft,
160,Doc_Loc/MaleName15,Grzegorz Brzeszciętekiewicz,Grzegorz Brzeszciętekiewicz,draft,
161,Doc_Loc/MaleName16,,,untranslated,
162,Doc_Loc/MaleName17,,,untranslated,
163,Doc_Loc/MaleName18,,,untranslated,
164,Doc_Loc/MaleNameMetamorphose,Gregor Samsa,เกรกอร์ ซัมซา,draft,
165,Doc_Loc/FemaleName1,Нюша,นิวชา,draft,
166,Doc_Loc/FemaleName2,Совунья,โซวุนยา,draft,
167,Doc_Loc/FemaleName3,Клара,คลารา,draft,
168,Doc_Loc/FemaleName4,Мара,มารา,draft,
169,Doc_Loc/FemaleName5,Лара,ลารา,draft,
170,Doc_Loc/FemaleName6,Сара,ซารา,draft,
171,Doc_Loc/FemaleName7,Варвара,วาร์วารา,draft,
172,Doc_Loc/FemaleName8,Ильинишна,อิลยินิชนา,draft,
173,Doc_Loc/FemaleName9,Тон Фу,ทง ฟู,draft,
174,Doc_Loc/FemaleName10,Шурупочка,ชูรูโปชกา,draft,
175,Doc_Loc/FemaleName11,Ира Транж,อิรา ทรานช์,draft,
176,Doc_Loc/FemaleName12,Сочная Милфа,มิลฟ์สุดแซ่บ,draft,
177,Doc_Loc/FemaleName13,,,untranslated,
178,Doc_Loc/FemaleName14,,,untranslated,
179,Doc_Loc/FemaleName15,,,untranslated,
180,Doc_Loc/FemaleName16,,,untranslated,
181,Doc_Loc/BossName01,The Coordinator,ผู้ประสานงาน,draft,
182,Doc_Loc/,#N/A,,excluded,[excluded] ค่าต้นฉบับ #N/A ไม่ใช่ข้อความสำหรับแปล
183,Doc_Loc/SerialNumber1,123,123,draft,
184,Doc_Loc/SerialNumber10,124154,124154,draft,
185,Doc_Loc/SerialNumber11,5324235,5324235,draft,
186,Doc_Loc/SerialNumber2,1254,1254,draft,
187,Doc_Loc/SerialNumber3,1525,1525,draft,
188,Doc_Loc/SerialNumber4,3262,3262,draft,
189,Doc_Loc/SerialNumber5,12552,12552,draft,
190,Doc_Loc/SerialNumber6,13,13,draft,
191,Doc_Loc/SerialNumber7,235236,235236,draft,
192,Doc_Loc/SerialNumber8,56431252,56431252,draft,
193,Doc_Loc/SerialNumber9,3453553,3453553,draft,
194,Doc_Loc/SimpleNumber1,1,1,draft,
195,Doc_Loc/SimpleNumber2,2,2,draft,
196,Doc_Loc/SimpleNumber3,3,3,draft,
197,Doc_Loc/SimpleNumber4,4,4,draft,
198,Doc_Loc/SimpleNumber5,5,5,draft,
199,Doc_Loc/SimpleNumber6,6,6,draft,
200,Doc_Loc/SimpleNumber7,7,7,draft,
201,Doc_Loc/SimpleNumber8,8,8,draft,
202,Doc_Loc/SimpleNumber9,9,9,draft,
203,Abstract_Dev/1,Abnormal organ size,ขนาดอวัยวะผิดปกติ,draft,
204,Abstract_Dev/2,Abnormal organ angle,มุมของอวัยวะผิดปกติ,draft,
205,Abstract_Dev/3,Marks on the document,ร่องรอยบนเอกสาร,draft,
206,Abstract_Dev/4,Abnormal organ integrity,ความสมบูรณ์ของอวัยวะผิดปกติ,draft,
207,Abstract_Dev/5,Abnormal number of organs,จำนวนอวัยวะผิดปกติ,draft,
208,Abstract_Dev/6,Foreign body,สิ่งแปลกปลอม,draft,
209,Abstract_Dev/7,Abnormal photo development,การล้างภาพผิดปกติ,draft,
210,Abstract_Dev/8,External mutation,การกลายพันธุ์ภายนอก,draft,
211,Abstract_Dev/9,Organ mutation,การกลายพันธุ์ของอวัยวะ,draft,
212,Abstract_Dev/10,Abnormal bone structure,โครงสร้างกระดูกผิดปกติ,draft,
213,Abstract_Dev/11,Abnormal temperature condition,สภาวะอุณหภูมิผิดปกติ,draft,
214,Abstract_Dev/12,,,untranslated,
215,Abstract_Dev/13,,,untranslated,
216,Abstract_Dev/14,,,untranslated,
217,Abstract_Dev/15,,,untranslated,
218,Abstract_Dev/16,,,untranslated,
219,Abstract_Dev/17,,,untranslated,
220,Abstract_Dev/18,,,untranslated,
221,Abstract_Dev/19,,,untranslated,
222,Abstract_Dev/20,,,untranslated,
223,Abstract_Dev/21,,,untranslated,
224,Abstract_Dev/22,,,untranslated,
225,Abstract_Dev/23,,,untranslated,
226,Abstract_Dev/24,,,untranslated,
227,Abstract_Dev/25,,,untranslated,
228,Abstract_Dev/26,,,untranslated,
229,Abstract_Dev/27,,,untranslated,
230,Abstract_Dev/28,,,untranslated,
231,Abstract_Dev/29,,,untranslated,
232,Abstract_Dev/30,,,untranslated,
233,Abstract_Dev/31,,,untranslated,
234,Abstract_Dev/32,,,untranslated,
235,Abstract_Dev/33,,,untranslated,
236,Abstract_Dev/34,,,untranslated,
237,Abstract_Dev/35,,,untranslated,
238,Abstract_Dev/36,,,untranslated,
239,Abstract_Dev/37,,,untranslated,
240,Abstract_Dev/38,,,untranslated,
241,Abstract_Dev/39,,,untranslated,
242,Abstract_Dev/40,,,untranslated,
243,Abstract_Dev/41,,,untranslated,
244,Abstract_Dev/42,,,untranslated,
245,Abstract_Dev/43,,,untranslated,
246,Abstract_Dev/44,,,untranslated,
247,Abstract_Dev/45,,,untranslated,
248,Abstract_Dev/46,,,untranslated,
249,Abstract_Dev/47,,,untranslated,
250,Abstract_Dev/48,,,untranslated,
251,Abstract_Dev/49,,,untranslated,
252,Abstract_Dev/50,,,untranslated,
253,Abstract_Dev/51,,,untranslated,
254,Abstract_Dev/52,,,untranslated,
255,Abstract_Dev/53,,,untranslated,
256,Abstract_Dev/54,,,untranslated,
257,Abstract_Dev/55,,,untranslated,
258,Abstract_Dev/56,,,untranslated,
259,Abstract_Dev/57,,,untranslated,
260,Abstract_Dev/58,,,untranslated,
261,Abstract_Dev/59,,,untranslated,
262,Abstract_Dev/60,,,untranslated,
263,Abstract_Dev/61,,,untranslated,
264,Abstract_Dev/62,,,untranslated,
265,Abstract_Dev/63,,,untranslated,
266,Abstract_Dev/64,,,untranslated,
267,Abstract_Dev/65,,,untranslated,
268,Abstract_Dev/66,,,untranslated,
269,Abstract_Dev/67,,,untranslated,
270,Abstract_Dev/68,,,untranslated,
271,Abstract_Dev/69,,,untranslated,
272,Abstract_Dev/70,,,untranslated,
273,Abstract_Dev/71,,,untranslated,
274,Abstract_Dev/72,,,untranslated,
275,Abstract_Dev/73,,,untranslated,
276,Abstract_Dev/74,,,untranslated,
277,Abstract_Dev/75,,,untranslated,
278,Abstract_Dev/76,,,untranslated,
279,Abstract_Dev/77,,,untranslated,
280,Abstract_Dev/78,,,untranslated,
281,Abstract_Dev/79,,,untranslated,
282,Abstract_Dev/80,,,untranslated,
283,Abstract_Dev/81,,,untranslated,
284,Abstract_Dev/82,,,untranslated,
285,Abstract_Dev/83,,,untranslated,
286,Abstract_Dev/84,,,untranslated,
287,Abstract_Dev/85,,,untranslated,
288,Abstract_Dev/86,,,untranslated,
289,Abstract_Dev/87,,,untranslated,
290,Abstract_Dev/88,,,untranslated,
291,Abstract_Dev/89,,,untranslated,
292,Abstract_Dev/90,,,untranslated,
293,Real_Dev/1,Enlarged kidney,ไตขยายใหญ่,draft,
294,Real_Dev/2,Reduced kidney,ไตหดเล็ก,draft,
295,Real_Dev/3,Tilted kidney,ไตเอียง,draft,
296,Real_Dev/4,Missing hemisphere,สมองซีกหนึ่งหายไป,draft,
297,Real_Dev/5,Enlarged hemisphere,สมองซีกหนึ่งขยายใหญ่,draft,
298,Real_Dev/6,Reduced hemisphere,สมองซีกหนึ่งหดเล็ก,draft,
299,Real_Dev/7,Upside-down brain,สมองกลับหัว,draft,
300,Real_Dev/8,Missing kidney,ไตหายไป,draft,
301,Real_Dev/9,Sharp fangs,เขี้ยวแหลมคม,draft,
302,Real_Dev/10,Hypothermic head,ศีรษะเย็นผิดปกติ,draft,
303,Real_Dev/11,Hypothermic chest,ทรวงอกเย็นผิดปกติ,draft,
304,Real_Dev/12,Hypothermic heart,หัวใจเย็นผิดปกติ,draft,
305,Real_Dev/13,Hypothermic stomach,กระเพาะเย็นผิดปกติ,draft,
306,Real_Dev/14,Hyperthermic head,ศีรษะร้อนผิดปกติ,draft,
307,Real_Dev/15,Hyperthermic chest,ทรวงอกร้อนผิดปกติ,draft,
308,Real_Dev/16,Hyperthermic lungs,ปอดร้อนผิดปกติ,draft,
309,Real_Dev/17,Hyperthermic stomach,กระเพาะร้อนผิดปกติ,draft,
310,Real_Dev/18,Fused teeth,ฟันเชื่อมติดกัน,draft,
311,Real_Dev/19,Heart pigmentation,หัวใจมีเม็ดสีผิดปกติ,draft,
312,Real_Dev/20,Self-feeding stomach,กระเพาะเลี้ยงตัวเอง,draft,
313,Real_Dev/21,Coral kidney,ไตปะการัง,draft,
314,Real_Dev/22,Missing lung,ปอดหายไป,draft,
315,Real_Dev/23,Skin rash,ผื่นผิวหนัง,draft,
316,Real_Dev/24,Fungal skin growth,เชื้อรางอกบนผิวหนัง,draft,
317,Real_Dev/25,Tentacle-like limb deformity,แขนขาผิดรูปคล้ายหนวด,draft,
318,Real_Dev/26,Esophageal cutaneous mutation,ผิวหลอดอาหารกลายพันธุ์,draft,
319,Real_Dev/27,Symbiotic intelligent growth,เนื้องอกพึ่งพาอาศัยที่มีสติปัญญา,draft,
320,Real_Dev/28,Crystal bone,กระดูกผลึก,draft,
321,Real_Dev/29,Metallic bone,กระดูกโลหะ,draft,
322,Real_Dev/30,Hidden socket,เบ้าซ่อนเร้น,draft,
323,Real_Dev/31,Sharp bone,กระดูกแหลมคม,draft,
324,Real_Dev/32,Thick bone,กระดูกหนา,draft,
325,Real_Dev/33,Thin bone,กระดูกบาง,draft,
326,Real_Dev/34,Crystal growth,ผลึกงอก,draft,
327,Real_Dev/35,Tainted bone,กระดูกปนเปื้อน,draft,
328,Real_Dev/36,Missing ribs,ซี่โครงหายไป,draft,
329,Real_Dev/37,Dense bone,กระดูกหนาแน่น,draft,
330,Real_Dev/38,Spiral bone deformity,กระดูกผิดรูปเป็นเกลียว,draft,
331,Real_Dev/39,Brain electrification,สมองมีประจุไฟฟ้า,draft,
332,Real_Dev/40,Brain petrification,สมองกลายเป็นหิน,draft,
333,Real_Dev/41,Brain pescafication,สมองกลายเป็นปลา,draft,
334,Real_Dev/42,Shark teeth syndrome,กลุ่มอาการฟันฉลาม,draft,
335,Real_Dev/43,Lung bagisation,ปอดกลายเป็นถุง,draft,
336,Real_Dev/44,Heart petrification,หัวใจกลายเป็นหิน,draft,
337,Real_Dev/45,Heart electrification,หัวใจมีประจุไฟฟ้า,draft,
338,Real_Dev/46,Heart voodooisation,หัวใจกลายเป็นวูดู,draft,
339,Real_Dev/47,Liver bagisation,ตับกลายเป็นถุง,draft,
340,Real_Dev/48,Vintage gastric augmentation,ส่วนเสริมกระเพาะแบบวินเทจ,draft,
341,Real_Dev/49,Kidney electrification,ไตมีประจุไฟฟ้า,draft,
342,Real_Dev/50,Skull bumps,กะโหลกเป็นปุ่มนูน,draft,
343,Real_Dev/51,Class [REDACTED] bionic skull,กะโหลกไบโอนิกระดับ [REDACTED],draft,
344,Real_Dev/52,Class [REDACTED] bionic ribs,ซี่โครงไบโอนิกระดับ [REDACTED],draft,
345,Real_Dev/53,Class [REDACTED] bionic left humerus,กระดูกต้นแขนซ้ายไบโอนิกระดับ [REDACTED],draft,
346,Real_Dev/54,Class [REDACTED] bionic right humerus,กระดูกต้นแขนขวาไบโอนิกระดับ [REDACTED],draft,
347,Real_Dev/55,Coral Bone Transformation,กระดูกกลายสภาพเป็นปะการัง,draft,
348,Real_Dev/56,Bone Ichthyization,กระดูกกลายสภาพเป็นปลา,draft,
349,Real_Dev/57,Skull Ichthyization,กะโหลกกลายสภาพเป็นปลา,draft,
350,Real_Dev/58,Tentacles in the Photo,หนวดหลายเส้นในภาพถ่าย,draft,
351,Real_Dev/59,Tentacle in the Photo,หนวดในภาพถ่าย,draft,
352,Real_Dev/60,Predatory Nematode in the Photo,หนอนตัวกลมล่าเหยื่อในภาพถ่าย,draft,
353,Real_Dev/61,Coral Growth on the Skin,ปะการังงอกบนผิวหนัง,draft,
354,Real_Dev/62,Liver with Eyes,ตับมีดวงตา,draft,
355,Real_Dev/63,Stomach with Eyes,กระเพาะมีดวงตา,draft,
356,Real_Dev/64,Heart Behelitization,หัวใจกลายเป็นเบเฮลิต,draft,
357,Real_Dev/65,Octopus Heart-Snatcher,หมึกยักษ์ขโมยหัวใจ,draft,
358,Real_Dev/66,Algal Kidney Transformation,ไตกลายสภาพเป็นสาหร่าย,draft,
359,Real_Dev/67,Algal Lung Transformation,ปอดกลายสภาพเป็นสาหร่าย,draft,
360,Real_Dev/68,Subdermal Power Circuits,วงจรพลังงานใต้ผิวหนัง,draft,
361,Real_Dev/69,Technomancer's Wax Seal on the Skin,ตราประทับขี้ผึ้งของเทคโนแมนเซอร์บนผิวหนัง,draft,
362,Real_Dev/70,Bone-Mounted Wires,สายไฟยึดติดกระดูก,draft,
363,Real_Dev/71,Technomancer's Brain,สมองของเทคโนแมนเซอร์,draft,
364,Real_Dev/72,Atomic Heart,หัวใจปรมาณู,draft,
365,Real_Dev/73,Technomancer's Lung,ปอดของเทคโนแมนเซอร์,draft,
366,Real_Dev/74,Magmatic Heart,หัวใจแมกมา,draft,
367,Real_Dev/75,Technomancer's Enlarged Liver,ตับขยายใหญ่ของเทคโนแมนเซอร์,draft,
368,Real_Dev/76,Technomancer's Stomach,กระเพาะของเทคโนแมนเซอร์,draft,
369,Real_Dev/77,Technomancer's Cubic Kidney,ไตทรงลูกบาศก์ของเทคโนแมนเซอร์,draft,
370,Real_Dev/78,Zeros and Ones in the Photo,เลขศูนย์และหนึ่งในภาพถ่าย,draft,
371,Real_Dev/79,Man Made of Zeros and Ones in the Photo,มนุษย์ที่ประกอบจากเลขศูนย์และหนึ่งในภาพถ่าย,draft,
372,Real_Dev/80,Blue Crystal on the Skin,ผลึกสีน้ำเงินบนผิวหนัง,draft,
373,Real_Dev/81,Gemstones in the Bones,อัญมณีในกระดูก,draft,
374,Real_Dev/82,Blue Ritual Patterns on the Bones,ลวดลายพิธีกรรมสีน้ำเงินบนกระดูก,draft,
375,Real_Dev/83,Fingerprints on the Document,ลายนิ้วมือบนเอกสาร,draft,
376,Real_Dev/84,Unusual Prints on the Document,รอยพิมพ์ผิดปกติบนเอกสาร,draft,
377,Real_Dev/85,Blood Traces on the Document,คราบเลือดบนเอกสาร,draft,
378,Real_Dev/86,Cluster of Spheres in the Photo,กลุ่มทรงกลมในภาพถ่าย,draft,
379,Real_Dev/87,Wrong Photo in the Passport,รูปถ่ายในหนังสือเดินทางไม่ตรง,draft,
380,Real_Dev/88,Wrong Photo on the Pass,รูปถ่ายบนบัตรผ่านไม่ตรง,draft,
381,Real_Dev/89,Wrong Passport Number,หมายเลขหนังสือเดินทางไม่ถูกต้อง,draft,
382,Real_Dev/90,Wrong Pass Number,หมายเลขบัตรผ่านไม่ถูกต้อง,draft,
383,Real_Dev/91,Unseen Observer in the Photo,ผู้สังเกตการณ์ที่มองไม่เห็นในภาพถ่าย,draft,
384,Real_Dev/92,Portal-Type Reality Rift in the Photo,รอยแยกความเป็นจริงประเภทประตูมิติในภาพถ่าย,draft,
385,Real_Dev/93,Phantom Undertaker in the Photo,สัปเหร่อเงาในภาพถ่าย,draft,
386,Real_Dev/94,Burnt-Out Eyes in the Photo,ดวงตาไหม้เกรียมในภาพถ่าย,draft,
387,Real_Dev/95,Phantom Hound in the Photo,สุนัขล่าเนื้อปีศาจในภาพถ่าย,draft,
388,Real_Dev/96,Puppet Strings in the Photo,สายเชิดหุ่นในภาพถ่าย,draft,
389,Real_Dev/97,Anomalous Manifestations Captured by the Elevator Camera,ปรากฏการณ์ผิดปกติที่กล้องลิฟต์บันทึกไว้,draft,
390,Real_Dev/98,Homemade Explosive Device,วัตถุระเบิดทำเอง,draft,
391,Real_Dev/99,Cerebral Crystal Formations,ผลึกก่อตัวในสมอง,draft,
392,Real_Dev/100,Crystal Heart,หัวใจผลึก,draft,
393,Real_Dev/101,Total Kidney Crystallization,ไตตกผลึกทั้งหมด,draft,
394,Real_Dev/102,Liver Replaced with a Ritual Pouch,ตับถูกแทนที่ด้วยถุงพิธีกรรม,draft,
395,Real_Dev/103,Lung Transformed into a Worm-Ridden Tree,ปอดกลายเป็นต้นไม้ที่เต็มไปด้วยหนอน,draft,
396,Real_Dev/104,Lava Stomach,กระเพาะลาวา,draft,
397,Real_Dev/105,Ritual Tattoos on the Skin,รอยสักพิธีกรรมบนผิวหนัง,draft,
398,Real_Dev/106,Spirits with a Hole in the Chest in the Photo,วิญญาณมีรูที่ทรวงอกในภาพถ่าย,draft,
399,Real_Dev/107,Spirit Trying to Crawl into Our World in the Photo,วิญญาณพยายามคลานเข้ามาในโลกของเราในภาพถ่าย,draft,
400,Real_Dev/108,Reality Rift in the Photo,รอยแยกความเป็นจริงในภาพถ่าย,draft,
401,Real_Dev/109,Head Hypothermia,ศีรษะเย็นเกิน,draft,
402,Real_Dev/110,Chest Hypothermia,ทรวงอกเย็นเกิน,draft,
403,Real_Dev/111,Gray Hands in the Photo,มือสีเทาในภาพถ่าย,draft,
404,Real_Dev/112,Rain Cloud in the Photo,เมฆฝนในภาพถ่าย,draft,
405,Real_Dev/113,Clots of Gray Goo on the Skin,ก้อนเมือกเทาบนผิวหนัง,draft,
406,Real_Dev/114,Bone Made of Gray Goo,กระดูกทำจากเมือกเทา,draft,
407,Real_Dev/115,Ribs Made of Gray Goo,ซี่โครงทำจากเมือกเทา,draft,
408,Real_Dev/116,Vertebrae Made of Gray Goo,กระดูกสันหลังทำจากเมือกเทา,draft,
409,Real_Dev/117,Sternum Made of Gray Goo,กระดูกอกทำจากเมือกเทา,draft,
410,Real_Dev/118,Skull Made of Gray Goo,กะโหลกทำจากเมือกเทา,draft,
411,Real_Dev/119,Brain Made of Gray Goo Jelly,สมองทำจากวุ้นเมือกเทา,draft,
412,Real_Dev/120,Sphere with Spikes Instead of a Heart,ทรงกลมมีหนามแทนหัวใจ,draft,
413,Real_Dev/121,Sphere with Spikes Instead of a Lung,ทรงกลมมีหนามแทนปอด,draft,
414,Real_Dev/122,Liver Container for Gray Goo,ตับเป็นภาชนะบรรจุเมือกเทา,draft,
415,Real_Dev/123,Stomach Container for Gray Goo,กระเพาะเป็นภาชนะบรรจุเมือกเทา,draft,
416,Real_Dev/124,Kidney Replaced with a Gray Goo Sphere,ไตถูกแทนที่ด้วยทรงกลมเมือกเทา,draft,
417,Real_Dev/125,Sharpened Teeth,ฟันลับคม,draft,
418,Real_Dev/126,Black Fungal Growths on the Skin,เชื้อราสีดำงอกบนผิวหนัง,draft,
419,Real_Dev/127,Gray Fungal Growths on the Skin,เชื้อราสีเทางอกบนผิวหนัง,draft,
420,Real_Dev/128,Reddish Fungal Growths on the Skin,เชื้อราสีแดงเรื่อที่งอกบนผิวหนัง,draft,
421,Real_Dev/129,Bones Afflicted by Green Mold,กระดูกติดราสีเขียว,draft,
422,Real_Dev/130,Toadstoolization of the Skull,กะโหลกกลายเป็นเห็ดพิษ,draft,
423,Real_Dev/131,Fungal Affliction of the Liver,ตับติดเชื้อรา,draft,
424,Real_Dev/132,Fungoid Affliction of the Brain,สมองติดเชื้อราฟังกอยด์,draft,
425,Real_Dev/133,Fungoid Transformation of the Stomach,กระเพาะกลายสภาพเป็นฟังกอยด์,draft,
426,Real_Dev/134,Fungoid Transformation of the Lung,ปอดกลายสภาพเป็นฟังกอยด์,draft,
427,Real_Dev/135,Fungoid Transformation of the Kidney,ไตกลายสภาพเป็นฟังกอยด์,draft,
428,Real_Dev/136,Heart-Shaped Mask in the Photo,หน้ากากรูปหัวใจในภาพถ่าย,draft,
429,Real_Dev/137,Malicious Toadstool in the Photo,เห็ดพิษชั่วร้ายในภาพถ่าย,draft,
430,Real_Dev/138,Mushroom Fairy in the Photo,ภูตเห็ดในภาพถ่าย,draft,
431,Real_Dev/139,Fungal Overgrowth in the Photo,เชื้อรางอกล้นในภาพถ่าย,draft,
432,Real_Dev/140,Bone Replaced with Fungal Honeycomb,กระดูกถูกแทนที่ด้วยรังผึ้งเชื้อรา,draft,
433,Real_Dev/141,Blue-Fungal Transformation of the Brain,สมองกลายสภาพเป็นเชื้อราสีน้ำเงิน,draft,
434,Real_Dev/142,Inky Heart,หัวใจหมึกดำ,draft,
435,Real_Dev/143,Morel Transformation of the Kidney,ไตกลายสภาพเป็นเห็ดมอเรล,draft,
436,Real_Dev/144,Blood-Fungal Transformation of the Liver,ตับกลายสภาพเป็นเชื้อราเลือด,draft,
437,Real_Dev/145,Malicious Fungal Stomach,กระเพาะเชื้อราชั่วร้าย,draft,
438,Real_Dev/146,Mold Growth on the Lung,รางอกบนปอด,draft,
439,Real_Dev/147,Yellow Moss on the Skin,มอสสีเหลืองบนผิวหนัง,draft,
440,Real_Dev/148,Necrotic Affliction of the Skin,ผิวหนังเป็นเนื้อตาย,draft,
441,Real_Dev/149,Red Color Mentioned in the Rorschach Test Answers,กล่าวถึงสีแดงในคำตอบแบบทดสอบรอร์ชาค,draft,
442,Real_Dev/150,Blue Color Mentioned in the Rorschach Test Answers,กล่าวถึงสีน้ำเงินในคำตอบแบบทดสอบรอร์ชาค,draft,
443,Real_Dev/151,Green Color Mentioned in the Rorschach Test Answers,กล่าวถึงสีเขียวในคำตอบแบบทดสอบรอร์ชาค,draft,
444,Real_Dev/152,White Color Mentioned in the Rorschach Test Answers,กล่าวถึงสีขาวในคำตอบแบบทดสอบรอร์ชาค,draft,
445,Real_Dev/153,Black Color Mentioned in the Rorschach Test Answers,กล่าวถึงสีดำในคำตอบแบบทดสอบรอร์ชาค,draft,
446,Instructions/1,Anomalies in the photo,สิ่งผิดปกติในภาพถ่าย,draft,
447,Instructions/2,External body anomalies,สิ่งผิดปกติภายนอกร่างกาย,draft,
448,Instructions/3,Internal organ anomalies,สิ่งผิดปกติที่อวัยวะภายใน,draft,
449,Instructions/4,Bone anomalies,สิ่งผิดปกติที่กระดูก,draft,
450,Instructions/5,Hypothermic areas,บริเวณอุณหภูมิต่ำผิดปกติ,draft,
451,Instructions/6,Hyperthermic areas,บริเวณอุณหภูมิสูงผิดปกติ,draft,
452,Instructions/7,Forged medical certificate,ใบรับรองแพทย์ปลอม,draft,
453,Instructions/8,"Mismatched details between passport and pass (name, number, or photo)",ข้อมูลในหนังสือเดินทางกับบัตรผ่านไม่ตรงกัน (ชื่อ หมายเลข หรือรูปถ่าย),draft,
454,Instructions/9,Fake name on passport or pass,ชื่อปลอมในหนังสือเดินทางหรือบัตรผ่าน,draft,
455,Instructions/10,Enlarged internal organs,อวัยวะภายในขยายใหญ่,draft,
456,Instructions/11,External neck anomalies,สิ่งผิดปกติภายนอกที่คอ,draft,
457,Instructions/12,Skull anomalies,สิ่งผิดปกติที่กะโหลก,draft,
458,Instructions/13,Rib anomalies,สิ่งผิดปกติที่ซี่โครง,draft,
459,Instructions/14,Arm bone anomalies,สิ่งผิดปกติที่กระดูกแขน,draft,
460,Instructions/15,Spine anomalies,สิ่งผิดปกติที่กระดูกสันหลัง,draft,
461,Instructions/16,External torso anomalies,สิ่งผิดปกติภายนอกที่ลำตัว,draft,
462,Instructions/17,External arm anomalies,สิ่งผิดปกติภายนอกที่แขน,draft,
463,Instructions/18,Heart anomalies,สิ่งผิดปกติที่หัวใจ,draft,
464,Instructions/19,Lung anomalies,สิ่งผิดปกติที่ปอด,draft,
465,Instructions/20,Brain anomalies,สิ่งผิดปกติที่สมอง,draft,
466,Instructions/21,Teeth anomalies,สิ่งผิดปกติที่ฟัน,draft,
467,Instructions/22,Liver anomalies,สิ่งผิดปกติที่ตับ,draft,
468,Instructions/23,Kidney anomalies,สิ่งผิดปกติที่ไต,draft,
469,Instructions/24,Stomach anomalies,สิ่งผิดปกติที่กระเพาะอาหาร,draft,
470,Instructions/25,Phantom creatures in the photo,สิ่งมีชีวิตวิญญาณในภาพถ่าย,draft,
471,Instructions/26,Reality fractures in the photo,รอยแยกของความเป็นจริงในภาพถ่าย,draft,
472,Instructions/27,Phantom hound in the photo,สุนัขล่าเนื้อวิญญาณในภาพถ่าย,draft,
473,Instructions/28,#N/A,,excluded,[excluded] ค่าต้นฉบับ #N/A ไม่ใช่ข้อความสำหรับแปล
474,Instructions/29,Steel bones,กระดูกเหล็ก,draft,
475,Instructions/30,Microchip visible under UV light on papers,ไมโครชิปที่มองเห็นบนเอกสารใต้แสง UV,draft,
476,Instructions/31,Mycelium visible under UV light on papers,เส้นใยราที่มองเห็นบนเอกสารใต้แสง UV,draft,
477,Instructions/32,Ones and zeroes visible under UV light on papers,เลขหนึ่งและศูนย์ที่มองเห็นบนเอกสารใต้แสง UV,draft,
478,Instructions/33,Runic symbols visible under UV light on papers,สัญลักษณ์รูนที่มองเห็นบนเอกสารใต้แสง UV,draft,
479,Instructions/34,Skull visible under UV light on papers,กะโหลกที่มองเห็นบนเอกสารใต้แสง UV,draft,
480,Instructions/35,Any traces visible under UV light on papers,ร่องรอยใด ๆ ที่มองเห็นบนเอกสารใต้แสง UV,draft,
481,Instructions/36,Blue crystals on the skin,ผลึกสีฟ้าบนผิวหนัง,draft,
482,Instructions/37,Wax seals on the skin,ตราประทับขี้ผึ้งบนผิวหนัง,draft,
483,Instructions/38,Macrophagus Pakumanii in the blood,Macrophagus Pakumanii ในเลือด,draft,
484,Instructions/39,Erythrocytus Cyberneticus in the blood,Erythrocytus Cyberneticus ในเลือด,draft,
485,Instructions/40,Tentacles in the photo,หนวดในภาพถ่าย,draft,
486,Instructions/41,Spirits with a hole in their chest in the photo,วิญญาณที่มีรูตรงหน้าอกในภาพถ่าย,draft,
487,Instructions/42,Spirit trying to crawl into our world in the photo,วิญญาณที่พยายามคลานเข้ามาในโลกของเราในภาพถ่าย,draft,
488,Instructions/43,Fly agaric in the photo,เห็ดแมลงวันในภาพถ่าย,draft,
489,Instructions/44,Orange mushrooms on the skin,เห็ดสีส้มบนผิวหนัง,draft,
490,Instructions/45,Fungus-infested liver,ตับที่เชื้อราแพร่เต็ม,draft,
491,Instructions/46,Green mold on the bones,ราสีเขียวบนกระดูก,draft,
492,Instructions/47,Gemstones in the bones,อัญมณีในกระดูก,draft,
493,Instructions/48,Internal organs with eyes,อวัยวะภายในที่มีดวงตา,draft,
494,Instructions/49,Wires on the bones,สายไฟบนกระดูก,draft,
495,Instructions/50,Person made of ones and zeros in the photo,บุคคลที่ประกอบจากเลขหนึ่งและศูนย์ในภาพถ่าย,draft,
496,Instructions/51,Gray goo on the skin,เมือกสีเทาบนผิวหนัง,draft,
497,Instructions/52,Bones made of gray goo,กระดูกที่ทำจากเมือกสีเทา,draft,
498,Instructions/53,Brain made of gray goo jelly,สมองที่ทำจากวุ้นเมือกสีเทา,draft,
499,Instructions/54,Spiked sphere instead of a heart,ทรงกลมมีหนามแทนที่หัวใจ,draft,
500,Instructions/55,Spiked sphere instead of a lung,ทรงกลมมีหนามแทนที่ปอด,draft,
501,Instructions/56,Gray hands in the photo,มือสีเทาในภาพถ่าย,draft,
502,Instructions/57,Rain in the photo,ฝนในภาพถ่าย,draft,
503,Instructions/58,Cybernetic circuits and augmentations on the body,วงจรไซเบอร์เนติกและส่วนเสริมบนร่างกาย,draft,
504,Instructions/59,Cybernetically modified brain,สมองดัดแปลงไซเบอร์เนติก,draft,
505,Instructions/60,Cybernetically modified heart,หัวใจดัดแปลงไซเบอร์เนติก,draft,
506,Instructions/61,Cybernetically modified lungs,ปอดดัดแปลงไซเบอร์เนติก,draft,
507,Instructions/62,Cybernetically modified organs,อวัยวะดัดแปลงไซเบอร์เนติก,draft,
508,Instructions/63,Advanced cybernetic bones,กระดูกไซเบอร์เนติกขั้นสูง,draft,
509,Instructions/64,Purple protective field in the photo,สนามป้องกันสีม่วงในภาพถ่าย,draft,
510,Instructions/65,Green circuits in the photo,วงจรสีเขียวในภาพถ่าย,draft,
511,Instructions/66,Larval skin infestation,ตัวอ่อนแพร่เต็มผิวหนัง,draft,
512,Instructions/67,Web-like growths on the skin,เนื้อเยื่อลักษณะใยแมงมุมบนผิวหนัง,draft,
513,Instructions/68,Parasitic scarab on the skin,ด้วงสคารับปรสิตบนผิวหนัง,draft,
514,Credits/Titles001,"SECURITY 51
DEVELOPED AND PUBLISHED BY ALAWAR


GAME DIRECTOR
Stepan Komarov

HEAD OF PRODUCTION
Andrew Kuvaev

PROJECT MANAGER
Denis Lepikhov

LEAD GAME DESIGNER
Elnur Khalilov

GAME DESIGNER
Fedor Dvorcov

LEAD PROGRAMMER
Dmitry Miroshnichenko

PROGRAMMER
Semyon Kachur

ART DIRECTOR
Stepan Komarov

LEAD ANIMATOR
Sergey Cherenkov

ARTISTS
Aliya Gabdulbarova
Tatyana Afanasyeva
Anna Artiukhova
Sergey Cherenkov
Ivan Ivkin
Yury Kirkevich

QA LEAD
Vladislav Kufeld

QA TESTERS
Alena Gamanova
Semyon Grachev

LOCALIZATION
Mike Belov
Evgenia Sherbak
BSC Everest

RELEASE MANAGER
Kirill Erkholin


HEAD OF MARKETING
Artem Bashutin

SENIOR MARKETING MANAGER
Slava Budaev

SENIOR COMMUNITY MANAGER
Natalie Mukhortova

COMMUNITY MANAGER
Daniil Krasheninnikov

DESIGNER
Polina Shirshova


HEAD OF BUSINESS DEVELOPMENT
Maria Urbanovich

BUSINESS DEVELOPMENT MANAGER
Alex Arsentiev

ANALYTICS AND STATISTICS
Alexey Balobanov


CEO
Sergey Zanin

CFO
Natalya Staritsyna


HUMAN RESOURCES
Svetlana Ignatenko
Tatyana Ivanova

FINANCE
Anastasia Chornaya
Lidia Malyasova
Maria Popova
Nazgul Ibraeva
Yulia Ponomareva

LEGAL
Anna Yakovleva

IT
Yulia Kulikova
Alexander Malitsky

GENERAL SERVICES
Pavel Titov


MUSIC & SOUND
Igor 'Deallry' Galahov

SOUND
Andrey Shubin


OTHER TEAMS AT ALAWAR
Dmitry Terentiev
Svetlana Shvetsova
Evgenia Lee
Artemy Naimushin
Diana Shutova
Alina Lapitskaya
Andrew Kandzha
Max Minkov
Semyon Erochin
Alexander Stalnov
Irina Gamanova
Ilya Napolov
Maria Pritchina
Anton Kashkovsky
Nikita Zhuperin
Vitaliy Ushmotkin
Anastasia Subbotina
Ekaterina Dampilova
Nikita Mialkin


SPECIAL THANKS TO
Natalya Yarovenko
Alexander Svyazhin
Alexey Turischev
Omet
RawrelTV
our playtesters
and you

Security 51 was made with Unity®. Unity is a trademark or registered trademark of Unity Technologies Copyright © 2005-2026 Unity Technologies. All rights reserved.","SECURITY 51
พัฒนาและจัดจำหน่ายโดย ALAWAR


ผู้กำกับเกม
Stepan Komarov

หัวหน้าฝ่ายผลิต
Andrew Kuvaev

ผู้จัดการโครงการ
Denis Lepikhov

หัวหน้านักออกแบบเกม
Elnur Khalilov

นักออกแบบเกม
Fedor Dvorcov

หัวหน้าโปรแกรมเมอร์
Dmitry Miroshnichenko

โปรแกรมเมอร์
Semyon Kachur

ผู้กำกับศิลป์
Stepan Komarov

หัวหน้าฝ่ายแอนิเมชัน
Sergey Cherenkov

ศิลปิน
Aliya Gabdulbarova
Tatyana Afanasyeva
Anna Artiukhova
Sergey Cherenkov
Ivan Ivkin
Yury Kirkevich

หัวหน้าฝ่ายประกันคุณภาพ
Vladislav Kufeld

ผู้ทดสอบคุณภาพ
Alena Gamanova
Semyon Grachev

การแปลภาษา
Mike Belov
Evgenia Sherbak
BSC Everest

ผู้จัดการการเผยแพร่
Kirill Erkholin


หัวหน้าฝ่ายการตลาด
Artem Bashutin

ผู้จัดการอาวุโสฝ่ายการตลาด
Slava Budaev

ผู้จัดการอาวุโสฝ่ายชุมชน
Natalie Mukhortova

ผู้จัดการฝ่ายชุมชน
Daniil Krasheninnikov

นักออกแบบ
Polina Shirshova


หัวหน้าฝ่ายพัฒนาธุรกิจ
Maria Urbanovich

ผู้จัดการฝ่ายพัฒนาธุรกิจ
Alex Arsentiev

การวิเคราะห์และสถิติ
Alexey Balobanov


ประธานเจ้าหน้าที่บริหาร
Sergey Zanin

ประธานเจ้าหน้าที่ฝ่ายการเงิน
Natalya Staritsyna


ฝ่ายทรัพยากรบุคคล
Svetlana Ignatenko
Tatyana Ivanova

ฝ่ายการเงิน
Anastasia Chornaya
Lidia Malyasova
Maria Popova
Nazgul Ibraeva
Yulia Ponomareva

ฝ่ายกฎหมาย
Anna Yakovleva

ฝ่ายไอที
Yulia Kulikova
Alexander Malitsky

ฝ่ายบริการทั่วไป
Pavel Titov


ดนตรีและเสียง
Igor 'Deallry' Galahov

เสียง
Andrey Shubin


ทีมอื่น ๆ ของ ALAWAR
Dmitry Terentiev
Svetlana Shvetsova
Evgenia Lee
Artemy Naimushin
Diana Shutova
Alina Lapitskaya
Andrew Kandzha
Max Minkov
Semyon Erochin
Alexander Stalnov
Irina Gamanova
Ilya Napolov
Maria Pritchina
Anton Kashkovsky
Nikita Zhuperin
Vitaliy Ushmotkin
Anastasia Subbotina
Ekaterina Dampilova
Nikita Mialkin


ขอขอบคุณเป็นพิเศษ
Natalya Yarovenko
Alexander Svyazhin
Alexey Turischev
Omet
RawrelTV
ผู้ร่วมทดสอบเกมของเรา
และคุณ

Security 51 สร้างด้วย Unity® โดย Unity เป็นเครื่องหมายการค้าหรือเครื่องหมายการค้าจดทะเบียนของ Unity Technologies ลิขสิทธิ์ © 2005-2026 Unity Technologies สงวนลิขสิทธิ์",draft,
515,Credits/Titles002,"HEAD OF MARKETING
Artem Bashutin

SENIOR MARKETING MANAGER
Slava Budaev

COMMUNITY MANAGER
Natalie Mukhortova

DESIGNER
Polina Shirshova

HEAD OF BIZ DEV
Maria Urbanovich

BIZ DEV MANAGER
Alex Arsentiev

ANALYTICS AND STATISTICS
Alexey Balobanov

CEO
Sergey Zanin

COO
Natalya Yarovenko

CFO
Natalya Staritsyna
FINANCE
Anastasia Chornaya
Oksana Mikheeva
Lidia Malyasova
Maria Popova
Nazgul Ibraeva

HUMAN RESOURCES
Svetlana Ignatenko
Tatyana Ivanova

LEGAL
Anna Yakovleva

IT
Yulia Kulikova
Sergey Mayatskiy

GENERAL SERVICES
Pavel Titov

MUSIC BY
Igor ‘Deallry’ Galahov

SPECIAL THANKS TO
Ivan Efimov
Mike Towndrow
Grace Yang
Vicarious PR
Omet
RawrelTV
our playtesters
and you","หัวหน้าฝ่ายการตลาด
Artem Bashutin

ผู้จัดการอาวุโสฝ่ายการตลาด
Slava Budaev

ผู้จัดการฝ่ายชุมชน
Natalie Mukhortova

นักออกแบบ
Polina Shirshova

หัวหน้าฝ่ายพัฒนาธุรกิจ
Maria Urbanovich

ผู้จัดการฝ่ายพัฒนาธุรกิจ
Alex Arsentiev

การวิเคราะห์และสถิติ
Alexey Balobanov

ประธานเจ้าหน้าที่บริหาร
Sergey Zanin

ประธานเจ้าหน้าที่ฝ่ายปฏิบัติการ
Natalya Yarovenko

ประธานเจ้าหน้าที่ฝ่ายการเงิน
Natalya Staritsyna
ฝ่ายการเงิน
Anastasia Chornaya
Oksana Mikheeva
Lidia Malyasova
Maria Popova
Nazgul Ibraeva

ฝ่ายทรัพยากรบุคคล
Svetlana Ignatenko
Tatyana Ivanova

ฝ่ายกฎหมาย
Anna Yakovleva

ฝ่ายไอที
Yulia Kulikova
Sergey Mayatskiy

ฝ่ายบริการทั่วไป
Pavel Titov

ดนตรีโดย
Igor ‘Deallry’ Galahov

ขอขอบคุณเป็นพิเศษ
Ivan Efimov
Mike Towndrow
Grace Yang
Vicarious PR
Omet
RawrelTV
ผู้ร่วมทดสอบเกมของเรา
และคุณ",draft,
516,Credits/Titles003, ,,untranslated,
517,Hints/Hint_001,"Names, numbers and so forth must match!",ชื่อ ตัวเลข และข้อมูลอื่น ๆ ต้องตรงกัน!,draft,
518,Hints/Hint_002,Comparing is as easy as pressing [LMB] in a videogame!,เปรียบเทียบได้ง่าย ๆ เพียงกด [LMB] เหมือนในวิดีโอเกม!,draft,
519,Hints/Hint_003,In case of doubt you can reference the instructions!,หากไม่แน่ใจ คุณสามารถเปิดดูคำสั่งได้!,draft,
520,Hints/Hint_004,"Once you've checked everything, make a decision!",เมื่อตรวจครบทุกอย่างแล้ว ให้ตัดสินใจ!,draft,
521,Hints/Hint_005,The elevator can fit up to four people. Going one at a time can take a while! Though it might sometimes be necessary.,ลิฟต์รองรับได้สูงสุดสี่คน การส่งทีละคนอาจใช้เวลานาน! แต่บางครั้งก็อาจจำเป็น,draft,
522,Hints/Hint_006,Press to examine,กดเพื่อตรวจสอบ,draft,
523,Hints/Hint_007,Check suspicious things against the list of anomalies,ตรวจสิ่งน่าสงสัยเทียบกับรายการสิ่งผิดปกติ,draft,
524,Hints/Hint_008,Check what's going on in the elevator,ตรวจดูว่าเกิดอะไรขึ้นในลิฟต์,draft,
525,Hints/Hint_009,Check unusual things against the list of anomalies,ตรวจสิ่งแปลกปลอมเทียบกับรายการสิ่งผิดปกติ,draft,
526,Hints/Hint_010,"If something isn't right, press here!",หากพบสิ่งผิดปกติ ให้กดที่นี่!,draft,
527,Hints/Hint_011,Take it to take photos,หยิบไปใช้ถ่ายภาพ,draft,
528,Hints/Hint_012,Don't forget to replace the film,อย่าลืมเปลี่ยนฟิล์ม,draft,
529,Hints/Hint_013,Bring up the papers to see what is hidden...,ยกเอกสารขึ้นเพื่อดูสิ่งที่ซ่อนอยู่...,draft,
530,Hints/Hint_014,Press to see the inner world,กดเพื่อดูโลกภายใน,draft,
531,Hints/Tutor_001,Switch view (press the arrow or press [SHIFT]) to check their face.,สลับมุมมอง (กดลูกศรหรือกด [SHIFT]) เพื่อตรวจใบหน้า,draft,
532,Hints/Tutor_002,"The face matches the photo, switch back",ใบหน้าตรงกับรูปถ่าย ให้สลับกลับ,draft,
533,Hints/Tutor_003,"The name, number and photo are correct, you can let them through. Take the access card.",ชื่อ หมายเลข และรูปถ่ายถูกต้อง คุณให้ผ่านได้ หยิบบัตรผ่านขึ้นมา,draft,
534,Hints/Tutor_004,The elevator can fit 4 people,ลิฟต์รองรับได้ 4 คน,draft,
535,Hints/Tutor_005,Press here to send the elevator down,กดที่นี่เพื่อส่งลิฟต์ลงไป,draft,
536,Hints/Tutor_006,The elevator is going down. Be careful who you let in…,ลิฟต์กำลังลงไป ระวังให้ดีว่าคุณปล่อยใครเข้ามา…,draft,
537,Hints/Tutor_007,...and who you let out!,...และดูด้วยว่าคุณปล่อยใครออกไป!,draft,
538,Hints/Tutor_008,Everything is in order. Close the camera window,ทุกอย่างเรียบร้อย ปิดหน้าต่างกล้อง,draft,
539,Hints/Tutor_009,Press to let out,กดเพื่อปล่อยออกมา,draft,
540,Hints/Tutor_010,Today you were tasked to check everyone for rashes,วันนี้คุณได้รับมอบหมายให้ตรวจผื่นของทุกคน,draft,
541,Hints/Tutor_011,Press here to activate the x-ray,กดที่นี่เพื่อเปิดเครื่องเอกซเรย์,draft,
542,Hints/Tutor_012,Look for a suspicious rash on the body and select it using [LMB],ค้นหาผื่นน่าสงสัยบนร่างกายและเลือกด้วย [LMB],draft,
543,Hints/Tutor_013,"Move the cursor to the instructions area, then select the relevant item using [LMB]",เลื่อนเคอร์เซอร์ไปยังพื้นที่คำสั่ง แล้วเลือกรายการที่เกี่ยวข้องด้วย [LMB],draft,
544,Hints/Tutor_014,Switch view to deny entrance,สลับมุมมองเพื่อปฏิเสธการเข้า,draft,
545,Hints/Tutor_015,This is definitely an abnormal rash. You cannot let this character through! Take the access card.,นี่เป็นผื่นผิดปกติแน่นอน คุณห้ามปล่อยตัวละครนี้ผ่าน! หยิบบัตรผ่านขึ้นมา,draft,
546,Hints/Tutor_016,"Pay attention to the photo, name and number in the documents.",ตรวจรูปถ่าย ชื่อ และหมายเลขในเอกสารให้ดี,draft,
547,Hints/Tutor_017,"You're doing a fantastic job! Your first day was a success! Keep up the good work! Oh, and I forgot to mention, there will be no days off.",คุณทำงานได้ยอดเยี่ยม! วันแรกผ่านไปด้วยดี! รักษามาตรฐานนี้ไว้! อ้อ ลืมบอกไปว่าไม่มีวันหยุดนะ,draft,
548,Hints/Tutor_018,Pay attention to the name in the documents. This person is dangerous!,ตรวจชื่อในเอกสารให้ดี บุคคลนี้อันตราย!,draft,
549,Hints/Tutor_019,You need to call armed guards!,คุณต้องเรียกเจ้าหน้าที่ติดอาวุธ!,draft,
550,Hints/Tutor_020,Good. We can rely on you.,ดีมาก เราพึ่งพาคุณได้,draft,
551,Hints/Tutor_021,Instructions were violated. Try to be more careful next time!,มีการฝ่าฝืนคำสั่ง ครั้งหน้าโปรดระวังให้มากขึ้น!,draft,
552,Hints/,#N/A,,excluded,[excluded] ค่าต้นฉบับ #N/A ไม่ใช่ข้อความสำหรับแปล
553,CoordinatorReplics/CR_EventMonsterElevator_001,A recent incident has left the cleaning crew quite busy.,เหตุการณ์ล่าสุดทำให้ทีมทำความสะอาดมีงานล้นมือทีเดียว,draft,
554,CoordinatorReplics/CR_EventMonsterElevator_002,The person you missed was... a bit unwell.,คนที่คุณตรวจพลาดไป... ดูไม่ค่อยสบายเท่าไร,draft,
555,CoordinatorReplics/CR_EventMonsterElevator_003,The thing you saw was him sneezing with his mouth closed. Remember that.,สิ่งที่คุณเห็นคือเขาจามทั้งที่ปิดปากอยู่ จำไว้อย่างนั้น,draft,
556,CoordinatorReplics/CR_EventMonsterElevator_004,You should be more careful next time.,ครั้งหน้าคุณควรระวังให้มากกว่านี้,draft,
557,CoordinatorReplics/CR_EventCatanaManElevator_001,The person you let through turned out to be an avid fan of Japanese animation.,คนที่คุณปล่อยผ่านกลายเป็นแฟนตัวยงของแอนิเมชันญี่ปุ่น,draft,
558,CoordinatorReplics/CR_EventCatanaManElevator_002,You have to be extra careful with those.,กับคนพวกนั้นต้องระวังเป็นพิเศษ,draft,
559,CoordinatorReplics/CR_EventCatanaManElevator_003,"They can ""omae wa mou shindeiru"" over the whole elevator, whatever that means.",พวกเขาสามารถ ‘โอมาเอะวะโมชินเดอิรุ’ ใส่ลิฟต์ได้ทั้งตัว ไม่รู้เหมือนกันว่าหมายถึงอะไร,draft,
560,CoordinatorReplics/CR_EventCatanaManElevator_004,"Anyway, stay vigilant.",อย่างไรก็ตาม จงตื่นตัวไว้,draft,
561,CoordinatorReplics/CR_EventHihunElevator_001,The people you just saw in the elevator...,คนที่คุณเพิ่งเห็นในลิฟต์...,draft,
562,CoordinatorReplics/CR_EventHihunElevator_002,You haven't seen them.,คุณไม่เคยเห็นพวกเขา,draft,
563,CoordinatorReplics/CR_EventHihunElevator_003,Remember that.,จำไว้ให้ดี,draft,
564,CoordinatorReplics/CR_EventHihunElevator_004,It would make it easier for everyone.,แบบนั้นจะทำให้ทุกฝ่ายสบายขึ้น,draft,
565,CoordinatorReplics/,#N/A,,excluded,[excluded] ค่าต้นฉบับ #N/A ไม่ใช่ข้อความสำหรับแปล
566,UI/PlaytestTelemetry,"Please keep in mind that this is an early feedback build that may contain bugs and differ significantly in quality and quantity of content from the final version.

Gameplay may be shown in live streams and video reviews, but we would really appreciate it if you could let your subscribers know that [this is not the final version]!

We want to make our game better. To do that, we need your help in collecting anonymized statistics about how you play.

This does not affect your privacy, as no personal data is collected or shared with third parties.

I agree to help and accept the
Privacy Policy and Terms of Use.","โปรดทราบว่านี่คือเกมรุ่นทดลองช่วงต้นซึ่งอาจมีข้อผิดพลาด และคุณภาพรวมถึงปริมาณเนื้อหาอาจแตกต่างจากรุ่นสมบูรณ์อย่างมาก

สามารถเผยแพร่การเล่นผ่านไลฟ์สตรีมและวิดีโอรีวิวได้ แต่เราจะขอบคุณอย่างยิ่งหากคุณแจ้งผู้ชมว่า [นี่ไม่ใช่เกมรุ่นสมบูรณ์]!

เราต้องการปรับปรุงเกมให้ดียิ่งขึ้น และต้องการความช่วยเหลือจากคุณในการเก็บสถิติการเล่นแบบไม่ระบุตัวตน

การดำเนินการนี้ไม่กระทบความเป็นส่วนตัว เนื่องจากไม่มีการเก็บหรือแบ่งปันข้อมูลส่วนบุคคลกับบุคคลที่สาม

ฉันยินยอมให้ความช่วยเหลือและยอมรับ
นโยบายความเป็นส่วนตัวและข้อกำหนดการใช้งาน",draft,
567,UI/PlaytestTelemetryFlag,Personal-Data Processing,การประมวลผลข้อมูลส่วนบุคคล,draft,
568,Hints/Tutor_022,Place the card in the punch machine so that the rejection area is inside.,วางบัตรเข้าเครื่องประทับ โดยให้ส่วนปฏิเสธอยู่ด้านใน,draft,
569,Hints/Tutor_023,Punch the access card!,ประทับบัตรผ่าน!,draft,
570,Dialogue/Conversation/77/Entry/1/Dialogue Text,Don't waste paper!,อย่าเปลืองกระดาษ!,draft,
571,Shop/AntidepressantsName,Sedative,ยาระงับประสาท,draft,
572,Shop/AntidepressantsDesc,"Help mitigate stress, adding {0} points to sanity.",ช่วยบรรเทาความเครียด เพิ่มค่าสติ {0} แต้ม,draft,
573,Shop/SandwichName,Sandwich,แซนด์วิช,draft,
574,Shop/SandwichDesc,"A delicious and filling sandwich. Increases sanity by {0} and greatly alleviates hunger, adding +{1} to satiety.",แซนด์วิชแสนอร่อยและอิ่มท้อง เพิ่มค่าสติ {0} และบรรเทาความหิวได้มาก โดยเพิ่มความอิ่ม +{1},draft,
575,Shop/CakeName,Little Cupcake,คัพเค้กชิ้นเล็ก,draft,
576,Shop/CakeDesc,"A perfect treat after a hard day at work. Increases sanity by {0} and slightly alleviates hunger, adding +{1} to satiety.",ของหวานที่เหมาะอย่างยิ่งหลังวันทำงานหนัก เพิ่มค่าสติ {0} และบรรเทาความหิวเล็กน้อย โดยเพิ่มความอิ่ม +{1},draft,
577,Shop/,#N/A,,excluded,[excluded] ค่าต้นฉบับ #N/A ไม่ใช่ข้อความสำหรับแปล
578,Dialogue/Conversation/78/Entry/1/Dialogue Text,Keep extra papers away from the punch machine!,อย่าวางกระดาษส่วนเกินใกล้เครื่องประทับ!,draft,
579,Dialogue/Conversation/79/Entry/1/Dialogue Text,Position the card correctly.,วางบัตรให้ถูกตำแหน่ง,draft,
580,Dialogue/Conversation/80/Entry/1/Dialogue Text,Hi! Can we skip the x-ray this time?,หวัดดี! คราวนี้ข้ามเอกซเรย์ได้ไหม?,draft,
581,UI/MMNG,New Game,เกมใหม่,draft,
582,Doc_Loc/NewMaleName1,James Wilson,เจมส์ วิลสัน,draft,
583,Doc_Loc/NewMaleName2,Ethan Walker,อีธาน วอล์กเกอร์,draft,
584,Doc_Loc/NewMaleName3,Mason Cooper,เมสัน คูเปอร์,draft,
585,Doc_Loc/NewMaleName4,Logan Reed,โลแกน รีด,draft,
586,Doc_Loc/NewMaleName5,Jackson Hayes,แจ็กสัน เฮย์ส,draft,
587,Doc_Loc/NewMaleName6,Liam Bennett,เลียม เบนเน็ตต์,draft,
588,Doc_Loc/NewMaleName7,Noah Sullivan,โนอาห์ ซัลลิแวน,draft,
589,Doc_Loc/NewMaleName8,Lucas Morgan,ลูคัส มอร์แกน,draft,
590,Doc_Loc/NewMaleName9,Oliver Brooks,โอลิเวอร์ บรูกส์,draft,
591,Doc_Loc/NewMaleName10,Benjamin Foster,เบนจามิน ฟอสเตอร์,draft,
592,Doc_Loc/NewMaleName11,Maximillian Müller,แม็กซิมิลเลียน มึลเลอร์,draft,
593,Doc_Loc/NewMaleName12,Lucas Schmidt,ลูคัส ชมิดต์,draft,
594,Doc_Loc/NewMaleName13,Andreas Schneider,อันเดรียส ชไนเดอร์,draft,
595,Doc_Loc/NewMaleName14,Stefan Fischer,สเตฟาน ฟิชเชอร์,draft,
596,Doc_Loc/NewMaleName15,Tomas Weber,โทมัส เวเบอร์,draft,
597,Doc_Loc/NewMaleName16,Michael Meier,มิชาเอล ไมเออร์,draft,
598,Doc_Loc/NewMaleName17,Jürgen Wagner,เยือร์เกิน วากเนอร์,draft,
599,Doc_Loc/NewMaleName18,Hans Becker,ฮันส์ เบกเกอร์,draft,
600,Doc_Loc/NewMaleName19,Klaus Schulz,เคลาส์ ชูลซ์,draft,
601,Doc_Loc/NewMaleName20,Alexander Hoffmann,อเล็กซานเดอร์ ฮอฟมันน์,draft,
602,Doc_Loc/NewMaleName21,Alexander Volkov,อเล็กซานเดอร์ โวลคอฟ,draft,
603,Doc_Loc/NewMaleName22,Mikhail Belov,มิคาอิล เบลอฟ,draft,
604,Doc_Loc/NewMaleName23,Dmitry Orlov,ดมิตรี ออร์ลอฟ,draft,
605,Doc_Loc/NewMaleName24,Ivan Romanov,อีวาน โรมานอฟ,draft,
606,Doc_Loc/NewMaleName25,Alexei Vorobyov,อเล็กเซย์ โวโรบยอฟ,draft,
607,Doc_Loc/NewMaleName26,Sergei Pavlov,เซอร์เกย์ พาฟลอฟ,draft,
608,Doc_Loc/NewMaleName27,Andrei Kozlov,อันเดรย์ คอซลอฟ,draft,
609,Doc_Loc/NewMaleName28,Nikolai Makarov,นิโคไล มาคารอฟ,draft,
610,Doc_Loc/NewMaleName29,Artyom Zaitsev,อาร์ตยอม ไซต์เซฟ,draft,
611,Doc_Loc/NewMaleName30,Vladimir Shevtsov,วลาดีมีร์ เชฟต์ซอฟ,draft,
612,Doc_Loc/NewMaleName31,Mateo Garcia,มาเตโอ การ์เซีย,draft,
613,Doc_Loc/NewMaleName32,Santiago Rodriguez,ซานติอาโก โรดริเกซ,draft,
614,Doc_Loc/NewMaleName33,Alejandro Hernandez,อาเลฆันโดร เอร์นันเดซ,draft,
615,Doc_Loc/NewMaleName34,Diego Martinez,ดิเอโก มาร์ติเนซ,draft,
616,Doc_Loc/NewMaleName35,Luis Alfonso Gonzalez,ลุยส์ อัลฟอนโซ กอนซาเลซ,draft,
617,Doc_Loc/NewMaleName36,Javier Lopez,ฆาบิเอร์ โลเปซ,draft,
618,Doc_Loc/NewMaleName37,Miguel Angel Sanchez,มิเกล อังเฆล ซานเชซ,draft,
619,Doc_Loc/NewMaleName38,Francisco Perez,ฟรันซิสโก เปเรซ,draft,
620,Doc_Loc/NewMaleName39,Carlos Ramirez,การ์โลส รามิเรซ,draft,
621,Doc_Loc/NewMaleName40,Sebastian Torres,เซบัสเตียน ตอร์เรส,draft,
622,Doc_Loc/NewMaleName41,Sato Hiroshi,ซาโตะ ฮิโรชิ,draft,
623,Doc_Loc/NewMaleName42,Tanaka Kenji,ทานากะ เคนจิ,draft,
624,Doc_Loc/NewMaleName43,Suzuki Takashi,ซูซูกิ ทากาชิ,draft,
625,Doc_Loc/NewMaleName44,Takahashi Ren,ทากาฮาชิ เร็น,draft,
626,Doc_Loc/NewMaleName45,Watanabe Haruto,วาตานาเบะ ฮารูโตะ,draft,
627,Doc_Loc/NewMaleName46,Ito Shota,อิโตะ โชตะ,draft,
628,Doc_Loc/NewMaleName47,Nakamura Daisuke,นากามูระ ไดสุเกะ,draft,
629,Doc_Loc/NewMaleName48,Kobayashi Akira,โคบายาชิ อากิระ,draft,
630,Doc_Loc/NewMaleName49,Yamamoto Kazuo,ยามาโมโตะ คาซูโอะ,draft,
631,Doc_Loc/NewMaleName50,Matsumoto Yuto,มัตสึโมโตะ ยูโตะ,draft,
632,Doc_Loc/NewMaleName51,Li Wei,หลี่ เว่ย,draft,
633,Doc_Loc/NewMaleName52,Wang Qiang,หวัง เฉียง,draft,
634,Doc_Loc/NewMaleName53,Zhang Lei,จาง เหลย,draft,
635,Doc_Loc/NewMaleName54,Liu Jun,หลิว จวิน,draft,
636,Doc_Loc/NewMaleName55,Chen Hao,เฉิน ฮ่าว,draft,
637,Doc_Loc/NewMaleName56,Yang Bo,หยาง ป๋อ,draft,
638,Doc_Loc/NewMaleName57,Zhao Ming,จ้าว หมิง,draft,
639,Doc_Loc/NewMaleName58,Huang Jian,หวง เจี้ยน,draft,
640,Doc_Loc/NewMaleName59,Zhou Feng,โจว เฟิง,draft,
641,Doc_Loc/NewMaleName60,Wu Yun,อู๋ หยุน,draft,
642,Doc_Loc/NewMaleName61,Chayton Kitchi,เชย์ตัน คิตชี,draft,
643,Doc_Loc/NewMaleName62,Hania Makwa,ฮาเนีย มาควา,draft,
644,Doc_Loc/NewMaleName63,Nokosi Tashunka,โนโคซี ทาชุนกา,draft,
645,Doc_Loc/NewMaleName64,Misu Ohanzi,มิซู โอฮันซี,draft,
646,Doc_Loc/NewMaleName65,Kohana Wakan,โคฮานา วาคัน,draft,
647,Doc_Loc/NewMaleName66,Tyen Kele,ไทเยน เคเล,draft,
648,Doc_Loc/NewMaleName67,Bodaway Elsu,โบดาเวย์ เอลซู,draft,
649,Doc_Loc/NewMaleName68,Thotsoni Chatan,ทอตโซนี ชาตัน,draft,
650,Doc_Loc/NewMaleName69,Lonan Peita,โลนัน เปอิตา,draft,
651,Doc_Loc/NewMaleName70,Vikasa Vaupani,วิกาซา เวาปานี,draft,
652,Doc_Loc/NewMaleName71,Arjun Sharma,อาร์จุน ชาร์มา,draft,
653,Doc_Loc/NewMaleName72,Rohan Gupta,โรฮัน คุปตะ,draft,
654,Doc_Loc/NewMaleName73,Vihan Iyer,วิฮาน ไอเยอร์,draft,
655,Doc_Loc/NewMaleName74,Ishan Reddy,อิชาน เรดดี,draft,
656,Doc_Loc/NewMaleName75,Aarav Singh,อารัฟ ซิงห์,draft,
657,Doc_Loc/NewMaleName76,Advait Patel,อัดไวต์ พาเทล,draft,
658,Doc_Loc/NewMaleName77,Kabir Chatterjee,กาบีร์ แชตเทอร์จี,draft,
659,Doc_Loc/NewMaleName78,Sai Nair,ไซ แนร์,draft,
660,Doc_Loc/NewMaleName79,Reyansh Joshi,เรยานช์ โจชี,draft,
661,Doc_Loc/NewMaleName80,Dev Malhotra,เดฟ มัลโฮตรา,draft,
662,Doc_Loc/NewMaleName81,Femi Soyinka,เฟมี โซยินกา,draft,
663,Doc_Loc/NewMaleName82,Obinna Opara,โอบินนา โอพารา,draft,
664,Doc_Loc/NewMaleName83,Gbenga Akindele,เบงกา อาคินเดเล,draft,
665,Doc_Loc/NewMaleName84,Ifeanyi Okeke,อิเฟอันยี โอเคเค,draft,
666,Doc_Loc/NewMaleName85,Usman Ibrahim,อุสมาน อิบราฮิม,draft,
667,Doc_Loc/NewMaleName86,Bongani Nkosi,บองกานี เอ็นโคซี,draft,
668,Doc_Loc/NewMaleName87,Katlego Modise,คัตเลโก โมดีเซ,draft,
669,Doc_Loc/NewMaleName88,Sipho Celje,ซิโฟ เซลเย,draft,
670,Doc_Loc/NewMaleName89,Teboho Radebe,เทโบโฮ ราเดเบ,draft,
671,Doc_Loc/NewMaleName90,Kwanda Mabuza,ควานดา มาบูซา,draft,
672,Doc_Loc/NewMaleName91,Ahmed Mansour,อาห์เหม็ด มันซูร์,draft,
673,Doc_Loc/NewMaleName92,Mahmoud Al Sayed,มาห์มูด อัลซาเยด,draft,
674,Doc_Loc/NewMaleName93,Youssef Hassan,ยูเซฟ ฮัสซัน,draft,
675,Doc_Loc/NewMaleName94,Omar Ibrahim,โอมาร์ อิบราฮิม,draft,
676,Doc_Loc/NewMaleName95,Karim Fawzi,คาริม เฟาซี,draft,
677,Doc_Loc/NewMaleName96,Tarek Radwan,ทาเร็ก รัดวาน,draft,
678,Doc_Loc/NewMaleName97,Hani Khalil,ฮานี คาลิล,draft,
679,Doc_Loc/NewMaleName98,Mustafa Abdel-Rahman,มุสตาฟา อับเดล-เราะห์มาน,draft,
680,Doc_Loc/NewMaleName99,Ziad Hegazy,ซิยาด เฮกาซี,draft,
681,Doc_Loc/NewMaleName100,Amr Salem,อัมร์ ซาเล็ม,draft,
682,Doc_Loc/NewFemaleName1,Olivia Thompson,โอลิเวีย ทอมป์สัน,draft,
683,Doc_Loc/NewFemaleName2,Emma Richardson,เอ็มมา ริชาร์ดสัน,draft,
684,Doc_Loc/NewFemaleName3,Ava Collins,เอวา คอลลินส์,draft,
685,Doc_Loc/NewFemaleName4,Sophia Jenkins,โซเฟีย เจนกินส์,draft,
686,Doc_Loc/NewFemaleName5,Isabella Myers,อิซาเบลลา ไมเออร์ส,draft,
687,Doc_Loc/NewFemaleName6,Charlotte Gray,ชาร์ลอตต์ เกรย์,draft,
688,Doc_Loc/NewFemaleName7,Amelia Howard,อะมีเลีย ฮาวเวิร์ด,draft,
689,Doc_Loc/NewFemaleName8,Mia Patterson,มีอา แพตเตอร์สัน,draft,
690,Doc_Loc/NewFemaleName9,Harper Wright,ฮาร์เปอร์ ไรต์,draft,
691,Doc_Loc/NewFemaleName10,Evelyn Mitchell,เอเวลิน มิตเชลล์,draft,
692,Doc_Loc/NewFemaleName11,Sophie Müller,โซฟี มึลเลอร์,draft,
693,Doc_Loc/NewFemaleName12,Emma Schmidt,เอ็มมา ชมิดต์,draft,
694,Doc_Loc/NewFemaleName13,Hannah Schneider,ฮันนา ชไนเดอร์,draft,
695,Doc_Loc/NewFemaleName14,Maria Fischer,มาเรีย ฟิชเชอร์,draft,
696,Doc_Loc/NewFemaleName15,Anna Weber,อันนา เวเบอร์,draft,
697,Doc_Loc/NewFemaleName16,Laura Meyer,เลารา ไมเออร์,draft,
698,Doc_Loc/NewFemaleName17,Julia Wagner,ยูเลีย วากเนอร์,draft,
699,Doc_Loc/NewFemaleName18,Sabine Becker,ซาบีเน เบกเกอร์,draft,
700,Doc_Loc/NewFemaleName19,Karine Schulz,คารีเน ชูลซ์,draft,
701,Doc_Loc/NewFemaleName20,Helga Hoffmann,เฮลกา ฮอฟมันน์,draft,
702,Doc_Loc/NewFemaleName21,Anna Kuznetsova,อันนา คุซเนตโซวา,draft,
703,Doc_Loc/NewFemaleName22,Yelena Sokolova,เยเลนา โซโคโลวา,draft,
704,Doc_Loc/NewFemaleName23,Maria Popova,มาเรีย โปโปวา,draft,
705,Doc_Loc/NewFemaleName24,Anastasia Lebedeva,อนาสตาเซีย เลเบเดวา,draft,
706,Doc_Loc/NewFemaleName25,Yekaterina Morozova,เยคาเตรีนา โมโรโซวา,draft,
707,Doc_Loc/NewFemaleName26,Olga Smirnova,โอลกา สมีร์โนวา,draft,
708,Doc_Loc/NewFemaleName27,Natalia Vasilyeva,นาตาเลีย วาซิลเยวา,draft,
709,Doc_Loc/NewFemaleName28,Tatiana Kovaleva,ตาเตียนา โควาเลวา,draft,
710,Doc_Loc/NewFemaleName29,Daria Novikova,ดาเรีย โนวิโควา,draft,
711,Doc_Loc/NewFemaleName30,Svetlana Shapovalova,สเวตลานา ชาโปวาโลวา,draft,
712,Doc_Loc/NewFemaleName31,Isabella Flores,อิซาเบลลา ฟลอเรส,draft,
713,Doc_Loc/NewFemaleName32,Sofia Morales,โซเฟีย โมราเลส,draft,
714,Doc_Loc/NewFemaleName33,Valentina Herrera,บาเลนตินา เอร์เรรา,draft,
715,Doc_Loc/NewFemaleName34,Camila Castro,กามิลา กัสโตร,draft,
716,Doc_Loc/NewFemaleName35,Elena Ruiz,เอเลนา รุยซ์,draft,
717,Doc_Loc/NewFemaleName36,Maria Jose Ortega,มาเรีย โฆเซ ออร์เตกา,draft,
718,Doc_Loc/NewFemaleName37,Gabriela Silva,กาเบรียลา ซิลบา,draft,
719,Doc_Loc/NewFemaleName38,Lucia Mendez,ลูเซีย เมนเดซ,draft,
720,Doc_Loc/NewFemaleName39,Jimena Diaz,ฆิเมนา ดิอาซ,draft,
721,Doc_Loc/NewFemaleName40,Fernanda Rojas,เฟร์นันดา โรฆัส,draft,
722,Doc_Loc/NewFemaleName41,Sasaki Sakura,ซาซากิ ซากุระ,draft,
723,Doc_Loc/NewFemaleName42,Yamada Hana,ยามาดะ ฮานะ,draft,
724,Doc_Loc/NewFemaleName43,Inoue Yuki,อิโนอุเอะ ยูกิ,draft,
725,Doc_Loc/NewFemaleName44,Kimura Misaki,คิมูระ มิซากิ,draft,
726,Doc_Loc/NewFemaleName45,Hayashi Aoi,ฮายาชิ อาโออิ,draft,
727,Doc_Loc/NewFemaleName46,Shimizu Nanami,ชิมิซุ นานามิ,draft,
728,Doc_Loc/NewFemaleName47,Mori Riko,โมริ ริโกะ,draft,
729,Doc_Loc/NewFemaleName48,Abe Mei,อาเบะ เมอิ,draft,
730,Doc_Loc/NewFemaleName49,Yoshida Akari,โยชิดะ อาการิ,draft,
731,Doc_Loc/NewFemaleName50,Yamaguchi Haruna,ยามากูจิ ฮารูนะ,draft,
732,Doc_Loc/NewFemaleName51,Xu Meilin,สวี เหม่ยหลิน,draft,
733,Doc_Loc/NewFemaleName52,Sun Lihua,ซุน ลี่ฮวา,draft,
734,Doc_Loc/NewFemaleName53,Ma Xiaomei,หม่า เสี่ยวเหมย,draft,
735,Doc_Loc/NewFemaleName54,Zhu Ying,จู อิง,draft,
736,Doc_Loc/NewFemaleName55,Hu Yan,หู เยียน,draft,
737,Doc_Loc/NewFemaleName56,Guo Xue,กัว เสวี่ย,draft,
738,Doc_Loc/NewFemaleName57,He Ling,เหอ หลิง,draft,
739,Doc_Loc/NewFemaleName58,Lin Jia,หลิน เจีย,draft,
740,Doc_Loc/NewFemaleName59,Gao Fang,เกา ฟาง,draft,
741,Doc_Loc/NewFemaleName60,Luo Qin,หลัว ฉิน,draft,
742,Doc_Loc/NewFemaleName61,Aponi Kachina,อาโพนี คาชินา,draft,
743,Doc_Loc/NewFemaleName62,Doli Winona,โดลี วิโนนา,draft,
744,Doc_Loc/NewFemaleName63,Nita Chimalis,นิตา ชิมาลิส,draft,
745,Doc_Loc/NewFemaleName64,Tallulah Halona,ทัลลูลาห์ ฮาโลนา,draft,
746,Doc_Loc/NewFemaleName65,Chenoa Kiona,เชโนอา คิโอนา,draft,
747,Doc_Loc/NewFemaleName66,Zaltana Mapia,ซัลทานา มาเปีย,draft,
748,Doc_Loc/NewFemaleName67,Nokomis Sihu,โนโคมิส ซิฮู,draft,
749,Doc_Loc/NewFemaleName68,Mika Yanaba,มิกา ยานาบา,draft,
750,Doc_Loc/NewFemaleName69,Oleita Tiwa,โอเลอิตา ทีวา,draft,
751,Doc_Loc/NewFemaleName70,Kaya Enola,คายา อีโนลา,draft,
752,Doc_Loc/NewFemaleName71,Ananya Kulkarni,อนันยา กุลการ์นี,draft,
753,Doc_Loc/NewFemaleName72,Diya Mukherjee,ดิยา มุเคอร์จี,draft,
754,Doc_Loc/NewFemaleName73,Ishani Rao,อิชานี ราว,draft,
755,Doc_Loc/NewFemaleName74,Maira Das,ไมรา ดาส,draft,
756,Doc_Loc/NewFemaleName75,Sanvi Verma,ซานวี เวอร์มา,draft,
757,Doc_Loc/NewFemaleName76,Zara Bhat,ซารา ภัต,draft,
758,Doc_Loc/NewFemaleName77,Kavya Menon,กาวยา เมนอน,draft,
759,Doc_Loc/NewFemaleName78,Priya Pillai,ปรียา พิลไล,draft,
760,Doc_Loc/NewFemaleName79,Amara Agarwal,อมารา อการ์วาล,draft,
761,Doc_Loc/NewFemaleName80,Navya Saxena,นาวยา ซักเซนา,draft,
762,Doc_Loc/NewFemaleName81,Ifeoma Nwasu,อิเฟโอมา นวาซู,draft,
763,Doc_Loc/NewFemaleName82,Oluchi Fasola,โอลูชี ฟาโซลา,draft,
764,Doc_Loc/NewFemaleName83,Funmilayo Alade,ฟุนมิลาโย อลาเด,draft,
765,Doc_Loc/NewFemaleName84,Amina Shehu,อามีนา เชฮู,draft,
766,Doc_Loc/NewFemaleName85,Chika Onuoha,ชิกา โอนูโอฮา,draft,
767,Doc_Loc/NewFemaleName86,Palesa Morake,ปาเลซา โมราเก,draft,
768,Doc_Loc/NewFemaleName87,Nonhlanhla Zondi,โนนห์ลันห์ลา ซอนดี,draft,
769,Doc_Loc/NewFemaleName88,Mbali Mthembu,อึมบาลี เอ็มเทมบู,draft,
770,Doc_Loc/NewFemaleName89,Simphiwe Madikizela,ซิมฟีเว มาดิกิเซลา,draft,
771,Doc_Loc/NewFemaleName90,Refue Morena,เรฟูเอ โมเรนา,draft,
772,Doc_Loc/NewFemaleName91,Amira Gomaa,อามีรา โกมา,draft,
773,Doc_Loc/NewFemaleName92,Yasmin Shaker,ยัสมิน ชาเกอร์,draft,
774,Doc_Loc/NewFemaleName93,Leyla Osman,เลย์ลา ออสมาน,draft,
775,Doc_Loc/NewFemaleName94,Nur Amin,นูร์ อามิน,draft,
776,Doc_Loc/NewFemaleName95,Salma Rizk,ซัลมา ริซก์,draft,
777,Doc_Loc/NewFemaleName96,Maryam Badawi,มัรยัม บาดาวี,draft,
778,Doc_Loc/NewFemaleName97,Hana Mahfouz,ฮานา มาห์ฟูซ,draft,
779,Doc_Loc/NewFemaleName98,Farida Sultan,ฟารีดา สุลต่าน,draft,
780,Doc_Loc/NewFemaleName99,Shahd Galal,ชาฮ์ด กาลาล,draft,
781,Doc_Loc/NewFemaleName100,Malak Al Masry,มาลัก อัลมาสรี,draft,
782,CityOperations/,#N/A,,excluded,[excluded] ค่าต้นฉบับ #N/A ไม่ใช่ข้อความสำหรับแปล
783,CityOperations/op_collect_info_name,Gather Intel,รวบรวมข่าวกรอง,draft,
784,CityOperations/op_collect_info_desc,Send agents to collect information on cases of disease with unidentified pathogens,ส่งเจ้าหน้าที่ไปรวบรวมข้อมูลกรณีโรคที่เกิดจากเชื้อก่อโรคซึ่งยังระบุไม่ได้,draft,
785,CityOperations/op_collect_samples_name,Collect Samples,เก็บตัวอย่าง,draft,
786,CityOperations/op_collect_samples_desc,Send a team to collect biomaterial from patients with suspected Infection X,ส่งทีมไปเก็บวัสดุชีวภาพจากผู้ป่วยที่สงสัยว่าติดเชื้อ X,draft,
787,CityOperations/op_health_propaganda_name,Outreach,รณรงค์ประชาสัมพันธ์,draft,
788,CityOperations/op_health_propaganda_desc,Send agents to promote universal preventive measures,ส่งเจ้าหน้าที่ไปรณรงค์มาตรการป้องกันสำหรับประชาชนทุกคน,draft,
789,CityOperations/op_eliminate_foci_name,Control Outbreaks,ควบคุมการระบาด,draft,
790,CityOperations/op_eliminate_foci_desc,"Send special units kitted out to exterminate rats, pigeons and other potential natural carriers of Infection X",ส่งหน่วยพิเศษพร้อมอุปกรณ์ไปกำจัดหนู นกพิราบ และพาหะตามธรรมชาติอื่นที่อาจแพร่เชื้อ X,draft,
791,CityOperations/op_find_p0_name,Find Patient 0,ค้นหาผู้ป่วยหมายเลขศูนย์,draft,
792,CityOperations/op_find_p0_desc,Send agents to find and subsequently isolate the first patient with Infection X,ส่งเจ้าหน้าที่ไปค้นหาและกักตัวผู้ป่วยรายแรกที่ติดเชื้อ X,draft,
793,CityOperations/op_disperse_crowds_name,Prevent Mass Gatherings,ป้องกันการรวมตัวขนาดใหญ่,draft,
794,CityOperations/op_disperse_crowds_desc,Send suppression teams to disperse mass events,ส่งหน่วยควบคุมฝูงชนไปสลายกิจกรรมที่มีคนรวมตัวจำนวนมาก,draft,
795,CityOperations/op_provoke_disease_name,Trigger an Outbreak,กระตุ้นการระบาด,draft,
796,CityOperations/op_provoke_disease_desc,Release infected pigeons into densely populated areas to trigger an outbreak of Infection X and then collect materials for research,ปล่อยนกพิราบติดเชื้อในพื้นที่ประชากรหนาแน่นเพื่อกระตุ้นการระบาดของเชื้อ X จากนั้นเก็บวัสดุสำหรับการวิจัย,draft,
797,CityOperations/op_field_tech_name,Test Run of the Suppressor,ทดสอบเดินเครื่องเครื่องยับยั้ง,draft,
798,CityOperations/op_field_tech_desc,Conduct a test run of the Suppressor installation and study the effects of its radiation on Infection X,ทดสอบเดินเครื่องระบบเครื่องยับยั้งและศึกษาผลของรังสีที่มีต่อเชื้อ X,draft,
799,CityOperations/op_field_parasite_name,Study Tardifuma Influence,ศึกษาอิทธิพลของ Tardifuma,draft,
800,CityOperations/op_field_parasite_desc,Conduct field studies of Tardifuma worms and their impact on those infected with Virus X,ศึกษาหนอน Tardifuma ภาคสนามและผลกระทบต่อผู้ติดไวรัส X,draft,
801,CityOperations/op_field_fungus_name,Study Los Evos Influence,ศึกษาอิทธิพลของ Los Evos,draft,
802,CityOperations/op_field_fungus_desc,Conduct field studies of Los Evos fungi and their impact on those infected with Virus X,ศึกษาเชื้อรา Los Evos ภาคสนามและผลกระทบต่อผู้ติดไวรัส X,draft,
803,CityOperations/op_limited_tech_name,Limited Run of the Suppressor,เดินเครื่องเครื่องยับยั้งแบบจำกัดพื้นที่,draft,
804,CityOperations/op_limited_tech_desc,Send teams to isolate one of the infected areas of the city and run the Suppressor installation within its perimeter,ส่งทีมไปปิดกั้นพื้นที่ติดเชื้อแห่งหนึ่งในเมืองและเดินเครื่องระบบเครื่องยับยั้งภายในขอบเขตนั้น,draft,
805,CityOperations/op_limited_parasite_name,Local Tardifuma Propagation,แพร่ Tardifuma เฉพาะพื้นที่,draft,
806,CityOperations/op_limited_parasite_desc,Send teams to isolate one of the infected areas of the city and spread Tardifuma worms in it,ส่งทีมไปปิดกั้นพื้นที่ติดเชื้อแห่งหนึ่งในเมืองและแพร่หนอน Tardifuma ภายในพื้นที่,draft,
807,CityOperations/op_limited_fungus_name,Local Los Evos Propagation,แพร่ Los Evos เฉพาะพื้นที่,draft,
808,CityOperations/op_limited_fungus_desc,Send teams to isolate one of the infected areas of the city and spread Los Evos fungi in it,ส่งทีมไปปิดกั้นพื้นที่ติดเชื้อแห่งหนึ่งในเมืองและแพร่เชื้อรา Los Evos ภายในพื้นที่,draft,
809,CityOperations/op_enkidu_name,The Enkidu Protocol,พิธีสาร Enkidu,draft,
810,CityOperations/op_enkidu_desc,Deploy a network of Suppressors and activate emission throughout the city,ติดตั้งเครือข่ายเครื่องยับยั้งและเปิดการแผ่รังสีทั่วทั้งเมือง,draft,
811,CityOperations/op_morbophage_name,The Morobophage Protocol,พิธีสาร Morobophage,draft,
812,CityOperations/op_morbophage_desc,Send mobile teams to spread Tardifuma worms throughout the city,ส่งทีมเคลื่อนที่ไปแพร่หนอน Tardifuma ทั่วทั้งเมือง,draft,
813,CityOperations/op_amanita_name,The Amanita Curans Protocol,พิธีสาร Amanita Curans,draft,
814,CityOperations/op_amanita_desc,Send mobile sprayers of Los Evos fungal spores throughout the city,ส่งเครื่องพ่นสปอร์เชื้อรา Los Evos แบบเคลื่อนที่ไปทั่วทั้งเมือง,draft,
815,Journal/,"The risks of widespread use of Los Evos are still being debated. However, the rapid spread of Infection X may soon force management to take drastic measures.",ความเสี่ยงจากการใช้ Los Evos ในวงกว้างยังคงเป็นที่ถกเถียง อย่างไรก็ตาม การแพร่กระจายอย่างรวดเร็วของเชื้อ X อาจบีบให้ฝ่ายบริหารต้องใช้มาตรการขั้นเด็ดขาดในเร็ว ๆ นี้,draft,
816,Journal/AlienTech_001,The operating principles of the emitters remain unknown. Further research is required. Precautions according to the Sierra-17 protocol must be observed. Highest safety class assigned pending further clarification.,ยังไม่ทราบหลักการทำงานของเครื่องปล่อยพลังงาน จำเป็นต้องวิจัยเพิ่มเติม ต้องปฏิบัติตามมาตรการป้องกันตามระเบียบ Sierra-17 กำหนดระดับความปลอดภัยสูงสุดไว้ก่อนจนกว่าจะมีข้อมูลชัดเจนขึ้น,draft,
817,Journal/AlienTech_002,"Samples X-17, X-31 and X-44 demonstrated direct effects on biological tissues. A persistent tissue response to emissions is currently observed. Further testing with various voltage profiles is necessary. It would also be advisable to conduct a series of tests with a spectrum-splitter.","ตัวอย่าง X-17, X-31 และ X-44 แสดงผลโดยตรงต่อเนื้อเยื่อชีวภาพ ขณะนี้ตรวจพบการตอบสนองของเนื้อเยื่อต่อการแผ่พลังงานอย่างต่อเนื่อง จำเป็นต้องทดสอบเพิ่มเติมด้วยรูปแบบแรงดันไฟฟ้าหลากหลายแบบ และควรทำการทดสอบร่วมกับเครื่องแยกสเปกตรัมหลายชุด",draft,
818,Journal/AlienTech_003,"Although the operating principles of the devices remain unknown, some potential applications still appear quite realistic. Influencing emission parameters by exposing the device to gamma radiation and a magnetic field appears particularly promising.",แม้ยังไม่ทราบหลักการทำงานของอุปกรณ์ แต่การประยุกต์ใช้บางอย่างดูมีความเป็นไปได้สูง โดยเฉพาะการปรับพารามิเตอร์การแผ่พลังงานด้วยการให้อุปกรณ์สัมผัสรังสีแกมมาและสนามแม่เหล็ก,draft,
819,Journal/AlienTech_004,An experimental device codenamed Suppressor demonstrates a clear and reproducible effect on infected tissue. It is preliminarily considered safe for healthy tissue.,อุปกรณ์ทดลองรหัส Suppressor แสดงผลต่อเนื้อเยื่อที่ติดเชื้ออย่างชัดเจนและทำซ้ำได้ เบื้องต้นถือว่าปลอดภัยต่อเนื้อเยื่อสุขภาพดี,draft,
820,Journal/AlienTech_005,"Despite all the potential risks in terms of long-term consequences, the Suppressor appears to be the most promising means of combating Infection X. While concerns raised by some employees regarding secondary bursts in the radio-frequency range are worth considering, they do not constitute a significant argument against its use.",แม้จะมีความเสี่ยงที่อาจเกิดจากผลกระทบระยะยาว แต่ Suppressor ดูเป็นวิธีที่มีแนวโน้มดีที่สุดในการต่อสู้กับเชื้อ X ข้อกังวลของพนักงานบางส่วนเรื่องการปะทุทุติยภูมิในย่านความถี่วิทยุควรได้รับการพิจารณา แต่ยังไม่ใช่เหตุผลสำคัญพอที่จะคัดค้านการใช้งาน,draft,
821,Journal/SilentHillWorm_001,There are studies of the competitive relationship between the Infection X pathogen and the Tardifuma cestodes. Further research is needed.,มีงานศึกษาความสัมพันธ์เชิงแข่งขันระหว่างเชื้อก่อโรค Infection X กับพยาธิตัวตืด Tardifuma จำเป็นต้องวิจัยเพิ่มเติม,draft,
822,Journal/SilentHillWorm_002,Tardifumas are poorly adapted to survival in the human body. Even suppression of the immune system by the Infection X pathogen does not affect the survival rate of the test subjects.,Tardifuma ปรับตัวเพื่ออยู่รอดในร่างกายมนุษย์ได้ไม่ดี แม้เชื้อก่อโรค Infection X จะกดภูมิคุ้มกัน ก็ไม่ช่วยเพิ่มอัตราการรอดชีวิตของผู้ถูกทดลอง,draft,
823,Journal/SilentHillWorm_003,"Genetically modified specimens demonstrate improved survival rates in the human body. Furthermore, as a result of a side mutation Los Evos triggers a persistent immune response, affecting, among other things, the Infection X pathogen. Further research is needed.",ตัวอย่างที่ดัดแปลงพันธุกรรมมีอัตราการรอดชีวิตในร่างกายมนุษย์ดีขึ้น นอกจากนี้ การกลายพันธุ์ข้างเคียงทำให้ Los Evos กระตุ้นการตอบสนองทางภูมิคุ้มกันอย่างต่อเนื่อง ซึ่งส่งผลต่อเชื้อก่อโรค Infection X ด้วย จำเป็นต้องวิจัยเพิ่มเติม,draft,
824,Journal/SilentHillWorm_004,"In fact, seventh-generation Tardifumas are now capable of entering into a symbiotic relationship with the human body. The flagella they developed starting with the fourth generation are now capable of ""fusing"" with nerve endings and stimulating the hypothalamic-pituitary system.",ในความเป็นจริง Tardifuma รุ่นที่เจ็ดสามารถเข้าสู่ความสัมพันธ์แบบพึ่งพาอาศัยกับร่างกายมนุษย์ได้แล้ว แฟลเจลลาที่เริ่มพัฒนาตั้งแต่รุ่นที่สี่สามารถ ‘หลอมรวม’ กับปลายประสาทและกระตุ้นระบบไฮโปทาลามัส-ต่อมใต้สมอง,draft,
825,Journal/Funges_001,"An unknown fungus was discovered in sector D-17. The mycelium is dense, directed, and exhibits high resistance to external conditions. The structure appears organized, not chaotic.",พบเชื้อราไม่ทราบชนิดในภาค D-17 เส้นใยรามีความหนาแน่น เติบโตอย่างมีทิศทาง และทนต่อสภาพแวดล้อมภายนอกสูง โครงสร้างดูเป็นระบบ ไม่ใช่เติบโตอย่างไร้แบบแผน,draft,
826,Journal/Funges_002,The fungus penetrates tissue without causing significant damage. A form of symbiosis with the host organism is observed. The working name for this fungus is Los Evos.,เชื้อราแทรกเข้าสู่เนื้อเยื่อโดยไม่ก่อความเสียหายอย่างมีนัยสำคัญ พบความสัมพันธ์แบบพึ่งพาอาศัยกับสิ่งมีชีวิตเจ้าบ้าน ชื่อใช้งานของเชื้อราชนิดนี้คือ Los Evos,draft,
827,Journal/Funges_003,The presence of Los Evos significantly slows the progression of Infection X. It likely suppresses or displaces the pathogen. It is being considered as a potential method of infection control.,การมีอยู่ของ Los Evos ช่วยชะลอการลุกลามของ Infection X อย่างมาก คาดว่ามันกดหรือเบียดขับเชื้อก่อโรค จึงกำลังได้รับการพิจารณาเป็นวิธีควบคุมการติดเชื้อที่เป็นไปได้,draft,
828,Journal/Funges_004,"Mycelium penetration into the nervous system has been confirmed. Connections with neurons are formed. Subjects are alive, but exhibit changes in behavior and reactions. The risks remain unclear.",ยืนยันแล้วว่าเส้นใยราแทรกเข้าสู่ระบบประสาทและสร้างการเชื่อมต่อกับเซลล์ประสาท ผู้ถูกทดลองยังมีชีวิต แต่แสดงการเปลี่ยนแปลงด้านพฤติกรรมและการตอบสนอง ความเสี่ยงยังไม่ชัดเจน,draft,
829,CityOperations/StrangeDesease,Unknown Disease,โรคไม่ทราบชนิด,draft,
830,CityOperations/SDHeal_AlienTech,,รักษาโรคลึกลับด้วยเทคโนโลยีต่างดาว,draft,
831,CityOperations/SDHeal_LasPlagas,,รักษาโรคลึกลับด้วยปรสิตชนิดพิเศษ,draft,
832,CityOperations/SDHeal_Fungoid,,รักษาโรคลึกลับด้วยเชื้อรา,draft,
833,Правила /,,,untranslated,
834,Правила /Транслитерация на всех языках в зависимости от алфавита.,,,untranslated,
835,Правила /Для языков с латинским алфавитом оставлять имена без изменений.,,,untranslated,
836,Правила /Для Китайского и Корейского фонетическая транслитерация иероглифами.,,,untranslated,
837,Правила /Для Японского транслитерация катаканой,,,untranslated,
838,"Правила /Географические объекты (их пока нет, но потенциально будут):",,,untranslated,
839,Правила /Если название оригинальное - полная транслитерация или с лёгкой шлифовкой под язык,,,untranslated,
840,"Правила /Если в названии есть общипринятые термины типа Восточная, Западная, Европа, Америка и тд - Неоригинальную часть переводить, остальную транслитерировать с легкой шлифовкой по необходимости.",,,untranslated,
841,"Правила /Если название состоит полностью из общепринятых терминов, то перевод полный (Объединённая Федерация, Восточная Империя)",,,untranslated,
842,Dialogue/Conversation/83/Entry/1/Dialogue Text,"Man, someone's tailing me, let me through quickly, I have a terrible feeling!",พวก มีคนตามฉันมา รีบปล่อยฉันผ่านที ฉันสังหรณ์ไม่ดีเลย!,draft,
843,Dialogue/Conversation/84/Entry/1/Dialogue Text,May I see your pass?,ขอดูบัตรผ่านได้ไหม?,draft,
844,Dialogue/Conversation/84/Entry/2/Dialogue Text,I have something much more convincing.,ฉันมีอะไรที่น่าเชื่อถือกว่านั้นเยอะ,draft,
845,CoordinatorReplics/CR_StoryModeWelcome_001,Greetings! And congratulations on your first day. Your job is quite simple: screen visitors according to the instructions you've received.,สวัสดี! และขอแสดงความยินดีกับวันทำงานวันแรก งานของคุณค่อนข้างเรียบง่าย: ตรวจคัดกรองผู้มาเยือนตามคำสั่งที่ได้รับ,draft,
846,CoordinatorReplics/CR_StoryModeWelcome_002,Thank you! Sounds easy enough.,ขอบคุณ! ฟังดูง่ายดี,draft,
847,CoordinatorReplics/CR_StoryModeWelcome_003,"Remember, despite its simplicity the importance of your work cannot be overstated. So carefully review the instructions at the start of every day. The situation can change quickly, and so can the rules.",จำไว้ แม้งานจะดูเรียบง่าย แต่ความสำคัญของมันสูงเกินกว่าจะกล่าวได้ ดังนั้นจงตรวจคำสั่งอย่างละเอียดเมื่อเริ่มแต่ละวัน สถานการณ์เปลี่ยนได้รวดเร็ว และกฎก็เช่นกัน,draft,
848,CoordinatorReplics/CR_StoryModeWelcome_004,The situation? What situation?,สถานการณ์? สถานการณ์อะไร?,draft,
849,CoordinatorReplics/CR_StoryModeWelcome_005,You don't need to worry about that for now. Instructions and visitors: that's all you need to know.,ตอนนี้คุณยังไม่ต้องกังวลเรื่องนั้น คำสั่งและผู้มาเยือน: นั่นคือทั้งหมดที่คุณต้องรู้,draft,
850,CoordinatorReplics/CR_StoryModeWelcome_006,"Got it. Sorry, what did you say your name was?",เข้าใจแล้ว ขอโทษนะ คุณบอกว่าชื่ออะไรนะ?,draft,
851,CoordinatorReplics/CR_StoryModeWelcome_007,"It doesn't matter. For you, I'm simply the Supervisor. There's no need to call me. I'll come to you myself when needed.",ไม่สำคัญ สำหรับคุณ ฉันเป็นเพียงหัวหน้างาน ไม่จำเป็นต้องเรียกหา เมื่อจำเป็นฉันจะมาหาคุณเอง,draft,
852,CoordinatorReplics/CR_StoryModeWelcome_008,I see...,เข้าใจแล้ว...,draft,
853,CoordinatorReplics/CR_StoryModeWelcome_009,Glad to hear it. Good luck in your new job.,ดีใจที่ได้ยินเช่นนั้น ขอให้โชคดีกับงานใหม่,draft,
854,CoordinatorReplics/CR_StoryModeIsolator_001,"Greetings. Starting today, your clearance level has been upgraded. You can now visit the temporary-holding room. Or rather, you must.",สวัสดี ตั้งแต่วันนี้ ระดับสิทธิ์ของคุณได้รับการยกระดับ คุณสามารถเข้าไปในห้องควบคุมตัวชั่วคราวได้แล้ว หรือพูดให้ถูกคือ คุณต้องเข้าไป,draft,
855,CoordinatorReplics/CR_StoryModeIsolator_002,Thanks! But... why?,ขอบคุณ! แต่... ทำไม?,draft,
856,CoordinatorReplics/CR_StoryModeIsolator_003,"It's simple: you need to make sure that the right people are there, and the wrong people are not.",ง่ายมาก คุณต้องตรวจให้แน่ใจว่าคนที่ควรอยู่ในนั้นได้อยู่ และคนที่ไม่ควรอยู่ไม่ได้อยู่,draft,
857,CoordinatorReplics/CR_StoryModeIsolator_004,But I'm just a guard...,แต่ผมเป็นแค่เจ้าหน้าที่รักษาความปลอดภัย...,draft,
858,CoordinatorReplics/CR_StoryModeIsolator_005,"It doesn't matter! I'll take care of the formalities. Oh, and you also need to... choose daily recreational activities for those who are temporarily isolated. Some activities may seem strange to you, but pay them no mind.",ไม่สำคัญ! ฉันจะจัดการเรื่องเอกสารเอง อ้อ และคุณยังต้อง... เลือกกิจกรรมสันทนาการรายวันให้ผู้ที่ถูกแยกกักชั่วคราวด้วย บางกิจกรรมอาจดูแปลก แต่อย่าใส่ใจ,draft,
859,CoordinatorReplics/CR_StoryModeIsolator_006,Okay... although that sounds a little strange...,ได้... ถึงจะฟังดูแปลกนิดหน่อยก็เถอะ...,draft,
860,CoordinatorReplics/CR_StoryModeIsolator_007,"It's in your best interest to avoid asking unnecessary questions. New duties mean a pay raise, of course. Have a nice and productive day!",เพื่อประโยชน์ของตัวคุณเอง อย่าถามคำถามที่ไม่จำเป็น หน้าที่ใหม่ย่อมมาพร้อมเงินเดือนที่เพิ่มขึ้นแน่นอน ขอให้เป็นวันที่ดีและทำงานอย่างมีประสิทธิภาพ!,draft,
861,CoordinatorReplics/CR_StoryModeIsolator_008,Thanks... you too.,ขอบคุณ... เช่นกัน,draft,
862,CoordinatorReplics/CR_StoryModeCity_001,"Greetings. Since we... had an unexpected staff cut, your responsibilities have expanded again. Your security clearance has, of course, also been upgraded.",สวัสดี เนื่องจากเรา... ลดจำนวนบุคลากรอย่างไม่คาดคิด หน้าที่ของคุณจึงเพิ่มขึ้นอีกครั้ง และแน่นอนว่าระดับสิทธิ์ของคุณก็ได้รับการยกระดับด้วย,draft,
863,CoordinatorReplics/CR_StoryModeCity_002,What is it this time?,คราวนี้อะไรอีกล่ะ?,draft,
864,CoordinatorReplics/CR_StoryModeCity_003,You now have access to the citywide monitoring interface and the right to authorize special measures and operations.,ตอนนี้คุณเข้าถึงระบบติดตามทั่วเมือง และมีสิทธิ์อนุมัติมาตรการกับปฏิบัติการพิเศษ,draft,
865,CoordinatorReplics/CR_StoryModeCity_004,What exactly does that mean?,หมายความว่าอย่างไรกันแน่?,draft,
866,CoordinatorReplics/CR_StoryModeCity_005,"You'll watch the city and decide what the agents should do. As always, unnecessary questions are strongly discouraged. Is everything clear?",คุณจะเฝ้าดูเมืองและตัดสินใจว่าเจ้าหน้าที่ภาคสนามควรทำอะไร เช่นเคย เราไม่สนับสนุนคำถามที่ไม่จำเป็นอย่างยิ่ง เข้าใจทุกอย่างหรือไม่?,draft,
867,CoordinatorReplics/CR_StoryModeCity_006,Yes. I guess...,ครับ คงจะ...,draft,
868,CoordinatorReplics/CR_StoryModeCity_007,Splendid. Have a great day!,ยอดเยี่ยม ขอให้เป็นวันที่ดี!,draft,
869,CoordinatorReplics/CR_StoryModePlot_001,"Greetings. As you know, certain processes are taking place in the city. It might not be obvious, but your work has a direct impact on them.",สวัสดี อย่างที่คุณทราบ มีกระบวนการบางอย่างกำลังเกิดขึ้นในเมือง แม้อาจมองไม่เห็นชัด แต่งานของคุณส่งผลโดยตรงต่อสิ่งเหล่านั้น,draft,
870,CoordinatorReplics/CR_StoryModePlot_002,"Oh... that's good, I guess...",อ้อ... ก็คงเป็นเรื่องดี...,draft,
871,CoordinatorReplics/CR_StoryModePlot_003,"I want you to understand that you know as much as necessary. Perhaps in the future you'll be assigned other duties, with different levels of clearance and, of course, greater responsibility.",ฉันอยากให้คุณเข้าใจว่า คุณได้รับรู้เท่าที่จำเป็นแล้ว ในอนาคตคุณอาจได้รับหน้าที่อื่น พร้อมระดับสิทธิ์ที่แตกต่างและแน่นอน ความรับผิดชอบที่มากขึ้น,draft,
872,CoordinatorReplics/CR_StoryModePlot_004,Got it.,เข้าใจแล้ว,draft,
873,CoordinatorReplics/CR_StoryModePlot_005,I hope so. Just try not to rush things. All in due time.,หวังว่าจะเป็นเช่นนั้น แค่อย่ารีบร้อน ทุกอย่างจะมาเมื่อถึงเวลา,draft,
874,CoordinatorReplics/CR_StoryModePlot_006,Fine...,ก็ได้...,draft,
875,Правила /Для Китайского и Корейского фонетическая транслитерация иероглифами.,,,untranslated,
876,Правила /Для Японского транслитерация катаканой,,,untranslated,
877,"Правила /Если в названии есть общипринятые термины типа Восточная, Западная, Европа, Америка и тд - Неоригинальную часть переводить, остальную транслитерировать с легкой шлифовкой по необходимости.",,,untranslated,
878,Правила /Для Китайского и Корейского фонетическая транслитерация иероглифами.,,,untranslated,
879,Правила /Для Японского транслитерация катаканой,,,untranslated,
880,"Правила /Если в названии есть общипринятые термины типа Восточная, Западная, Европа, Америка и тд - Неоригинальную часть переводить, остальную транслитерировать с легкой шлифовкой по необходимости.",,,untranslated,
881,UI/Cam_mode,Camera Mode,โหมดกล้อง,draft,
882,UI/Cam_loc,Location:,ตำแหน่ง:,draft,
883,UI/Cam_loc_elev,Elevator,ลิฟต์,draft,
884,UI/Cam_mode_visual,Normal,ปกติ,draft,
885,UI/Cam_mode_Nightvision,Night Vision,มองกลางคืน,draft,
886,UI/Cam_mode_thermal,Thermal Imaging,ภาพความร้อน,draft,
887,UI/Cam_mode_spectral,Spectral Imaging,ภาพสเปกตรัม,draft,
888,UI/Cam_mode_carp,Hoffman Lenses,เลนส์ฮอฟฟ์แมน,draft,
889,UI/Cam_isolate,Isolate,แยกกัก,draft,
890,UI/Cam_alarm,Eliminate,กำจัด,draft,
891,UI/Statist_money,Savings,เงินเก็บ,draft,
892,UI/Statist_day_part_1,Day {0},วันที่ {0},draft,
893,UI/Statist_day_part_2,over,สิ้นสุด,draft,
894,UI/Statist_main,Decisions,การตัดสินใจ,draft,
895,UI/Statist_earn,Earned,รายได้,draft,
896,UI/Statist_events,Events,เหตุการณ์,draft,
897,UI/Shop_main_part_1,Upgrades,อัปเกรด,draft,
898,UI/Shop_main_part_2,Store,ร้านค้า,draft,
899,UI/Shop_money,Savings,เงินเก็บ,draft,
900,UI/Shop_instruments,Tools,เครื่องมือ,draft,
901,UI/Shop_cons,Consumables,ของใช้สิ้นเปลือง,draft,
902,UI/Shop_desc,Description:,รายละเอียด:,draft,
903,UI/IsolatorMax,Maximum capacity: {0},ความจุสูงสุด: {0},draft,
904,UI/IsolatorCharDays,Days in isolation ward: {0},จำนวนวันที่อยู่ในห้องแยกกัก: {0},draft,
905,UI/IsolatorCharAutopsy,Autopsy,ชันสูตร,draft,
906,UI/IsolatorCharKill,Kill,กำจัด,draft,
907,UI/IsolatorCharRelease,Release,ปล่อยตัว,draft,
908,UI/NoDevi,No deviations,ไม่พบความผิดปกติ,draft,
909,UI/Instruction,Manual,คู่มือ,draft,
910,UI/GameOver,Game over,จบเกม,draft,
911,Shop/ElevCamModeNightvision,Night Vision,มองกลางคืน,draft,
912,Shop/ElevCamModeNightvisionDesc,Allows you to use the elevator camera's night vision mode (while simultaneously turning off the lighting in the cabin).,ช่วยให้ใช้โหมดมองกลางคืนของกล้องลิฟต์ได้ (พร้อมปิดไฟในห้องโดยสาร),draft,
913,Shop/ElevCamModeTermovision,Thermal Imaging,ภาพความร้อน,draft,
914,Shop/ElevCamModeTermovisionDesc,Allows you to use the elevator camera's thermal imaging mode to detect temperature anomalies.,ช่วยให้ใช้โหมดภาพความร้อนของกล้องลิฟต์เพื่อตรวจหาสิ่งผิดปกติด้านอุณหภูมิ,draft,
915,Shop/ElevCamModeSpectral,Spectral Imaging,ภาพสเปกตรัม,draft,
916,Shop/ElevCamModeSpectralDesc,Allows you to use the elevator camera's spectral-photo-hyper-frequency mode to detect unique anomalies.,ช่วยให้ใช้โหมดถ่ายภาพสเปกตรัมความถี่สูงของกล้องลิฟต์เพื่อตรวจหาสิ่งผิดปกติเฉพาะชนิด,draft,
917,Shop/ElevCamModeCarpenterGlasses,Hoffman Lenses,เลนส์ฮอฟฟ์แมน,draft,
918,Shop/ElevCamModeCarpenterGlassesDesc,"Allows the use of an experimental elevator camera mode inspired by They Live prototype, which may help discover something truly inconceivable.",เปิดใช้โหมดกล้องลิฟต์ทดลองซึ่งได้แรงบันดาลใจจากต้นแบบใน They Live และอาจช่วยค้นพบบางสิ่งที่เหนือจินตนาการ,draft,
919,Shop/XRAY_LenzeSize,X-Ray (Area),เอกซเรย์ (พื้นที่),draft,
920,Shop/XRAY_LenzeSizeDesc,An upgraded X-ray lens with expanded area of ​​effect that makes it easier to detect skin abnormalities.,เลนส์เอกซเรย์ที่อัปเกรดให้มีพื้นที่ใช้งานกว้างขึ้น ช่วยให้ตรวจพบความผิดปกติบนผิวหนังได้ง่ายขึ้น,draft,
921,Shop/UF-Light_AreaSize,Ultraviolet (Area),อัลตราไวโอเลต (พื้นที่),draft,
922,Shop/UF-Light_AreaSizeDesc,An upgraded UV lamp with expanded area of ​​effect that makes it easier to check documents for hidden traces.,หลอด UV ที่อัปเกรดให้มีพื้นที่ใช้งานกว้างขึ้น ช่วยให้ตรวจหาร่องรอยที่ซ่อนอยู่บนเอกสารได้ง่ายขึ้น,draft,
923,Shop/MRI-Organs_LenzeSize,MRI of Organs (Area),MRI อวัยวะ (พื้นที่),draft,
924,Shop/MRI-Organs_LenzeSizeDesc,An upgraded MRI lens with expanded area of ​​effect that makes it easier to detect internal organ abnormalities.,เลนส์ MRI ที่อัปเกรดให้มีพื้นที่ใช้งานกว้างขึ้น ช่วยให้ตรวจพบความผิดปกติของอวัยวะภายในได้ง่ายขึ้น,draft,
925,Shop/Dictophone,Transcriber,เครื่องถอดบทสนทนา,draft,
926,Shop/DictophoneDesc,A transcriber that allows you to record conversations with visitors (and use everything they say against them).,เครื่องถอดบทสนทนาที่ช่วยบันทึกการสนทนากับผู้มาเยือน (และใช้ทุกคำพูดเป็นหลักฐานมัดตัวพวกเขา),draft,
927,Shop/Dictophone_PrintingSpeed,Transcriber (Printing Speed),เครื่องถอดบทสนทนา (ความเร็วการพิมพ์),draft,
928,Shop/Dictophone_PrintingSpeedDesc,An upgraded transcriber's microphone and printer for faster conversation transcription.,ไมโครโฟนและเครื่องพิมพ์ที่อัปเกรดสำหรับถอดบทสนทนาได้รวดเร็วขึ้น,draft,
929,Shop/Photo_ExposTime,Polaroid (Development Time),โพลารอยด์ (เวลาล้างภาพ),draft,
930,Shop/Photo_ExposTimeDesc,Upgraded film cassettes with reduced development time (fast enough to capture a Weeping Angel in the blink of an eye).,ตลับฟิล์มอัปเกรดที่ลดเวลาล้างภาพ (เร็วพอจะจับภาพเทวทูตร่ำไห้ได้ในพริบตา),draft,
931,Shop/Photo_ShotCount,Polaroid (Volume),โพลารอยด์ (ความจุ),draft,
932,Shop/Photo_ShotCountDesc,Upgraded film cassettes with an increased number of frames per cassette (they are bigger on the inside).,ตลับฟิล์มอัปเกรดที่เพิ่มจำนวนภาพต่อตลับ (ข้างในใหญ่กว่าข้างนอก),draft,
933,Shop/MRI-Bones_LenzeSize,MRI of Bones (Area),MRI กระดูก (พื้นที่),draft,
934,Shop/MRI-Bones_LenzeSizeDesc,An upgraded MRI lens with expanded area of ​​effect that makes it easier to detect skeletal abnormalities.,เลนส์ MRI ที่อัปเกรดให้มีพื้นที่ใช้งานกว้างขึ้น ช่วยให้ตรวจพบความผิดปกติของโครงกระดูกได้ง่ายขึ้น,draft,
935,Shop/ThermalVision_LenzeSize,Thermal Imager (Area),เครื่องถ่ายภาพความร้อน (พื้นที่),draft,
936,Shop/ThermalVision_LenzeSizeDesc,An upgraded thermal imager lens with expanded area of ​​effect that makes it easier to detect thermal anomalies.,เลนส์เครื่องถ่ายภาพความร้อนที่อัปเกรดให้มีพื้นที่ใช้งานกว้างขึ้น ช่วยให้ตรวจพบสิ่งผิดปกติด้านอุณหภูมิได้ง่ายขึ้น,draft,
937,Shop/Fingerprints_FingerprintingTime,Fingerprinting (Capture Speed),เก็บลายนิ้วมือ (ความเร็วการเก็บ),draft,
938,Shop/Fingerprints_FingerprintingTimeDesc,Upgraded fingerprint forms that speed up the process of fingerprint capture and recording.,แบบฟอร์มลายนิ้วมืออัปเกรดที่ช่วยเร่งกระบวนการเก็บและบันทึกลายนิ้วมือ,draft,
939,Shop/Fingerprints_ScanTime,Fingerprinting (Search Speed),ลายนิ้วมือ (ความเร็วการค้นหา),draft,
940,Shop/Fingerprints_ScanTimeDesc,An upgraded scanner and software that reduce database search time (even if the suspect has not yet been born).,เครื่องสแกนและซอฟต์แวร์อัปเกรดที่ลดเวลาค้นหาฐานข้อมูล (แม้ผู้ต้องสงสัยจะยังไม่เกิดก็ตาม),draft,
941,Shop/IsolatorCap,Isolation Ward Capacity,ความจุห้องแยกกัก,draft,
942,Shop/IsolatorCapDesc,An isolation ward compacting program that allows you to accommodate more visitors.,โครงการจัดพื้นที่ห้องแยกกักที่ช่วยให้รองรับผู้มาเยือนได้มากขึ้น,draft,
943,Правила /Для Китайского и Корейского фонетическая транслитерация иероглифами.,,,untranslated,
944,Правила /Для Японского транслитерация катаканой,,,untranslated,
945,"Правила /Если в названии есть общипринятые термины типа Восточная, Западная, Европа, Америка и тд - Неоригинальную часть переводить, остальную транслитерировать с легкой шлифовкой по необходимости.",,,untranslated,
946,Правила /Для Китайского и Корейского фонетическая транслитерация иероглифами.,,,untranslated,
947,Правила /Для Японского транслитерация катаканой,,,untranslated,
948,"Правила /Если в названии есть общипринятые термины типа Восточная, Западная, Европа, Америка и тд - Неоригинальную часть переводить, остальную транслитерировать с легкой шлифовкой по необходимости.",,,untranslated,
949,UI/Statist_salary,Base salary:,เงินเดือนพื้นฐาน:,draft,
950,UI/Statist_award,Performance bonus:,โบนัสผลงาน:,draft,
951,UI/Statist_penalty,Penalty for errors:,ค่าปรับจากข้อผิดพลาด:,draft,
952,UI/Statist_totalPlus,TOTAL: +{0}$,รวม: +{0}$,draft,
953,UI/Statist_totalMinus,TOTAL: {0}$,รวม: {0}$,draft,
954,Правила /Для Китайского и Корейского фонетическая транслитерация иероглифами.,,,untranslated,
955,Правила /Для Японского транслитерация катаканой,,,untranslated,
956,"Правила /Если в названии есть общипринятые термины типа Восточная, Западная, Европа, Америка и тд - Неоригинальную часть переводить, остальную транслитерировать с легкой шлифовкой по необходимости.",,,untranslated,
957,UI/Money,{0}$,{0}$,draft,
958,Правила /Для Китайского и Корейского фонетическая транслитерация иероглифами.,,,untranslated,
959,Правила /Для Японского транслитерация катаканой,,,untranslated,
960,"Правила /Если в названии есть общипринятые термины типа Восточная, Западная, Европа, Америка и тд - Неоригинальную часть переводить, остальную транслитерировать с легкой шлифовкой по необходимости.",,,untranslated,
961,UI/ConfirmNewGame,Are you sure you want to start a new game? Your current progress will be rewritten.,แน่ใจหรือไม่ว่าต้องการเริ่มเกมใหม่? ความคืบหน้าปัจจุบันจะถูกเขียนทับ,draft,
962,Правила /Для Китайского и Корейского фонетическая транслитерация иероглифами.,,,untranslated,
963,Правила /Для Японского транслитерация катаканой,,,untranslated,
964,"Правила /Если в названии есть общипринятые термины типа Восточная, Западная, Европа, Америка и тд - Неоригинальную часть переводить, остальную транслитерировать с легкой шлифовкой по необходимости.",,,untranslated,
965,Правила /Для Китайского и Корейского фонетическая транслитерация иероглифами.,,,untranslated,
966,Правила /Для Японского транслитерация катаканой,,,untranslated,
967,"Правила /Если в названии есть общипринятые термины типа Восточная, Западная, Европа, Америка и тд - Неоригинальную часть переводить, остальную транслитерировать с легкой шлифовкой по необходимости.",,,untranslated,
968,Правила /Для Китайского и Корейского фонетическая транслитерация иероглифами.,,,untranslated,
969,Правила /Для Японского транслитерация катаканой,,,untranslated,
970,"Правила /Если в названии есть общипринятые термины типа Восточная, Западная, Европа, Америка и тд - Неоригинальную часть переводить, остальную транслитерировать с легкой шлифовкой по необходимости.",,,untranslated,
971,UI/ShowHints,Show hints (H),แสดงคำใบ้ (H),draft,
972,Hints/IsoFull,"The isolation ward is full, you cannot send more!",ห้องแยกกักเต็ม ไม่สามารถส่งคนเพิ่มได้!,draft,
973,Hints/PeopleLeftDownlevel,"There are people waiting downstairs, send the elevator!",มีคนรออยู่ชั้นล่าง ส่งลิฟต์ลงไป!,draft,
974,Hints/PeopleLeftInsideDown,"There are people left in the elevator, they need to go down!",ยังมีคนอยู่ในลิฟต์ พวกเขาต้องลงไป!,draft,
975,Hints/PeopleLeftInsideOut,"There are people left in the elevator, you need to let them out!",ยังมีคนอยู่ในลิฟต์ คุณต้องปล่อยพวกเขาออกมา!,draft,
976,Правила /Для Китайского и Корейского фонетическая транслитерация иероглифами.,,,untranslated,
977,Правила /Для Японского транслитерация катаканой,,,untranslated,
978,"Правила /Если в названии есть общипринятые термины типа Восточная, Западная, Европа, Америка и тд - Неоригинальную часть переводить, остальную транслитерировать с легкой шлифовкой по необходимости.",,,untranslated,
979,Правила /Для Китайского и Корейского фонетическая транслитерация иероглифами.,,,untranslated,
980,Правила /Для Японского транслитерация катаканой,,,untranslated,
981,"Правила /Если в названии есть общипринятые термины типа Восточная, Западная, Европа, Америка и тд - Неоригинальную часть переводить, остальную транслитерировать с легкой шлифовкой по необходимости.",,,untranslated,
982,UI/Ask,Ask,สอบถาม,draft,
983,UI/PlaytestEnd1,OPERATION SECURITY 51 REPORT (PLAYTEST PERIOD),รายงานปฏิบัติการ SECURITY 51 (ช่วงทดสอบเกม),draft,
984,UI/PlaytestEnd2,"The biological threat has been eliminated. The countermeasures you've implemented destroyed the pathogen before it could escape the quarantine zone.

 Collateral damage and personnel casualties are deemed allowable. Result rating: ACCEPTABLE.

 HOWEVER: The ""cure"" you used has itself become a new threat. You will learn further about what other anomalies you will have to deal with to keep the situation under control. This concludes your playtest shift.","ภัยคุกคามทางชีวภาพถูกกำจัดแล้ว มาตรการตอบโต้ที่คุณใช้ทำลายเชื้อก่อโรคก่อนที่มันจะหลุดออกจากเขตกักกัน

 ความเสียหายข้างเคียงและการสูญเสียบุคลากรอยู่ในระดับที่ยอมรับได้ ผลการประเมิน: ยอมรับได้

 อย่างไรก็ตาม: ‘วิธีรักษา’ ที่คุณใช้ได้กลายเป็นภัยคุกคามชนิดใหม่เสียเอง คุณจะได้เรียนรู้ต่อไปว่าต้องรับมือกับสิ่งผิดปกติใดอีกเพื่อควบคุมสถานการณ์ การทดสอบกะของคุณสิ้นสุดลงแล้ว",draft,
985,UI/PlaytestEnd3,"MANAGEMENT NOTE:
 Dear Employee, thank you for completing the playtest! The full version will feature new threats and consequences for your decisions.
 Please apply for a permanent position and file a violations report.","บันทึกจากฝ่ายบริหาร:
 เรียน พนักงาน ขอบคุณที่เข้าร่วมการทดสอบเกม! เกมฉบับเต็มจะมีภัยคุกคามใหม่และผลลัพธ์จากการตัดสินใจของคุณ
 โปรดสมัครเข้าทำงานประจำและยื่นรายงานการฝ่าฝืน",draft,
986,UI/PercentPerDay,Growth of {0}% per day,เพิ่มขึ้นวันละ {0}%,draft,
987,UI/ResultPercent,{0}%,{0}%,draft,
988,UI/GrowPercent, +{0}%,+{0}%,draft,
989,UI/Price,Price: {0},ราคา: {0},draft,
990,UI/CityOperations,City Operations,ปฏิบัติการในเมือง,draft,
991,Real_Dev/154,Yellow Color Mentioned in the Rorschach Test Answers,กล่าวถึงสีเหลืองในคำตอบแบบทดสอบรอร์ชาค,draft,
992,Real_Dev/155,Gray Color Mentioned in the Rorschach Test Answers,กล่าวถึงสีเทาในคำตอบแบบทดสอบรอร์ชาค,draft,
993,Real_Dev/156,Gold Mentioned in the Rorschach Test Answers,กล่าวถึงสีทองในคำตอบแบบทดสอบรอร์ชาค,draft,
994,Real_Dev/157,Silver Mentioned in the Rorschach Test Answers,กล่าวถึงสีเงินในคำตอบแบบทดสอบรอร์ชาค,draft,
995,Real_Dev/158,A Building Mentioned in the Rorschach Test Answers,กล่าวถึงอาคารในคำตอบแบบทดสอบรอร์ชาค,draft,
996,Real_Dev/159,A Bridge Mentioned in the Rorschach Test Answers,กล่าวถึงสะพานในคำตอบแบบทดสอบรอร์ชาค,draft,
997,Real_Dev/160,A House Mentioned in the Rorschach Test Answers,กล่าวถึงบ้านในคำตอบแบบทดสอบรอร์ชาค,draft,
998,Real_Dev/161,A Castle Mentioned in the Rorschach Test Answers,กล่าวถึงปราสาทในคำตอบแบบทดสอบรอร์ชาค,draft,
999,Real_Dev/162,A Tower or Lighthouse Mentioned in the Rorschach Test Answers,กล่าวถึงหอคอยหรือประภาคารในคำตอบแบบทดสอบรอร์ชาค,draft,
1000,Real_Dev/163,"A car, train, or plane is mentioned in the Rorschach test answers",กล่าวถึงรถยนต์ รถไฟ หรือเครื่องบินในคำตอบแบบทดสอบรอร์ชาค,draft,
1001,Real_Dev/164,A Ship Mentioned in the Rorschach Test Answers,กล่าวถึงเรือในคำตอบแบบทดสอบรอร์ชาค,draft,
1002,Real_Dev/165,An Animal Mentioned in the Rorschach Test Answers,กล่าวถึงสัตว์ในคำตอบแบบทดสอบรอร์ชาค,draft,
1003,Real_Dev/166,A Wolf Mentioned in the Rorschach Test Answers,กล่าวถึงหมาป่าในคำตอบแบบทดสอบรอร์ชาค,draft,
1004,Real_Dev/167,A Cat Mentioned in the Rorschach Test Answers,กล่าวถึงแมวในคำตอบแบบทดสอบรอร์ชาค,draft,
1005,Real_Dev/168,A Bear Mentioned in the Rorschach Test Answers,กล่าวถึงหมีในคำตอบแบบทดสอบรอร์ชาค,draft,
1006,Real_Dev/169,A Bird Mentioned in the Rorschach Test Answers,กล่าวถึงนกในคำตอบแบบทดสอบรอร์ชาค,draft,
1007,Real_Dev/170,A Fish Mentioned in the Rorschach Test Answers,กล่าวถึงปลาในคำตอบแบบทดสอบรอร์ชาค,draft,
1008,Real_Dev/171,A bug is mentioned in the Rorschach test answers,กล่าวถึงแมลงในคำตอบแบบทดสอบรอร์ชาค,draft,
1009,Real_Dev/172,A Raven Mentioned in the Rorschach Test Answers,กล่าวถึงอีกาในคำตอบแบบทดสอบรอร์ชาค,draft,
1010,Real_Dev/173,Flowers Mentioned in the Rorschach Test Answers,กล่าวถึงดอกไม้ในคำตอบแบบทดสอบรอร์ชาค,draft,
1011,Real_Dev/174,Mushrooms Mentioned in the Rorschach Test Answers,กล่าวถึงเห็ดในคำตอบแบบทดสอบรอร์ชาค,draft,
1012,Real_Dev/175,"A pistol, revolver, or rifle is mentioned in the Rorschach test answers",กล่าวถึงปืนพก ปืนลูกโม่ หรือปืนไรเฟิลในคำตอบแบบทดสอบรอร์ชาค,draft,
1013,Real_Dev/176,Blood Mentioned in the Rorschach Test Answers,กล่าวถึงเลือดในคำตอบแบบทดสอบรอร์ชาค,draft,
1014,Real_Dev/177,A man is mentioned in the Rorschach test answers,กล่าวถึงมนุษย์ในคำตอบแบบทดสอบรอร์ชาค,draft,
1015,IsolatorExperiments/,,,untranslated,
1016,IsolatorExperiments/RubberDuck_Name,,เป็ดยาง,draft,
1017,IsolatorExperiments/RubberDuck_Descr,,นำตัวอย่างทดลองพิเศษ «เป็ดยาง» ใส่ไว้ในห้องทดลอง คุณค่าทางวิทยาศาสตร์ของวัตถุยังอยู่ระหว่างการพิจารณา ห้ามบีบโดยไม่จำเป็น,draft,
1018,Правила /Для Китайского и Корейского фонетическая транслитерация иероглифами.,,,untranslated,
1019,Правила /Для Японского транслитерация катаканой,,,untranslated,
1020,"Правила /Если в названии есть общипринятые термины типа Восточная, Западная, Европа, Америка и тд - Неоригинальную часть переводить, остальную транслитерировать с легкой шлифовкой по необходимости.",,,untranslated,
1021,Hints/Tutor_024,The face matches the photo.,ใบหน้าตรงกับรูปถ่าย,draft,
1022,Hints/Tutor_025,Switch back.,สลับกลับ,draft,
1023,Hints/Tutor_026,Move the cursor to the instructions area.,เลื่อนเคอร์เซอร์ไปยังพื้นที่คำสั่ง,draft,
1024,Hints/Tutor_027,Select the relevant item using [LMB].,เลือกสิ่งของที่เกี่ยวข้องด้วย [LMB],draft,
1025,Hints/Tutor_028,"Today, you will have to search for anomalies using the camera. Select the camera by clicking [LMB] over it.",วันนี้คุณต้องค้นหาสิ่งผิดปกติด้วยกล้อง เลือกกล้องโดยกด [LMB] ที่กล้อง,draft,
1026,Hints/Tutor_029,Interference! That means there's an anomaly somewhere. Find the area with the strongest interference and take a photo by clicking [LMB].,มีสัญญาณรบกวน! แสดงว่ามีสิ่งผิดปกติอยู่ที่ไหนสักแห่ง ค้นหาบริเวณที่สัญญาณรบกวนรุนแรงที่สุด แล้วกด [LMB] เพื่อถ่ายภาพ,draft,
1027,Hints/Tutor_030,"The photo is on your desk and will be developed soon. Sometimes they can contain things that aren't visible to the naked eye. When a visitor brings such an entity with them, you will get interference on the camera's screen. The closer the anomalous entity is to the edges of the frame, the stronger the interference. Use [RMB] to put away the camera.",รูปถ่ายอยู่บนโต๊ะและจะล้างเสร็จในไม่ช้า บางครั้งภาพอาจมีสิ่งที่มองไม่เห็นด้วยตาเปล่า เมื่อผู้มาเยือนพาสิ่งลักษณะนี้มาด้วย หน้าจอกล้องจะเกิดสัญญาณรบกวน ยิ่งสิ่งผิดปกติอยู่ใกล้ขอบภาพ สัญญาณรบกวนจะยิ่งรุนแรง กด [RMB] เพื่อเก็บกล้อง,draft,
1028,Hints/Tutor_031,This visitor looks unwell. Their skin needs to be examined.,ผู้มาเยือนคนนี้ดูไม่สบาย ต้องตรวจผิวหนัง,draft,
1029,Hints/Tutor_032,This doesn't look normal. Select the affected area using [LMB].,สิ่งนี้ดูไม่ปกติ เลือกบริเวณที่ได้รับผลกระทบด้วย [LMB],draft,
1030,Hints/Tutor_033,The database contains information on all known anomalies. Press [LMB] to compare.,ฐานข้อมูลมีข้อมูลของสิ่งผิดปกติที่รู้จักทั้งหมด กด [LMB] เพื่อเปรียบเทียบ,draft,
1031,Hints/Tutor_034,This is definitely a skin mutation! You should ask for a pass.,นี่เป็นการกลายพันธุ์ของผิวหนังแน่นอน! คุณควรขอดูบัตรผ่าน,draft,
1032,Hints/Tutor_035,"This pass is clearly a cheap fake. You know what to do! (And if not, check the manual).",บัตรผ่านนี้เป็นของปลอมราคาถูกอย่างชัดเจน คุณรู้ว่าต้องทำอะไร! (ถ้าไม่รู้ ให้เปิดคู่มือ),draft,
1033,Hints/Tutor_036,Strange sounds seem to be coming from the elevator shaft... You should investigate.,ดูเหมือนมีเสียงประหลาดดังมาจากปล่องลิฟต์... คุณควรตรวจสอบ,draft,
1034,Hints/Tutor_037,"First, let's turn off the lights. Press [LMBCAMVIS] to do this.",ก่อนอื่น ปิดไฟโดยกด [LMBCAMVIS],draft,
1035,Hints/Tutor_038,"At first glance, these passengers appear to be fine, but you should conduct a more thorough inspection to be on the safe side.",เมื่อมองเผิน ๆ ผู้โดยสารเหล่านี้ดูปกติ แต่เพื่อความปลอดภัย คุณควรตรวจสอบอย่างละเอียดกว่านี้,draft,
1036,Hints/Tutor_039,You have to send them to the isolation ward for further study!,คุณต้องส่งพวกเขาไปยังห้องแยกกักเพื่อศึกษาต่อ!,draft,
1037,Hints/Tutor_040,Close the camera.,ปิดหน้าต่างกล้อง,draft,
1038,Hints/Tutor_041,Press this button to go to the isolation ward.,กดปุ่มนี้เพื่อไปยังห้องแยกกัก,draft,
1039,Hints/Tutor_042,Welcome to the isolation ward. Use [LMB] on any silhouette for information and interaction.,ยินดีต้อนรับสู่ห้องแยกกัก กด [LMB] ที่เงาร่างใดก็ได้เพื่อดูข้อมูลและดำเนินการ,draft,
1040,Hints/Tutor_043,You can conduct one experiment per day to advance your understanding of anomalies. Press here to choose today's experiment.,คุณทำการทดลองได้วันละครั้งเพื่อเพิ่มความเข้าใจเกี่ยวกับสิ่งผิดปกติ กดที่นี่เพื่อเลือกการทดลองของวันนี้,draft,
1041,Hints/Tutor_044,Let's start with something harmless.,มาเริ่มจากสิ่งที่ไม่เป็นอันตรายกัน,draft,
1042,Hints/Tutor_045,The experiment will last all day. Perhaps tomorrow we'll know a little more about the anomalies. Press here to approve the experiment.,การทดลองจะใช้เวลาทั้งวัน บางทีพรุ่งนี้เราอาจเข้าใจสิ่งผิดปกติมากขึ้น กดที่นี่เพื่ออนุมัติการทดลอง,draft,
1043,Hints/Tutor_046,There's nothing more to do here today. Press here to leave the isolation ward.,วันนี้ไม่มีสิ่งอื่นต้องทำที่นี่แล้ว กดที่นี่เพื่อออกจากห้องแยกกัก,draft,
1044,Hints/Tutor_047,Press here to go to the city screen.,กดที่นี่เพื่อไปยังหน้าปฏิบัติการในเมือง,draft,
1045,Hints/Tutor_048,"This is the city operations screen. Here, you can see what's happening with the city, and the operations available to you.",นี่คือหน้าปฏิบัติการในเมือง คุณสามารถดูสถานการณ์ของเมืองและปฏิบัติการที่มีให้เลือกได้ที่นี่,draft,
1046,Hints/Tutor_049,"An epidemic of an unknown disease is raging in the city. Given the high risk, reaching a critical point will call for...the most drastic measures.",โรคระบาดลึกลับกำลังลุกลามในเมือง ด้วยความเสี่ยงระดับสูง หากสถานการณ์ถึงจุดวิกฤต เราจะต้องใช้...มาตรการขั้นเด็ดขาดที่สุด,draft,
1047,Hints/Tutor_050,"The search for a less radical solution is ongoing. Experiments in isolation wards and field operations are being conducted to this end. If we can push back this unknown infection, it will be a huge win for all of humanity!",เรากำลังค้นหาวิธีแก้ที่รุนแรงน้อยกว่า จึงมีการทดลองในห้องแยกกักและปฏิบัติการภาคสนาม หากเราผลักดันเชื้อลึกลับนี้กลับไปได้ นั่นจะเป็นชัยชนะครั้งใหญ่ของมนุษยชาติ!,draft,
1048,Hints/Tutor_051,Available field operations are marked on the city screen. Select one using [LMB].,ปฏิบัติการภาคสนามที่ใช้ได้จะแสดงบนหน้าเมือง เลือกหนึ่งรายการด้วย [LMB],draft,
1049,Hints/Tutor_052,"Our operational capabilities are limited for now. But the more we know about the anomalies, the more options we'll have. Initiate the operation using [LMBNORTH].",ขณะนี้ขีดความสามารถด้านปฏิบัติการของเรายังจำกัด แต่ยิ่งรู้เรื่องสิ่งผิดปกติมากขึ้น เราจะยิ่งมีทางเลือกมากขึ้น เริ่มปฏิบัติการด้วย [LMBNORTH],draft,
1050,Hints/Tutor_053,"The operation will take exactly 24 hours. Your watch is over for today. This city doesn't need heroes, it needs reliable people like you!",ปฏิบัติการจะใช้เวลา 24 ชั่วโมงพอดี เวรของคุณวันนี้สิ้นสุดแล้ว เมืองนี้ไม่ต้องการวีรบุรุษ แต่ต้องการคนที่ไว้ใจได้อย่างคุณ!,draft,
1051,CityOperations/AlienInvasion,Alien Invasion,การรุกรานของมนุษย์ต่างดาว,draft,
1052,CityOperations/Zombies,Zombies,ซอมบี,draft,
1053,CityOperations/CultActivity,Dark Practices,พิธีกรรมมืด,draft,
1054,IsolatorExperiments/RubberDuckIsoTest_Name,DUCC Project Display,จัดแสดงโครงการ DUCC,draft,
1055,IsolatorExperiments/RubberDuckIsoTest_Descr,Place the special prototype Rubber Duck in the ward. Scientific value of the object to be determined. Do not compress unless necessary.,นำต้นแบบเป็ดยางพิเศษไปวางในห้องแยกกัก อยู่ระหว่างประเมินคุณค่าทางวิทยาศาสตร์ของวัตถุ ห้ามบีบหากไม่จำเป็น,draft,
1056,IsolatorExperiments/DiscoballIsoTest_Name,Retro-Acoustic Test,การทดสอบเสียงย้อนยุค,draft,
1057,IsolatorExperiments/DiscoballIsoTest_Descr,"Lower a special rotating light object into the isolation ward. If it triggers spontaneous dance moves, remain calm.",หย่อนวัตถุให้แสงแบบหมุนชนิดพิเศษลงในห้องแยกกัก หากกระตุ้นให้เกิดท่าเต้นขึ้นเอง โปรดสงบสติอารมณ์,draft,
1058,IsolatorExperiments/TeslaballIsoTest_Name,Energy Sphere Experiment,การทดลองทรงกลมพลังงาน,draft,
1059,IsolatorExperiments/TeslaballIsoTest_Descr,"Raise the experimental Tesla Globe energy node in the center of the ward. Do not touch the electric discharges, even if they appear safe. Do not light cigarettes with electric discharges.",ยกโหนดพลังงานลูกแก้วเทสลาทดลองขึ้นตรงกลางห้อง ห้ามสัมผัสประกายไฟ แม้จะดูปลอดภัย ห้ามใช้ประกายไฟจุดบุหรี่,draft,
1060,IsolatorExperiments/PurplefogIsoTest_Name,Prolonged Inhalation of Lilac 8,สูดดม Lilac 8 เป็นเวลานาน,draft,
1061,IsolatorExperiments/PurplefogIsoTest_Descr,"Fill the ward with an experimental heavy lilac compound gas Lilac 8. Do not include complaints of a strange odor, dizziness, voices in the head, and itching on the left side of the body in the report.",เติมก๊าซสารประกอบหนักสีม่วงทดลอง Lilac 8 ลงในห้อง ห้ามบันทึกคำร้องเรียนเรื่องกลิ่นประหลาด อาการวิงเวียน เสียงในศีรษะ และอาการคันซีกซ้ายของร่างกายลงในรายงาน,draft,
1062,IsolatorExperiments/DigitsIsoTest_Name,Arithmometric Test,การทดสอบมาตรเลขคณิต,draft,
1063,IsolatorExperiments/DigitsIsoTest_Descr,"Lower a block of screens into the isolation ward, broadcasting a neuro-encoding sequence of numbers. Attempts to find a pattern are considered an undesirable side effect. The correct answer is ""42.""",หย่อนชุดจอภาพลงในห้องแยกกักเพื่อฉายลำดับตัวเลขเข้ารหัสระบบประสาท ความพยายามค้นหารูปแบบถือเป็นผลข้างเคียงที่ไม่พึงประสงค์ คำตอบที่ถูกต้องคือ ‘42’,draft,
1064,IsolatorExperiments/WaterIsoTest_Name,Dihydrogen Monoxide Treatment,การบำบัดด้วยไดไฮโดรเจนมอนอกไซด์,draft,
1065,IsolatorExperiments/WaterIsoTest_Descr,"Activate the internal dihydrogen monoxide spray system. If the equipment gets wet, pretend it was planned. Ignore requests for towels.",เปิดระบบพ่นไดไฮโดรเจนมอนอกไซด์ภายใน หากอุปกรณ์เปียก ให้ทำเหมือนเป็นส่วนหนึ่งของแผน ไม่ต้องสนใจคำขอผ้าเช็ดตัว,draft,
1066,IsolatorExperiments/HotIsoTest_Name,High Temperature Exposure,การสัมผัสอุณหภูมิสูง,draft,
1067,IsolatorExperiments/HotIsoTest_Descr,"Deploy experimental heating elements in the ward. Do not use the device for cooking purposes. If someone asks to crack open a window, shoot them on the spot.",ติดตั้งองค์ประกอบให้ความร้อนทดลองในห้อง ห้ามใช้อุปกรณ์เพื่อทำอาหาร หากมีผู้ขอให้แง้มหน้าต่าง ให้ยิงทิ้งทันที,draft,
1068,IsolatorExperiments/ColdIsoTest_Name,Low Temperature Exposure,การสัมผัสอุณหภูมิต่ำ,draft,
1069,IsolatorExperiments/ColdIsoTest_Descr,"Activate the ward's extreme cooling system. Snow and icicle formation are considered normal. If someone asks to close the window, incinerate them.",เปิดระบบทำความเย็นสุดขั้วของห้อง การเกิดหิมะและแท่งน้ำแข็งถือเป็นเรื่องปกติ หากมีผู้ขอให้ปิดหน้าต่าง ให้เผาทิ้ง,draft,
1070,IsolatorExperiments/UVLightIsoTest_Name,Quartz-12 Exposure,การฉายแสง Quartz-12,draft,
1071,IsolatorExperiments/UVLightIsoTest_Descr,"Place high-power quartz lamps in the isolation ward. Only those who have signed all the documents are permitted to look at the light source. If [redacted] occurs, activate the self-destruct system.",ติดตั้งหลอดควอตซ์กำลังสูงในห้องแยกกัก อนุญาตให้เฉพาะผู้ที่ลงนามเอกสารครบถ้วนมองแหล่งกำเนิดแสง หากเกิด [redacted] ให้เปิดระบบทำลายตนเอง,draft,
1072,Правила /Для Китайского и Корейского фонетическая транслитерация иероглифами.,,,untranslated,
1073,Правила /Для Японского транслитерация катаканой,,,untranslated,
1074,"Правила /Если в названии есть общипринятые термины типа Восточная, Западная, Европа, Америка и тд - Неоригинальную часть переводить, остальную транслитерировать с легкой шлифовкой по необходимости.",,,untranslated,
1075,Правила /Для Китайского и Корейского фонетическая транслитерация иероглифами.,,,untranslated,
1076,Правила /Для Японского транслитерация катаканой,,,untranslated,
1077,"Правила /Если в названии есть общипринятые термины типа Восточная, Западная, Европа, Америка и тд - Неоригинальную часть переводить, остальную транслитерировать с легкой шлифовкой по необходимости.",,,untranslated,
1078,Правила /Для Китайского и Корейского фонетическая транслитерация иероглифами.,,,untranslated,
1079,Правила /Для Японского транслитерация катаканой,,,untranslated,
1080,"Правила /Если в названии есть общипринятые термины типа Восточная, Западная, Европа, Америка и тд - Неоригинальную часть переводить, остальную транслитерировать с легкой шлифовкой по необходимости.",,,untranslated,
1081,Правила /Для Китайского и Корейского фонетическая транслитерация иероглифами.,,,untranslated,
1082,Правила /Для Японского транслитерация катаканой,,,untranslated,
1083,"Правила /Если в названии есть общипринятые термины типа Восточная, Западная, Европа, Америка и тд - Неоригинальную часть переводить, остальную транслитерировать с легкой шлифовкой по необходимости.",,,untranslated,
1084,Hints/IsoClearing,Decontamination in progress. Please wait.,กำลังดำเนินการขจัดสิ่งปนเปื้อน โปรดรอ,draft,
1085,Правила /Для Китайского и Корейского фонетическая транслитерация иероглифами.,,,untranslated,
1086,Правила /Для Японского транслитерация катаканой,,,untranslated,
1087,"Правила /Если в названии есть общипринятые термины типа Восточная, Западная, Европа, Америка и тд - Неоригинальную часть переводить, остальную транслитерировать с легкой шлифовкой по необходимости.",,,untranslated,
1088,UI/PlaytestTelemetry1,"Please keep in mind that this is an early feedback build that may contain bugs and differ significantly in quality and quantity of content from the final version.

Gameplay may be shown in live streams and video reviews, but we would really appreciate it if you could let your subscribers know that [this is not the final version]!","โปรดทราบว่านี่คือเกมรุ่นทดลองช่วงต้นซึ่งอาจมีข้อผิดพลาด และคุณภาพรวมถึงปริมาณเนื้อหาอาจแตกต่างจากรุ่นสมบูรณ์อย่างมาก

สามารถเผยแพร่การเล่นผ่านไลฟ์สตรีมและวิดีโอรีวิวได้ แต่เราจะขอบคุณอย่างยิ่งหากคุณแจ้งผู้ชมว่า [นี่ไม่ใช่เกมรุ่นสมบูรณ์]!",draft,
1089,UI/PlaytestTelemetry2,"We want to make our game better. To do that, we need your help in collecting anonymized statistics about how you play.

This does not affect your privacy, as no personal data is collected or shared with third parties.

I agree to help and accept the
Privacy Policy and Terms of Use.","เราต้องการปรับปรุงเกมให้ดียิ่งขึ้น และต้องการความช่วยเหลือจากคุณในการเก็บสถิติการเล่นแบบไม่ระบุตัวตน

การดำเนินการนี้ไม่กระทบความเป็นส่วนตัว เนื่องจากไม่มีการเก็บหรือแบ่งปันข้อมูลส่วนบุคคลกับบุคคลที่สาม

ฉันยินยอมให้ความช่วยเหลือและยอมรับ
นโยบายความเป็นส่วนตัวและข้อกำหนดการใช้งาน",draft,
1090,Правила /Для Китайского и Корейского фонетическая транслитерация иероглифами.,,,untranslated,
1091,Правила /Для Японского транслитерация катаканой,,,untranslated,
1092,"Правила /Если в названии есть общипринятые термины типа Восточная, Западная, Европа, Америка и тд - Неоригинальную часть переводить, остальную транслитерировать с легкой шлифовкой по необходимости.",,,untranslated,
1093,Real_Dev/,#N/A,,excluded,[excluded] ค่าต้นฉบับ #N/A ไม่ใช่ข้อความสำหรับแปล
1094,Правила /Для Китайского и Корейского фонетическая транслитерация иероглифами.,,,untranslated,
1095,Правила /Для Японского транслитерация катаканой,,,untranslated,
1096,"Правила /Если в названии есть общипринятые термины типа Восточная, Западная, Европа, Америка и тд - Неоригинальную часть переводить, остальную транслитерировать с легкой шлифовкой по необходимости.",,,untranslated,
1097,CoordinatorReplics/CR_StoryModeWelcome_003.1,"Remember, despite its simplicity the importance of your work cannot be overstated.",จำไว้ แม้งานจะดูเรียบง่าย แต่ความสำคัญของมันสูงเกินกว่าจะกล่าวได้,draft,
1098,CoordinatorReplics/CR_StoryModeWelcome_003.2,"So carefully review the instructions at the start of every day. The situation can change quickly, and so can the rules.",ดังนั้นจงตรวจคำสั่งอย่างละเอียดเมื่อเริ่มแต่ละวัน สถานการณ์เปลี่ยนได้รวดเร็ว และกฎก็เช่นกัน,draft,
1099,CoordinatorReplics/CR_StoryModeIsolator_005.1,It doesn't matter! I'll take care of the formalities.,ไม่สำคัญ! ฉันจะจัดการเรื่องเอกสารเอง,draft,
1100,CoordinatorReplics/CR_StoryModeIsolator_005.2,"Oh, and you also need to... choose daily recreational activities for those who are temporarily isolated.",อ้อ และคุณยังต้อง... เลือกกิจกรรมสันทนาการรายวันให้ผู้ที่ถูกแยกกักชั่วคราวด้วย,draft,
1101,CoordinatorReplics/CR_StoryModePlot_003.1,I want you to understand that you know as much as necessary.,ฉันอยากให้คุณเข้าใจว่า คุณได้รับรู้เท่าที่จำเป็นแล้ว,draft,
1102,CoordinatorReplics/CR_StoryModePlot_003.2,"Perhaps in the future you'll be assigned other duties, with different levels of clearance and, of course, greater responsibility.",ในอนาคตคุณอาจได้รับหน้าที่อื่น พร้อมระดับสิทธิ์ที่แตกต่างและแน่นอน ความรับผิดชอบที่มากขึ้น,draft,
1103,Правила /Для Китайского и Корейского фонетическая транслитерация иероглифами.,,,untranslated,
1104,Правила /Для Японского транслитерация катаканой,,,untranslated,
1105,"Правила /Если в названии есть общипринятые термины типа Восточная, Западная, Европа, Америка и тд - Неоригинальную часть переводить, остальную транслитерировать с легкой шлифовкой по необходимости.",,,untranslated,
1106,Hints/Tutor_054,Press here to get back to work.,กดที่นี่เพื่อกลับไปทำงาน,draft,
1107,CityOperations/Progress,Progress,ความคืบหน้า,draft,
1108,CityOperations/AlienTech,Extraterrestrial technologies,เทคโนโลยีต่างดาว,draft,
1109,CityOperations/Fungus,Fungus,เชื้อรา,draft,
1110,CityOperations/Parasite,Parasite,ปรสิต,draft,
1111,Правила /Для Китайского и Корейского фонетическая транслитерация иероглифами.,,,untranslated,
1112,Правила /Для Японского транслитерация катаканой,,,untranslated,
1113,"Правила /Если в названии есть общипринятые термины типа Восточная, Западная, Европа, Америка и тд - Неоригинальную часть переводить, остальную транслитерировать с легкой шлифовкой по необходимости.",,,untranslated,
1114,Правила /Для Китайского и Корейского фонетическая транслитерация иероглифами.,,,untranslated,
1115,Правила /Для Японского транслитерация катаканой,,,untranslated,
1116,"Правила /Если в названии есть общипринятые термины типа Восточная, Западная, Европа, Америка и тд - Неоригинальную часть переводить, остальную транслитерировать с легкой шлифовкой по необходимости.",,,untranslated,
1117,UI/SurveyLink,https://forms.office.com/r/HjQ9QmA5uF,,excluded,[excluded] URL ต้องคงเดิม
1118,Правила /Для Китайского и Корейского фонетическая транслитерация иероглифами.,,,untranslated,
1119,Правила /Для Японского транслитерация катаканой,,,untranslated,
1120,"Правила /Если в названии есть общипринятые термины типа Восточная, Западная, Европа, Америка и тд - Неоригинальную часть переводить, остальную транслитерировать с легкой шлифовкой по необходимости.",,,untranslated,
1121,Правила /Для Китайского и Корейского фонетическая транслитерация иероглифами.,,,untranslated,
1122,Правила /Для Японского транслитерация катаканой,,,untranslated,
1123,"Правила /Если в названии есть общипринятые термины типа Восточная, Западная, Европа, Америка и тд - Неоригинальную часть переводить, остальную транслитерировать с легкой шлифовкой по необходимости.",,,untranslated,
1124,Правила /Для Китайского и Корейского фонетическая транслитерация иероглифами.,,,untranslated,
1125,Правила /Для Японского транслитерация катаканой,,,untranslated,
1126,"Правила /Если в названии есть общипринятые термины типа Восточная, Западная, Европа, Америка и тд - Неоригинальную часть переводить, остальную транслитерировать с легкой шлифовкой по необходимости.",,,untranslated,
1127,UI/Start_Language_Button_Russian,Русский,,excluded,[excluded] ชื่อภาษาในภาษาต้นฉบับของผู้ใช้
1128,UI/Start_Language_Button_English,English,,excluded,[excluded] ชื่อภาษาในภาษาต้นฉบับของผู้ใช้
1129,UI/Start_Language_Button_Chinese (Simplified),简体中文,,excluded,[excluded] ชื่อภาษาในภาษาต้นฉบับของผู้ใช้
1130,UI/Start_Language_Button_French,Français,,excluded,[excluded] ชื่อภาษาในภาษาต้นฉบับของผู้ใช้
1131,UI/Start_Language_Button_German,Deutsch,,excluded,[excluded] ชื่อภาษาในภาษาต้นฉบับของผู้ใช้
1132,UI/Start_Language_Button_Spanish,Español,,excluded,[excluded] ชื่อภาษาในภาษาต้นฉบับของผู้ใช้
1133,UI/Start_Language_Button_Brazil,Português (Brasil),,excluded,[excluded] ชื่อภาษาในภาษาต้นฉบับของผู้ใช้
1134,UI/Start_Language_Button_Chinese (Traditional),繁體中文,,excluded,[excluded] ชื่อภาษาในภาษาต้นฉบับของผู้ใช้
1135,UI/Start_Language_Button_Korean,한국어,,excluded,[excluded] ชื่อภาษาในภาษาต้นฉบับของผู้ใช้
1136,UI/Start_Language_Button_Polish,Polski,,excluded,[excluded] ชื่อภาษาในภาษาต้นฉบับของผู้ใช้
1137,UI/Start_Language_Button_Japanese,日本語,,excluded,[excluded] ชื่อภาษาในภาษาต้นฉบับของผู้ใช้
1138,UI/Start_Language_Button_Turkish,Türkçe,,excluded,[excluded] ชื่อภาษาในภาษาต้นฉบับของผู้ใช้
1139,Правила /Для Китайского и Корейского фонетическая транслитерация иероглифами.,,,untranslated,
1140,Правила /Для Японского транслитерация катаканой,,,untranslated,
1141,"Правила /Если в названии есть общипринятые термины типа Восточная, Западная, Европа, Америка и тд - Неоригинальную часть переводить, остальную транслитерировать с легкой шлифовкой по необходимости.",,,untranslated,
1142,Правила /Для Китайского и Корейского фонетическая транслитерация иероглифами.,,,untranslated,
1143,Правила /Для Японского транслитерация катаканой,,,untranslated,
1144,"Правила /Если в названии есть общипринятые термины типа Восточная, Западная, Европа, Америка и тд - Неоригинальную часть переводить, остальную транслитерировать с легкой шлифовкой по необходимости.",,,untranslated,
1145,UI/NextDay,Next Day,วันถัดไป,draft,
1146,UI/Restart,Restart Day,เริ่มวันนี้ใหม่,draft,
1147,Hints/Tutor_055,This panel has the character's financial and health indicators.,แผงนี้แสดงสถานะทางการเงินและสุขภาพของตัวละคร,draft,
1148,Hints/Tutor_056,"This is the sanity bar. Mistakes and stressful situations lower it. At the end of the day, some sanity restores naturally. You have to buy food or medication to get more.",นี่คือแถบสติ ความผิดพลาดและสถานการณ์ตึงเครียดจะทำให้ลดลง เมื่อจบวัน สติจะฟื้นเองบางส่วน หากต้องการฟื้นเพิ่ม คุณต้องซื้ออาหารหรือยา,draft,
1149,Hints/Tutor_057,"This is the satiety bar. It decreases every day after work. To refill it, you need to buy food.",นี่คือแถบความอิ่ม ซึ่งจะลดลงทุกวันหลังเลิกงาน หากต้องการเติมให้ซื้ออาหาร,draft,
1150,Hints/Tutor_058,"If any of these stats drop to zero, your character will die, and the game will be over.",หากค่าสถานะใดลดเหลือศูนย์ ตัวละครของคุณจะเสียชีวิตและเกมจะจบลง,draft,
1151,Hints/Tutor_059,Press here to go to the store!,กดที่นี่เพื่อไปยังร้านค้า!,draft,
1152,Hints/Tutor_060,Press here to buy (and eat) a sandwich. This will restore your satiety and some sanity. Make sure to keep an eye on these stats!,กดที่นี่เพื่อซื้อ (และกิน) แซนด์วิช ซึ่งจะฟื้นความอิ่มและสติบางส่วน อย่าลืมคอยตรวจค่าสถานะเหล่านี้!,draft,
1153,Hints/Tutor_061,You can purchase upgrades below. New options will appear over time. Good luck!,คุณซื้ออัปเกรดได้ด้านล่าง ตัวเลือกใหม่จะเพิ่มขึ้นตามเวลา ขอให้โชคดี!,draft,
1154,CoordinatorReplics/CR_StoryModeInstructions_001,You did quite well yesterday. Keep up the good work.,เมื่อวานคุณทำได้ดีทีเดียว รักษามาตรฐานนี้ไว้,draft,
1155,CoordinatorReplics/CR_StoryModeInstructions_002,Thanks!,ขอบคุณ!,draft,
1156,CoordinatorReplics/CR_StoryModeInstructions_003,A little tip: read the instructions carefully. They change every day; such is the nature of this…place.,คำแนะนำเล็กน้อย: อ่านคำสั่งให้ละเอียด คำสั่งเปลี่ยนทุกวัน เพราะนี่คือธรรมชาติของ...สถานที่แห่งนี้,draft,
1157,CoordinatorReplics/CR_StoryModeInstructions_004,I get it... I think.,เข้าใจแล้ว... คิดว่านะ,draft,
1158,CoordinatorReplics/CR_StoryModeInstructions_005,"Even if a person comes with a third eye or a blobfish instead of a brain, if the instructions don't say anything about him, you should let him through.",แม้ใครจะมีตาที่สามหรือมีปลาบล็อบฟิชแทนสมอง หากคำสั่งไม่กล่าวถึงเขา คุณก็ต้องปล่อยเขาผ่าน,draft,
1159,CoordinatorReplics/CR_StoryModeInstructions_006,Even if it was different the day before. Do you understand?,แม้เมื่อวานกฎจะแตกต่างกัน เข้าใจไหม?,draft,
1160,CoordinatorReplics/CR_StoryModeInstructions_007,"Yeah, sure, I do!",ครับ เข้าใจแน่นอน!,draft,
1161,CoordinatorReplics/CR_StoryModeInstructions_008,"A fish instead of a brain, well, I never...",มีปลาแทนสมองเนี่ยนะ ไม่อยากจะเชื่อ...,draft,
1162,Правила /Для Китайского и Корейского фонетическая транслитерация иероглифами.,,,untranslated,
1163,Правила /Для Японского транслитерация катаканой,,,untranslated,
1164,"Правила /Если в названии есть общипринятые термины типа Восточная, Западная, Европа, Америка и тд - Неоригинальную часть переводить, остальную транслитерировать с легкой шлифовкой по необходимости.",,,untranslated,
1165,UI/IsoFullCantGo,The isolation ward is full. Reduce the number of people before leaving.,ห้องแยกกักเต็ม โปรดลดจำนวนคนก่อนออกไป,draft,
1166,Правила /Для Китайского и Корейского фонетическая транслитерация иероглифами.,,,untranslated,
1167,Правила /Для Японского транслитерация катаканой,,,untranslated,
1168,"Правила /Если в названии есть общипринятые термины типа Восточная, Западная, Европа, Америка и тд - Неоригинальную часть переводить, остальную транслитерировать с легкой шлифовкой по необходимости.",,,untranslated,
1169,Правила /Для Китайского и Корейского фонетическая транслитерация иероглифами.,,,untranslated,
1170,Правила /Для Японского транслитерация катаканой,,,untranslated,
1171,"Правила /Если в названии есть общипринятые термины типа Восточная, Западная, Европа, Америка и тд - Неоригинальную часть переводить, остальную транслитерировать с легкой шлифовкой по необходимости.",,,untranslated,
1172,CoordinatorReplics/CR_EventNinja_001,You shouldn't worry about what happened.,คุณไม่ควรกังวลกับสิ่งที่เกิดขึ้น,draft,
1173,CoordinatorReplics/CR_EventNinja_002,"If you had let this man through without checking anything, as he asked, he would, of course, have stayed alive.",หากคุณปล่อยชายคนนั้นผ่านโดยไม่ตรวจอะไรตามที่เขาขอ แน่นอนว่าเขาคงยังมีชีวิตอยู่,draft,
1174,CoordinatorReplics/CR_EventNinja_003,"But that would mean a breach of instructions, which is a luxury we cannot afford.",แต่นั่นจะเป็นการฝ่าฝืนคำสั่ง ซึ่งเป็นความฟุ่มเฟือยที่เราไม่อาจยอมรับได้,draft,
1175,Правила /Для Китайского и Корейского фонетическая транслитерация иероглифами.,,,untranslated,
1176,Правила /Для Японского транслитерация катаканой,,,untranslated,
1177,"Правила /Если в названии есть общипринятые термины типа Восточная, Западная, Европа, Америка и тд - Неоригинальную часть переводить, остальную транслитерировать с легкой шлифовкой по необходимости.",,,untranslated,
1178,Hints/Tutor_062,"This panel shows your character's financial and health indicators: sanity and satiety. It's important to keep your sanity and satiety levels high; otherwise, your character will die. You can replenish them with food and pills from the store.",แผงนี้แสดงสถานะทางการเงินและสุขภาพของตัวละคร ได้แก่ สติและความอิ่ม การรักษาค่าทั้งสองให้อยู่ในระดับสูงเป็นสิ่งสำคัญ มิฉะนั้นตัวละครจะเสียชีวิต คุณฟื้นค่าเหล่านี้ได้ด้วยอาหารและยาจากร้านค้า,draft,
1179,CoordinatorReplics/CR_StoryModeWelcome_001.1,Greetings! And congratulations on your first day.,สวัสดี! และขอแสดงความยินดีกับวันทำงานวันแรก,draft,
1180,CoordinatorReplics/CR_StoryModeWelcome_001.2,Your job is quite simple: screen visitors according to the instructions you've received.,งานของคุณค่อนข้างเรียบง่าย: ตรวจคัดกรองผู้มาเยือนตามคำสั่งที่ได้รับ,draft,
1181,CoordinatorReplics/CR_StoryModeIsolator_001.1,"Greetings. Starting today, your clearance level has been upgraded.",สวัสดี ตั้งแต่วันนี้ ระดับสิทธิ์ของคุณได้รับการยกระดับ,draft,
1182,CoordinatorReplics/CR_StoryModeIsolator_001.2,"You can now visit the temporary-holding room. Or rather, you must.",คุณสามารถเข้าไปในห้องควบคุมตัวชั่วคราวได้แล้ว หรือพูดให้ถูกคือ คุณต้องเข้าไป,draft,
1183,CoordinatorReplics/CR_StoryModeIsolator_005.3,"Some activities may seem strange to you, but pay them no mind.",บางกิจกรรมอาจดูแปลก แต่อย่าใส่ใจ,draft,
1184,CoordinatorReplics/CR_StoryModeIsolator_007.1,"It's in your best interest to avoid asking unnecessary questions. New duties mean a pay raise, of course.",เพื่อประโยชน์ของตัวคุณเอง อย่าถามคำถามที่ไม่จำเป็น หน้าที่ใหม่ย่อมมาพร้อมเงินเดือนที่เพิ่มขึ้นแน่นอน,draft,
1185,CoordinatorReplics/CR_StoryModeIsolator_007.2,Have a nice and productive day!,ขอให้เป็นวันที่ดีและทำงานอย่างมีประสิทธิภาพ!,draft,
1186,CoordinatorReplics/CR_StoryModeCity_001.1,"Greetings. Since we... had an unexpected staff cut, your responsibilities have expanded again.",สวัสดี เนื่องจากเรา... ลดจำนวนบุคลากรอย่างไม่คาดคิด หน้าที่ของคุณจึงเพิ่มขึ้นอีกครั้ง,draft,
1187,CoordinatorReplics/CR_StoryModeCity_001.2,"Your security clearance has, of course, also been upgraded.",และแน่นอนว่าระดับสิทธิ์ของคุณก็ได้รับการยกระดับด้วย,draft,
1188,CoordinatorReplics/CR_StoryModePlot_001.1,"Greetings. As you know, certain processes are taking place in the city.",สวัสดี อย่างที่คุณทราบ มีกระบวนการบางอย่างกำลังเกิดขึ้นในเมือง,draft,
1189,CoordinatorReplics/CR_StoryModePlot_001.2,"It might not be obvious, but your work has a direct impact on them.",แม้อาจมองไม่เห็นชัด แต่งานของคุณส่งผลโดยตรงต่อสิ่งเหล่านั้น,draft,
1190,CoordinatorReplics/CR_StoryModeInstructions_005.1,Even if you see someone with a third eye or a fish instead of a brain...,แม้คุณจะเห็นใครมีตาที่สามหรือมีปลาแทนสมอง...,draft,
1191,CoordinatorReplics/CR_StoryModeInstructions_005.2,"If the instructions don't mention otherwise, you must let them through.",หากคำสั่งไม่ได้ระบุเป็นอย่างอื่น คุณต้องปล่อยเขาผ่าน,draft,
1192,Правила /Для Китайского и Корейского фонетическая транслитерация иероглифами.,,,untranslated,
1193,Правила /Для Японского транслитерация катаканой,,,untranslated,
1194,"Правила /Если в названии есть общипринятые термины типа Восточная, Западная, Европа, Америка и тд - Неоригинальную часть переводить, остальную транслитерировать с легкой шлифовкой по необходимости.",,,untranslated,
1195,Правила /Для Китайского и Корейского фонетическая транслитерация иероглифами.,,,untranslated,
1196,Правила /Для Японского транслитерация катаканой,,,untranslated,
1197,"Правила /Если в названии есть общипринятые термины типа Восточная, Западная, Европа, Америка и тд - Неоригинальную часть переводить, остальную транслитерировать с легкой шлифовкой по необходимости.",,,untranslated,
1198,Правила /Для Китайского и Корейского фонетическая транслитерация иероглифами.,,,untranslated,
1199,Правила /Для Японского транслитерация катаканой,,,untranslated,
1200,"Правила /Если в названии есть общипринятые термины типа Восточная, Западная, Европа, Америка и тд - Неоригинальную часть переводить, остальную транслитерировать с легкой шлифовкой по необходимости.",,,untranslated,
1201,Правила /Для Китайского и Корейского фонетическая транслитерация иероглифами.,,,untranslated,
1202,Правила /Для Японского транслитерация катаканой,,,untranslated,
1203,"Правила /Если в названии есть общипринятые термины типа Восточная, Западная, Европа, Америка и тд - Неоригинальную часть переводить, остальную транслитерировать с легкой шлифовкой по необходимости.",,,untranslated,
1204,Правила /Для Китайского и Корейского фонетическая транслитерация иероглифами.,,,untranslated,
1205,Правила /Для Японского транслитерация катаканой,,,untranslated,
1206,"Правила /Если в названии есть общипринятые термины типа Восточная, Западная, Европа, Америка и тд - Неоригинальную часть переводить, остальную транслитерировать с легкой шлифовкой по необходимости.",,,untranslated,
1207,Правила /Для Китайского и Корейского фонетическая транслитерация иероглифами.,,,untranslated,
1208,Правила /Для Японского транслитерация катаканой,,,untranslated,
1209,"Правила /Если в названии есть общипринятые термины типа Восточная, Западная, Европа, Америка и тд - Неоригинальную часть переводить, остальную транслитерировать с легкой шлифовкой по необходимости.",,,untranslated,
1210,Hints/Tutor_063,"The priority of instructions depends on the order in which they are listed. The higher on the list, the more important they are!",ลำดับความสำคัญของคำสั่งขึ้นอยู่กับตำแหน่งในรายการ ยิ่งอยู่ด้านบนยิ่งสำคัญ!,draft,
1211,Hints/Tutor_064,"The experiment in the isolation ward you chose yesterday was completed successfully. The data from it will allow us to conduct an operation in the city. The further the research progresses, the more effective the operations will become. Make sure to check the isolation ward every day!",การทดลองในห้องแยกกักที่คุณเลือกเมื่อวานเสร็จสมบูรณ์แล้ว ข้อมูลที่ได้ช่วยให้เราทำปฏิบัติการในเมืองได้ ยิ่งงานวิจัยคืบหน้า ปฏิบัติการจะยิ่งมีประสิทธิภาพ อย่าลืมตรวจห้องแยกกักทุกวัน!,draft,
1212,Hints/Tutor_065,"The tactical operation in the city was a success, and we've made some progress in finding a way to handle the unknown disease. Make sure to check the city screen every day and schedule operations!",ปฏิบัติการทางยุทธวิธีในเมืองสำเร็จ และเราคืบหน้าในการค้นหาวิธีรับมือโรคลึกลับ อย่าลืมตรวจหน้าเมืองและวางแผนปฏิบัติการทุกวัน!,draft,
1213,Правила /Для Китайского и Корейского фонетическая транслитерация иероглифами.,,,untranslated,
1214,Правила /Для Японского транслитерация катаканой,,,untranslated,
1215,"Правила /Если в названии есть общипринятые термины типа Восточная, Западная, Европа, Америка и тд - Неоригинальную часть переводить, остальную транслитерировать с легкой шлифовкой по необходимости.",,,untranslated,
1216,Правила /Для Китайского и Корейского фонетическая транслитерация иероглифами.,,,untranslated,
1217,Правила /Для Японского транслитерация катаканой,,,untranslated,
1218,"Правила /Если в названии есть общипринятые термины типа Восточная, Западная, Европа, Америка и тд - Неоригинальную часть переводить, остальную транслитерировать с легкой шлифовкой по необходимости.",,,untranslated,
1219,UI/CamCens,"SIGNAL
LOCKED","สัญญาณ
ถูกล็อก",draft,
1220,Правила /Для Китайского и Корейского фонетическая транслитерация иероглифами.,,,untranslated,
1221,Правила /Для Японского транслитерация катаканой,,,untranslated,
1222,"Правила /Если в названии есть общипринятые термины типа Восточная, Западная, Европа, Америка и тд - Неоригинальную часть переводить, остальную транслитерировать с легкой шлифовкой по необходимости.",,,untranslated,
1223,Instructions/Denied,"Always let through, except when the following are detected:",ให้ผ่านเสมอ ยกเว้นเมื่อตรวจพบสิ่งต่อไปนี้:,draft,
1224,Instructions/Approve,"Let through, ignoring ALL instructions, if the following are detected:",หากตรวจพบสิ่งต่อไปนี้ ให้ผ่านโดยไม่สนคำสั่งทั้งหมด:,draft,
1225,Instructions/Kill,"Call security, ignoring previous instructions, if the following are detected:",หากตรวจพบสิ่งต่อไปนี้ ให้เรียกเจ้าหน้าที่รักษาความปลอดภัยโดยไม่สนคำสั่งก่อนหน้า:,draft,
1226,Instructions/69,Insectoid-type bones,กระดูกลักษณะเผ่าแมลง,draft,
1227,Instructions/70,Insectoid lung infestation,เผ่าแมลงแพร่เต็มปอด,draft,
1228,Instructions/71,Insectoid heart infestation,เผ่าแมลงแพร่เต็มหัวใจ,draft,
1229,Instructions/72,Insectoid liver infestation,เผ่าแมลงแพร่เต็มตับ,draft,
1230,Instructions/73,Larval transformation of the stomach,กระเพาะอาหารแปรสภาพเป็นตัวอ่อน,draft,
1231,Instructions/74,Giant larva in the photo,ตัวอ่อนยักษ์ในภาพถ่าย,draft,
1232,Instructions/75,LED-modified lung,ปอดดัดแปลงด้วย LED,draft,
1233,Правила /Для Китайского и Корейского фонетическая транслитерация иероглифами.,,,untranslated,
1234,Правила /Для Японского транслитерация катаканой,,,untranslated,
1235,"Правила /Если в названии есть общипринятые термины типа Восточная, Западная, Европа, Америка и тд - Неоригинальную часть переводить, остальную транслитерировать с легкой шлифовкой по необходимости.",,,untranslated,
1236,UI/LiftFalseKill,People without anomalies eliminated,กำจัดผู้ที่ไม่มีความผิดปกติ,draft,
1237,UI/LiftFalseOpen,People with anomalies were released,ปล่อยผู้ที่มีความผิดปกติ,draft,
1238,Правила /Для Китайского и Корейского фонетическая транслитерация иероглифами.,,,untranslated,
1239,Правила /Для Японского транслитерация катаканой,,,untranslated,
1240,"Правила /Если в названии есть общипринятые термины типа Восточная, Западная, Европа, Америка и тд - Неоригинальную часть переводить, остальную транслитерировать с легкой шлифовкой по необходимости.",,,untranslated,
1241,Правила /Для Китайского и Корейского фонетическая транслитерация иероглифами.,,,untranslated,
1242,Правила /Для Японского транслитерация катаканой,,,untranslated,
1243,"Правила /Если в названии есть общипринятые термины типа Восточная, Западная, Европа, Америка и тд - Неоригинальную часть переводить, остальную транслитерировать с легкой шлифовкой по необходимости.",,,untranslated,
1244,Правила /Для Китайского и Корейского фонетическая транслитерация иероглифами.,,,untranslated,
1245,Правила /Для Японского транслитерация катаканой,,,untranslated,
1246,"Правила /Если в названии есть общипринятые термины типа Восточная, Западная, Европа, Америка и тд - Неоригинальную часть переводить, остальную транслитерировать с легкой шлифовкой по необходимости.",,,untranslated,
1247,Правила /Для Китайского и Корейского фонетическая транслитерация иероглифами.,,,untranslated,
1248,Правила /Для Японского транслитерация катаканой,,,untranslated,
1249,"Правила /Если в названии есть общипринятые термины типа Восточная, Западная, Европа, Америка и тд - Неоригинальную часть переводить, остальную транслитерировать с легкой шлифовкой по необходимости.",,,untranslated,
1250,Правила /Для Китайского и Корейского фонетическая транслитерация иероглифами.,,,untranslated,
1251,Правила /Для Японского транслитерация катаканой,,,untranslated,
1252,"Правила /Если в названии есть общипринятые термины типа Восточная, Западная, Европа, Америка и тд - Неоригинальную часть переводить, остальную транслитерировать с легкой шлифовкой по необходимости.",,,untranslated,
1253,Правила /Для Китайского и Корейского фонетическая транслитерация иероглифами.,,,untranslated,
1254,Правила /Для Японского транслитерация катаканой,,,untranslated,
1255,"Правила /Если в названии есть общипринятые термины типа Восточная, Западная, Европа, Америка и тд - Неоригинальную часть переводить, остальную транслитерировать с легкой шлифовкой по необходимости.",,,untranslated,
1256,Dialogue/Conversation/93/Entry/1/Dialogue Text,"Step it up, man, I'm in a rush.",เร็วหน่อยพวก ฉันกำลังรีบ,draft,
1257,Правила /Для Китайского и Корейского фонетическая транслитерация иероглифами.,,,untranslated,
1258,Правила /Для Японского транслитерация катаканой,,,untranslated,
1259,"Правила /Если в названии есть общипринятые термины типа Восточная, Западная, Европа, Америка и тд - Неоригинальную часть переводить, остальную транслитерировать с легкой шлифовкой по необходимости.",,,untranslated,
1260,Dialogue/Conversation/95/Entry/1/Dialogue Text,Hi! I strongly advise against doing an MRI of the bones.,หวัดดี! ฉันขอแนะนำอย่างยิ่งว่าอย่าทำ MRI กระดูก,draft,
1261,Правила /Для Китайского и Корейского фонетическая транслитерация иероглифами.,,,untranslated,
1262,Правила /Для Японского транслитерация катаканой,,,untranslated,
1263,"Правила /Если в названии есть общипринятые термины типа Восточная, Западная, Европа, Америка и тд - Неоригинальную часть переводить, остальную транслитерировать с легкой шлифовкой по необходимости.",,,untranslated,
1264,Dialogue/Conversation/97/Entry/1/Dialogue Text,"Check whatever you want, but don't touch my soul.",อยากตรวจอะไรก็ตรวจ แต่อย่าแตะต้องวิญญาณฉัน,draft,
1265,Правила /Для Китайского и Корейского фонетическая транслитерация иероглифами.,,,untranslated,
1266,Правила /Для Японского транслитерация катаканой,,,untranslated,
1267,"Правила /Если в названии есть общипринятые термины типа Восточная, Западная, Европа, Америка и тд - Неоригинальную часть переводить, остальную транслитерировать с легкой шлифовкой по необходимости.",,,untranslated,
1268,UI/MoodCalm,Calm,สงบ,draft,
1269,UI/MoodNervous,Nervous,วิตกกังวล,draft,
1270,UI/MoodWithdrawn,Withdrawn,เก็บตัว,draft,
1271,UI/MoodParanoid,Paranoid,หวาดระแวง,draft,
1272,UI/MoodBreakup,Broken,สติแตก,draft,
1273,UI/MoodDead,Dead,เสียชีวิต,draft,
1274,UI/RemoveBody,Remove body,นำศพออก,draft,
1275,Dialogue/Conversation/100/Entry/1/Dialogue Text,I hope there won't be any flashing lights- I can't stand them!,หวังว่าจะไม่มีไฟกะพริบนะ ฉันทนไม่ได้!,draft,
1276,Dialogue/Conversation/101/Entry/1/Dialogue Text,What have you done?!,คุณทำอะไรลงไป?!,draft,
1277,Hints/IsoStatusRed,There's an emergency in the isolation ward. Guest interaction and cultural events are unavailable. Please come back tomorrow!,เกิดเหตุฉุกเฉินในห้องแยกกัก ไม่สามารถพบผู้ถูกทดลองหรือจัดกิจกรรมทางวัฒนธรรมได้ โปรดกลับมาใหม่พรุ่งนี้!,draft,
1278,Правила /Для Китайского и Корейского фонетическая транслитерация иероглифами.,,,untranslated,
1279,Правила /Для Японского транслитерация катаканой,,,untranslated,
1280,"Правила /Если в названии есть общипринятые термины типа Восточная, Западная, Европа, Америка и тд - Неоригинальную часть переводить, остальную транслитерировать с легкой шлифовкой по необходимости.",,,untranslated,
1281,CoordinatorReplics/CR_EventBombist_001,#N/A,,excluded,[excluded] ค่าต้นฉบับ #N/A ไม่ใช่ข้อความสำหรับแปล
1282,CoordinatorReplics/CR_EventBombist_002,#N/A,,excluded,[excluded] ค่าต้นฉบับ #N/A ไม่ใช่ข้อความสำหรับแปล
1283,CoordinatorReplics/CR_EventBombist_003,#N/A,,excluded,[excluded] ค่าต้นฉบับ #N/A ไม่ใช่ข้อความสำหรับแปล
1284,CoordinatorReplics/CR_EventBombistIsolated_001,#N/A,,excluded,[excluded] ค่าต้นฉบับ #N/A ไม่ใช่ข้อความสำหรับแปล
1285,CoordinatorReplics/CR_EventBombistIsolated_002,#N/A,,excluded,[excluded] ค่าต้นฉบับ #N/A ไม่ใช่ข้อความสำหรับแปล
1286,CoordinatorReplics/CR_EventBombistIsolated_003,#N/A,,excluded,[excluded] ค่าต้นฉบับ #N/A ไม่ใช่ข้อความสำหรับแปล
1287,Правила /Для Китайского и Корейского фонетическая транслитерация иероглифами.,,,untranslated,
1288,Правила /Для Японского транслитерация катаканой,,,untranslated,
1289,"Правила /Если в названии есть общипринятые термины типа Восточная, Западная, Европа, Америка и тд - Неоригинальную часть переводить, остальную транслитерировать с легкой шлифовкой по необходимости.",,,untranslated,
1290,Dialogue/Conversation/106/Entry/1/Dialogue Text,Can we please skip the organ scan? It makes me sick to my stomach.,ข้ามการสแกนอวัยวะได้ไหม? มันทำให้ฉันคลื่นไส้,draft,
1291,Правила /Для Китайского и Корейского фонетическая транслитерация иероглифами.,,,untranslated,
1292,Правила /Для Японского транслитерация катаканой,,,untranslated,
1293,"Правила /Если в названии есть общипринятые термины типа Восточная, Западная, Европа, Америка и тд - Неоригинальную часть переводить, остальную транслитерировать с легкой шлифовкой по необходимости.",,,untranslated,
1294,UI/TimeOutTransport,,,untranslated,
1295,UI/TimeBonus,Speed bonus:,โบนัสความเร็ว:,draft,
1296,Правила /Для Китайского и Корейского фонетическая транслитерация иероглифами.,,,untranslated,
1297,Правила /Для Японского транслитерация катаканой,,,untranslated,
1298,"Правила /Если в названии есть общипринятые термины типа Восточная, Западная, Европа, Америка и тд - Неоригинальную часть переводить, остальную транслитерировать с легкой шлифовкой по необходимости.",,,untranslated,
1299,UI/EndDayProblemPenalty,Infected released into the city:,ผู้ติดเชื้อที่ถูกปล่อยเข้าเมือง:,draft,
1300,UI/DemoEnd1,OPERATION SECURITY 51 REPORT (INTRODUCTORY PERIOD),รายงานปฏิบัติการ SECURITY 51 (ช่วงแนะนำ),draft,
1301,UI/DemoEnd2,"The biological threat has been eliminated. The countermeasures you've implemented destroyed the pathogen before it could escape the quarantine zone.

 Collateral damage and personnel casualties are deemed allowable. Result rating: ACCEPTABLE.

 HOWEVER: The ""cure"" you used has itself become a new threat. You will learn further about what other anomalies you will have to deal with to keep the situation under control. This concludes your introductory shift.","ภัยคุกคามทางชีวภาพถูกกำจัดแล้ว มาตรการตอบโต้ที่คุณใช้ทำลายเชื้อก่อโรคก่อนที่มันจะหลุดออกจากเขตกักกัน

 ความเสียหายข้างเคียงและการสูญเสียบุคลากรอยู่ในระดับที่ยอมรับได้ ผลการประเมิน: ยอมรับได้

 อย่างไรก็ตาม: ‘วิธีรักษา’ ที่คุณใช้ได้กลายเป็นภัยคุกคามชนิดใหม่เสียเอง คุณจะได้เรียนรู้ต่อไปว่าต้องรับมือกับสิ่งผิดปกติใดอีกเพื่อควบคุมสถานการณ์ กะแนะนำของคุณสิ้นสุดลงแล้ว",draft,
1302,UI/DemoEnd3,"MANAGEMENT NOTE:
 Dear Employee, thank you for completing the demo! The full version will feature new threats and consequences for your decisions.
 Please apply for a permanent position and file a violations report.","บันทึกจากฝ่ายบริหาร:
 เรียน พนักงาน ขอบคุณที่เล่นเดโมจนจบ! เกมฉบับเต็มจะมีภัยคุกคามใหม่และผลลัพธ์จากการตัดสินใจของคุณ
 โปรดสมัครเข้าทำงานประจำและยื่นรายงานการฝ่าฝืน",draft,
1303,UI/IsolAlarm,ALARM,สัญญาณเตือน,draft,
1304,Events_For_Stats/Melting,Floor is stained with a skin-like substance,พื้นเปื้อนสารลักษณะคล้ายผิวหนัง,draft,
1305,Events_For_Stats/Ninja_kill,Body parts packaged separately,ชิ้นส่วนร่างกายถูกบรรจุแยกกัน,draft,
1306,Events_For_Stats/Katana_Lift,Elevator damaged by a blade of unidentified material,ลิฟต์เสียหายจากใบมีดที่ทำจากวัสดุไม่ทราบชนิด,draft,
1307,Events_For_Stats/MonstTentacles_Lift,Unidentified life form damaged the elevator,สิ่งมีชีวิตไม่ทราบชนิดทำให้ลิฟต์เสียหาย,draft,
1308,Events_For_Stats/,,,untranslated,
1309,Hints/Tutor_066,This is a 24-hour clock. The hand shows the time. The green sector indicates your shift. The length of the shift may vary from day to day.,นี่คือนาฬิกาแบบ 24 ชั่วโมง เข็มแสดงเวลาปัจจุบัน ส่วนสีเขียวแสดงช่วงกะของคุณ ความยาวกะอาจแตกต่างกันในแต่ละวัน,draft,
1310,Hints/Tutor_067,"During your shift, you must check everyone going in and out. If you manage to do it before the end of the shift, you'll get a bonus. If you don't check someone or leave them waiting for the elevator, you'll be fined.",ระหว่างกะ คุณต้องตรวจทุกคนที่เข้าและออก หากเสร็จก่อนหมดกะจะได้รับโบนัส หากไม่ได้ตรวจใครหรือปล่อยให้รอลิฟต์ คุณจะถูกปรับ,draft,
1311,Hints/Tutor_068,"The number of people remaining for the day is shown on your monitor, with those already waiting for the elevator in square brackets.",จำนวนคนที่เหลือในวันนี้แสดงบนจอของคุณ โดยผู้ที่กำลังรอลิฟต์จะแสดงอยู่ในวงเล็บเหลี่ยม,draft,
1312,CoordinatorReplics/CR_StoryModeInstructions_007.1,"All right. And keep in mind, yesterday was just a simulation.",เอาล่ะ และจำไว้ เมื่อวานเป็นเพียงการจำลอง,draft,
1313,CoordinatorReplics/CR_StoryModeInstructions_007.2,WHAT?!,อะไรนะ?!,draft,
1314,CoordinatorReplics/CR_StoryModeInstructions_007.3,You don't want to know the details. Just remember: time is finite.,คุณไม่อยากรู้รายละเอียดหรอก แค่จำไว้ว่ามีเวลาจำกัด,draft,
1315,CoordinatorReplics/CR_StoryModeInstructions_007.4,Time... That's right! It did feel weird that yesterday flew by so quickly... So it wasn't even real!,เวลา... จริงด้วย! เมื่อวานรู้สึกแปลก ๆ ที่เวลาผ่านไปเร็วมาก... แปลว่ามันไม่ใช่เรื่องจริงด้วยซ้ำ!,draft,
1316,CoordinatorReplics/CR_StoryModeInstructions_007.5,"Well, even if the work was a sim, the money I got for it was real.",เอาเถอะ ถึงงานจะเป็นการจำลอง แต่เงินที่ได้เป็นของจริง,draft,
1317,CoordinatorReplics/CR_StoryModeInstructions_007.6,"That's the right attitude. We pay you for your work, not for your questions.",นั่นคือทัศนคติที่ถูกต้อง เราจ่ายเงินให้คุณทำงาน ไม่ได้จ่ายให้ถามคำถาม,draft,
1318,CoordinatorReplics/CR_StoryModeInstructions_007.7,"And if you complete it earlier than planned, you will get a bonus.",และหากเสร็จก่อนกำหนด คุณจะได้รับโบนัส,draft,
1319,CoordinatorReplics/CR_StoryModeInstructions_007.8,You should have led with that! Gotcha.,ควรบอกเรื่องนั้นตั้งแต่แรก! เข้าใจแล้ว,draft,
1320,CoordinatorReplics/CR_StoryModeInstructions_007.9,"Good, that's the spirit. Have a productive day.",ดี ต้องอย่างนั้น ขอให้ทำงานอย่างมีประสิทธิภาพ,draft,
1321,Правила /Для Китайского и Корейского фонетическая транслитерация иероглифами.,,,untranslated,
1322,Правила /Для Японского транслитерация катаканой,,,untranslated,
1323,"Правила /Если в названии есть общипринятые термины типа Восточная, Западная, Европа, Америка и тд - Неоригинальную часть переводить, остальную транслитерировать с легкой шлифовкой по необходимости.",,,untranslated,
1324,Правила /Для Китайского и Корейского фонетическая транслитерация иероглифами.,,,untranslated,
1325,Правила /Для Японского транслитерация катаканой,,,untranslated,
1326,"Правила /Если в названии есть общипринятые термины типа Восточная, Западная, Европа, Америка и тд - Неоригинальную часть переводить, остальную транслитерировать с легкой шлифовкой по необходимости.",,,untranslated,
1327,Правила /Для Китайского и Корейского фонетическая транслитерация иероглифами.,,,untranslated,
1328,Правила /Для Японского транслитерация катаканой,,,untranslated,
1329,"Правила /Если в названии есть общипринятые термины типа Восточная, Западная, Европа, Америка и тд - Неоригинальную часть переводить, остальную транслитерировать с легкой шлифовкой по необходимости.",,,untranslated,
1330,Правила /Для Китайского и Корейского фонетическая транслитерация иероглифами.,,,untranslated,
1331,Правила /Для Японского транслитерация катаканой,,,untranslated,
1332,"Правила /Если в названии есть общипринятые термины типа Восточная, Западная, Европа, Америка и тд - Неоригинальную часть переводить, остальную транслитерировать с легкой шлифовкой по необходимости.",,,untranslated,
1333,Правила /Для Китайского и Корейского фонетическая транслитерация иероглифами.,,,untranslated,
1334,Правила /Для Японского транслитерация катаканой,,,untranslated,
1335,"Правила /Если в названии есть общипринятые термины типа Восточная, Западная, Европа, Америка и тд - Неоригинальную часть переводить, остальную транслитерировать с легкой шлифовкой по необходимости.",,,untranslated,
1336,Правила /Для Китайского и Корейского фонетическая транслитерация иероглифами.,,,untranslated,
1337,Правила /Для Японского транслитерация катаканой,,,untranslated,
1338,"Правила /Если в названии есть общипринятые термины типа Восточная, Западная, Европа, Америка и тд - Неоригинальную часть переводить, остальную транслитерировать с легкой шлифовкой по необходимости.",,,untranslated,
1339,UI/GameOverTip_1,"An unknown disease struck the entire city, and it was destroyed. (Conducting regular operations in the city could have helped prevent this)",โรคลึกลับระบาดไปทั่วเมืองจนเมืองถูกทำลาย (การดำเนินปฏิบัติการในเมืองเป็นประจำอาจช่วยป้องกันเหตุการณ์นี้ได้),draft,
1340,UI/GameOverTip_2,"You died of starvation. (To satisfy hunger, you must buy food from the shop at the end of the day)",คุณอดอาหารจนเสียชีวิต (หากหิว ต้องซื้ออาหารจากร้านค้าเมื่อจบวัน),draft,
1341,UI/GameOverTip_3,"You died of stress. (To restore sanity, you must buy sedatives or food from the shop at the end of the day)",คุณเสียชีวิตจากความเครียด (หากต้องการฟื้นฟูสติ ต้องซื้อยาระงับประสาทหรืออาหารจากร้านค้าเมื่อจบวัน),draft,
1342,UI/GameOverTip_4,"You defeated the unknown disease with a special fungus. Though, this led to a zombie apocalypse. Oops. (You did everything right, sometimes the solution just becomes a new problem)",คุณกำจัดโรคลึกลับด้วยเชื้อราชนิดพิเศษ แต่มันกลับนำไปสู่วันสิ้นโลกของซอมบี้ อุ๊ปส์ (คุณทำทุกอย่างถูกต้องแล้ว บางครั้งทางแก้ก็กลายเป็นปัญหาใหม่เสียเอง),draft,
1343,UI/GameOverTip_5,"You defeated the unknown disease with another infectious disease. What could go wrong? (You did everything right, sometimes the solution just becomes a new problem)",คุณกำจัดโรคลึกลับด้วยโรคติดต่ออีกชนิด จะเกิดอะไรผิดพลาดได้ล่ะ? (คุณทำทุกอย่างถูกต้องแล้ว บางครั้งทางแก้ก็กลายเป็นปัญหาใหม่เสียเอง),draft,
1344,UI/GameOverTip_6,"You defeated the unknown disease with the help of alien technology. Now, the owners of this technology have returned. With ""special"" probes. (You did everything right, sometimes the solution just becomes a new problem)",คุณกำจัดโรคลึกลับด้วยเทคโนโลยีต่างดาว บัดนี้เจ้าของเทคโนโลยีกลับมาแล้ว พร้อมอุปกรณ์ตรวจสอบแบบ ‘พิเศษ’ (คุณทำทุกอย่างถูกต้องแล้ว บางครั้งทางแก้ก็กลายเป็นปัญหาใหม่เสียเอง),draft,
1345,UI/GameOverTip_7,"You were killed by an aggressive visitor. (In your next life, be more careful: if you see something dangerous, do not touch or provoke it!)",คุณถูกผู้มาเยือนที่ก้าวร้าวสังหาร (ชาติหน้าจงระวังให้มากกว่านี้ หากพบสิ่งอันตราย อย่าแตะต้องหรือยั่วยุมัน!),draft,
1346,Правила /Для Китайского и Корейского фонетическая транслитерация иероглифами.,,,untranslated,
1347,Правила /Для Японского транслитерация катаканой,,,untranslated,
1348,"Правила /Если в названии есть общипринятые термины типа Восточная, Западная, Европа, Америка и тд - Неоригинальную часть переводить, остальную транслитерировать с легкой шлифовкой по необходимости.",,,untranslated,
1349,Правила /Для Китайского и Корейского фонетическая транслитерация иероглифами.,,,untranslated,
1350,Правила /Для Японского транслитерация катаканой,,,untranslated,
1351,"Правила /Если в названии есть общипринятые термины типа Восточная, Западная, Европа, Америка и тд - Неоригинальную часть переводить, остальную транслитерировать с легкой шлифовкой по необходимости.",,,untranslated,
1352,UI/StartDay,Start Shift,เริ่มกะ,draft,
1353,Правила /Для Китайского и Корейского фонетическая транслитерация иероглифами.,,,untranslated,
1354,Правила /Для Японского транслитерация катаканой,,,untranslated,
1355,"Правила /Если в названии есть общипринятые термины типа Восточная, Западная, Европа, Америка и тд - Неоригинальную часть переводить, остальную транслитерировать с легкой шлифовкой по необходимости.",,,untranslated,
1356,Правила /Для Китайского и Корейского фонетическая транслитерация иероглифами.,,,untranslated,
1357,Правила /Для Японского транслитерация катаканой,,,untranslated,
1358,"Правила /Если в названии есть общипринятые термины типа Восточная, Западная, Европа, Америка и тд - Неоригинальную часть переводить, остальную транслитерировать с легкой шлифовкой по необходимости.",,,untranslated,
1359,Правила /Для Китайского и Корейского фонетическая транслитерация иероглифами.,,,untranslated,
1360,Правила /Для Японского транслитерация катаканой,,,untranslated,
1361,"Правила /Если в названии есть общипринятые термины типа Восточная, Западная, Европа, Америка и тд - Неоригинальную часть переводить, остальную транслитерировать с легкой шлифовкой по необходимости.",,,untranslated,
1362,Правила /Для Китайского и Корейского фонетическая транслитерация иероглифами.,,,untranslated,
1363,Правила /Для Японского транслитерация катаканой,,,untranslated,
1364,"Правила /Если в названии есть общипринятые термины типа Восточная, Западная, Европа, Америка и тд - Неоригинальную часть переводить, остальную транслитерировать с легкой шлифовкой по необходимости.",,,untranslated,
1365,Правила /Для Китайского и Корейского фонетическая транслитерация иероглифами.,,,untranslated,
1366,Правила /Для Японского транслитерация катаканой,,,untranslated,
1367,"Правила /Если в названии есть общипринятые термины типа Восточная, Западная, Европа, Америка и тд - Неоригинальную часть переводить, остальную транслитерировать с легкой шлифовкой по необходимости.",,,untranslated,
1368,Dialogue/Conversation/108/Entry/1/Dialogue Text,"I'm in a hurry, let's skip the formalities!",ฉันกำลังรีบ ข้ามพิธีรีตองเถอะ!,draft,
1369,Dialogue/Conversation/108/Entry/2/Dialogue Text,"Running late for a train, are you?",กำลังจะตกรถไฟหรือไง?,draft,
1370,Dialogue/Conversation/108/Entry/3/Dialogue Text,"The other way around! Hey, no photos!",ตรงกันข้ามเลย! เฮ้ ห้ามถ่ายรูปนะ!,draft,
1371,Dialogue/EventTrainA,"I have to run, I have to run!!!",ฉันต้องวิ่ง ฉันต้องวิ่ง!!!,draft,
1372,Правила /Для Китайского и Корейского фонетическая транслитерация иероглифами.,,,untranslated,
1373,Правила /Для Японского транслитерация катаканой,,,untranslated,
1374,"Правила /Если в названии есть общипринятые термины типа Восточная, Западная, Европа, Америка и тд - Неоригинальную часть переводить, остальную транслитерировать с легкой шлифовкой по необходимости.",,,untranslated,
1375,UI/Shop_Max,MAX.,สูงสุด,draft,
1376,Dialogue/Conversation/110/Entry/1/Dialogue Text,"George, they made us! Let's book it!",จอร์จ พวกเขาจับได้แล้ว! เผ่นเร็ว!,draft,
1377,Dialogue/Conversation/113/Entry/1/Dialogue Text,"Hey, don't you try using those fancy gadgets to look under my clothes! Or deeper.",เฮ้ อย่าใช้อุปกรณ์ไฮเทคพวกนั้นส่องใต้เสื้อฉันนะ! หรือส่องลึกกว่านั้นด้วย,draft,
1378,Правила /Для Китайского и Корейского фонетическая транслитерация иероглифами.,,,untranslated,
1379,Правила /Для Японского транслитерация катаканой,,,untranslated,
1380,"Правила /Если в названии есть общипринятые термины типа Восточная, Западная, Европа, Америка и тд - Неоригинальную часть переводить, остальную транслитерировать с легкой шлифовкой по необходимости.",,,untranslated,
1381,Правила /Для Китайского и Корейского фонетическая транслитерация иероглифами.,,,untranslated,
1382,Правила /Для Японского транслитерация катаканой,,,untranslated,
1383,"Правила /Если в названии есть общипринятые термины типа Восточная, Западная, Европа, Америка и тд - Неоригинальную часть переводить, остальную транслитерировать с легкой шлифовкой по необходимости.",,,untranslated,
1384,Hints/Tutor_069,Open the camera box,เปิดกล่องกล้อง,draft,
1385,Правила /Для Китайского и Корейского фонетическая транслитерация иероглифами.,,,untranslated,
1386,Правила /Для Японского транслитерация катаканой,,,untranslated,
1387,"Правила /Если в названии есть общипринятые термины типа Восточная, Западная, Европа, Америка и тд - Неоригинальную часть переводить, остальную транслитерировать с легкой шлифовкой по необходимости.",,,untranslated,
1388,UI/LiftCam_Notify,Unavailable now,ยังใช้งานไม่ได้,draft,
1389,UI/LiftCam_OpenDoors,Open doors,เปิดประตู,draft,
1390,UI/LiftCam_GoDown,Send down,ส่งลงไป,draft,
1391,UI/LiftCam_TakeAction,Take action,ดำเนินการ,draft,
1392,UI/LiftCam_Isolate,Isolate,แยกกัก,draft,
1393,UI/LiftCam_Exterminate,Exterminate,กำจัด,draft,
1394,UI/LiftCam_Release,Let out,ปล่อยออกมา,draft,
1395,UI/LiftCam_LetGoDown,Let in,ให้เข้ามา,draft,
1396,Правила /Для Китайского и Корейского фонетическая транслитерация иероглифами.,,,untranslated,
1397,Правила /Для Японского транслитерация катаканой,,,untranslated,
1398,"Правила /Если в названии есть общипринятые термины типа Восточная, Западная, Европа, Америка и тд - Неоригинальную часть переводить, остальную транслитерировать с легкой шлифовкой по необходимости.",,,untranslated,
1399,UI/Print,Print,พิมพ์,draft,
1400,UI/LiftCam_MovNotify,The elevator is moving. You have to wait until it stops.,ลิฟต์กำลังเคลื่อนที่ โปรดรอจนกว่าจะหยุด,draft,
1401,UI/LiftCam_PassNotify,Passengers are entering or exiting the elevator. You have to wait for them to finish.,ผู้โดยสารกำลังเข้าหรือออกจากลิฟต์ โปรดรอจนกว่าจะเสร็จ,draft,
1402,Dialogue/Conversation/115/Entry/1/Dialogue Text,Printing in progress,กำลังพิมพ์,draft,
1403,Dialogue/Conversation/116/Entry/1/Dialogue Text,I have already printed out this one,ฉันพิมพ์รายการนี้ไปแล้ว,draft,
1404,Doc_Loc/MicroTypeOrg,Organoid,ออร์แกนอยด์,draft,
1405,Doc_Loc/MicroTypeParasy,Parasite,ปรสิต,draft,
1406,Doc_Loc/MicroWarn0,0 (Nominal),0 (ปกติ),draft,
1407,Doc_Loc/MicroWarn1,1 (Atypical activity),1 (กิจกรรมผิดแบบ),draft,
1408,Doc_Loc/MicroWarn2,2 (Potential threat),2 (ภัยคุกคามที่อาจเกิดขึ้น),draft,
1409,Doc_Loc/MicroWarn3,3 (Biohazard),3 (อันตรายทางชีวภาพ),draft,
1410,Doc_Loc/MicroWarn4,4 (Aggressive pathogen),4 (เชื้อก่อโรครุนแรง),draft,
1411,Doc_Loc/MicroWarn5,5 (Critical infection),5 (การติดเชื้อขั้นวิกฤต),draft,
1412,Doc_Loc/MicroWarn6,6 ([CLASSIFIED]-class threat),6 (ภัยคุกคามระดับ [CLASSIFIED]),draft,
1413,Doc_Loc/MicroErytName,Erythrocytus Vulgaris,Erythrocytus Vulgaris,draft,
1414,Doc_Loc/MicroPacmanName,Macrophagus Pakumanii,Macrophagus Pakumanii,draft,
1415,Doc_Loc/MicroVerorbName,Vermis Orbitans,Vermis Orbitans,draft,
1416,Doc_Loc/MicroErytDesc,A standard human red blood cell. Responsible for transporting oxygen through the body's tissue.,เซลล์เม็ดเลือดแดงของมนุษย์ทั่วไป ทำหน้าที่ลำเลียงออกซิเจนผ่านเนื้อเยื่อของร่างกาย,draft,
1417,Doc_Loc/MicroPacmanDesc,A spherical microorganism. Distinguished by an abnormally wide mouth opening. Causes rapid cellular anemia.,จุลชีพทรงกลม มีลักษณะเด่นคือช่องปากกว้างผิดปกติ ทำให้เกิดภาวะโลหิตจางระดับเซลล์อย่างรวดเร็ว,draft,
1418,Doc_Loc/MicroVerorbDesc,"An elongated, thread-like parasite. It does not attack cells directly but drains nutrients from a distance, depleting the cell until it disintegrates completely.",ปรสิตรูปร่างยาวคล้ายเส้นด้าย ไม่โจมตีเซลล์โดยตรง แต่ดูดสารอาหารจากระยะไกลจนเซลล์พร่องและสลายตัวโดยสมบูรณ์,draft,
1419,Правила /Для Китайского и Корейского фонетическая транслитерация иероглифами.,,,untranslated,
1420,Правила /Для Японского транслитерация катаканой,,,untranslated,
1421,"Правила /Если в названии есть общипринятые термины типа Восточная, Западная, Европа, Америка и тд - Неоригинальную часть переводить, остальную транслитерировать с легкой шлифовкой по необходимости.",,,untranslated,
1422,NewsAndReports/,,,untranslated,
1423,NewsAndReports/RepHeader,Report,รายงาน,draft,
1424,NewsAndReports/RepDefault,"The experiment proceeded normally, and no significant events were observed.",การทดลองดำเนินไปตามปกติ และไม่พบเหตุการณ์สำคัญ,draft,
1425,NewsAndReports/RepNoExp,No experiments were conducted yesterday. Please note: the downtime of multifunctional isolation units may lead to adverse long-term consequences.,เมื่อวานนี้ไม่มีการทดลอง โปรดทราบว่า การปล่อยให้หน่วยกักกันอเนกประสงค์หยุดทำงานอาจก่อให้เกิดผลเสียในระยะยาว,draft,
1426,NewsAndReports/RepNoAnomaliesChars,The test subjects displayed no reaction to the experiment. We recommend introducing a different lineup. The method of removing current subjects remains at the discretion of the authorized person.,ผู้ถูกทดลองไม่แสดงปฏิกิริยาต่อการทดลอง ขอแนะนำให้เปลี่ยนกลุ่มผู้ถูกทดลอง ส่วนวิธีกำจัดผู้ถูกทดลองชุดปัจจุบันให้อยู่ในดุลยพินิจของผู้มีอำนาจ,draft,
1427,NewsAndReports/RepEmptyIsoExp,"Conducting an experiment in an empty isolation ward confirmed the hypothesis about the absence of invisible people, objects, otherworldly entities, and other imperceptible phenomena inside.",การทดลองในห้องกักกันที่ว่างเปล่ายืนยันสมมติฐานว่า ภายในห้องไม่มีมนุษย์ล่องหน วัตถุล่องหน สิ่งมีชีวิตจากต่างมิติ หรือปรากฏการณ์อื่นใดที่ไม่อาจรับรู้ได้,draft,
1428,NewsAndReports/RepUnlockHeader,New operations available:,ปฏิบัติการใหม่ที่พร้อมใช้งาน:,draft,
1429,NewsAndReports/RandomNews_1,GOJO SATORU ARRIVED IN SHIBUYA,โกโจ ซาโตรุ ปรากฏตัวที่ชิบูยะแล้ว,draft,
1430,NewsAndReports/RandomNews_2,SECOND SOCK LOCATED BY INVESTIGATORS,เจ้าหน้าที่สืบสวนพบถุงเท้าอีกข้างแล้ว,draft,
1431,NewsAndReports/RepRubberDuck_Normal,The exposure experiment proceeded as planned. The yellow color and shape of the object are believed to have a positive effect on the subjects' hormonal levels and mood.,การทดลองสัมผัสวัตถุดำเนินไปตามแผน เชื่อว่าสีเหลืองและรูปทรงของวัตถุส่งผลดีต่อระดับฮอร์โมนและอารมณ์ของผู้ถูกทดลอง,draft,
1432,NewsAndReports/RepDisco_Normal,The acoustic test yielded significant results: [redacted]. The subject's seven attempts to initiate a dance sequence during the experiment were decisively suppressed.,การทดสอบทางเสียงให้ผลลัพธ์สำคัญ: [redacted] ความพยายามของผู้ถูกทดลองทั้งเจ็ดครั้งในการเริ่มเต้นระหว่างการทดลองถูกระงับอย่างเด็ดขาด,draft,
1433,NewsAndReports/RepTesla_Normal,"The experimental energy node elicited mixed reactions in the subjects. Spikes of activity across different brain regions, as well as increased motor function, were registered.",โหนดพลังงานทดลองก่อให้เกิดปฏิกิริยาที่หลากหลายในกลุ่มผู้ถูกทดลอง ตรวจพบการพุ่งสูงของกิจกรรมในสมองหลายบริเวณ รวมถึงการทำงานของระบบเคลื่อนไหวที่เพิ่มขึ้น,draft,
1434,NewsAndReports/RepPurpleFog_Normal,"The experiment on long-term inhalation of the Lilac-8 gas was considered a success, despite the following observed side effects: cough, confusion, dizziness, itching, hallucinations, shortness of breath, weakness, panic attacks, bleeding from [redacted], tinnitus, grogginess, paranoid psychosis, swelling of the legs, aching joints, and flatulence.",การทดลองสูดดมก๊าซ Lilac-8 เป็นเวลานานถือว่าประสบความสำเร็จ แม้พบผลข้างเคียงดังต่อไปนี้: ไอ สับสน เวียนศีรษะ คัน ประสาทหลอน หายใจลำบาก อ่อนแรง อาการตื่นตระหนก เลือดออกจาก [redacted] หูอื้อ มึนงง โรคจิตหวาดระแวง ขาบวม ปวดข้อ และท้องอืด,draft,
1435,NewsAndReports/RepDigits_Normal,"The arithmetic test revealed the following pattern: prolonged staring at numbers triggers migraines and a persistent aversion to algebra in subjects. For further experiments, five-minute breaks involving exposure to music tracks or short-form videos are strongly recommended.",การทดสอบเลขคณิตพบรูปแบบดังนี้: การจ้องตัวเลขเป็นเวลานานทำให้ผู้ถูกทดลองปวดไมเกรนและเกลียดชังพีชคณิตอย่างต่อเนื่อง สำหรับการทดลองครั้งต่อไป ขอแนะนำอย่างยิ่งให้พักห้านาทีโดยเปิดเพลงหรือวิดีโอสั้นให้รับชม,draft,
1436,NewsAndReports/RepWater_Normal,The experiment revealed the following pattern: prolonged exposure of subjects to water spraying in a confined space resulted in the subjects becoming very wet in the vast majority of cases.,การทดลองพบรูปแบบดังนี้: เมื่อผู้ถูกทดลองสัมผัสละอองน้ำเป็นเวลานานในพื้นที่ปิด ผู้ถูกทดลองจะเปียกมากในกรณีส่วนใหญ่,draft,
1437,NewsAndReports/RepHot_Normal,"The experiment revealed the following: prolonged stay in a confined space with an elevated temperature triggers profuse sweating in subjects. For further experiments, we recommend supplying subjects with deodorant in advance.",การทดลองพบว่า การอยู่ในพื้นที่ปิดที่มีอุณหภูมิสูงเป็นเวลานานทำให้ผู้ถูกทดลองเหงื่อออกมาก สำหรับการทดลองครั้งต่อไป ขอแนะนำให้จัดหาผลิตภัณฑ์ระงับกลิ่นกายให้ผู้ถูกทดลองล่วงหน้า,draft,
1438,NewsAndReports/RepCold_Normal,"The experiment involving a prolonged stay in a low-temperature environment revealed the following reactions in subjects: chills, loud chattering of teeth, shrinking, convulsive rubbing of the body with the palms of the hands, unflattering comments about the management of [redacted], and demands to provide warm clothing and hot drinks (obviously ignored).",การทดลองให้อยู่ในสภาพแวดล้อมอุณหภูมิต่ำเป็นเวลานานพบปฏิกิริยาดังต่อไปนี้ในผู้ถูกทดลอง: หนาวสั่น ฟันกระทบกันเสียงดัง ตัวหด เการ่างกายด้วยฝ่ามืออย่างรุนแรง กล่าวถึงฝ่ายบริหารของ [redacted] ในทางเสื่อมเสีย และเรียกร้องเสื้อผ้าอุ่นกับเครื่องดื่มร้อน (ซึ่งถูกเพิกเฉยตามที่คาดไว้),draft,
1439,NewsAndReports/RepUVLight_Normal,"The experiment involving prolonged exposure to Quartz-12 lamps showed no significant changes in the subjects' health, either physical or mental. For further experiments, we recommend testing Quartz-12M, Quartz-9, Quartz-6/7, and Quartz-21 lamps.","การทดลองให้สัมผัสแสงจากหลอด Quartz-12 เป็นเวลานานไม่พบการเปลี่ยนแปลงสำคัญต่อสุขภาพกายหรือสุขภาพจิตของผู้ถูกทดลอง สำหรับการทดลองครั้งต่อไป ขอแนะนำให้ทดสอบหลอด Quartz-12M, Quartz-9, Quartz-6/7 และ Quartz-21",draft,
1440,NewsAndReports/RepCharDead_AlienTech,Subject [redacted] committed the unauthorized dissection of the carotid arteries during the experiment.,ผู้ถูกทดลอง [redacted] ชำแหละหลอดเลือดแดงคาโรติดของตนเองโดยไม่ได้รับอนุญาตระหว่างการทดลอง,draft,
1441,NewsAndReports/RepCharDead_Fungus,"Subject [redacted] complained of feeling unwell during the experiment, after which he suddenly died and became fungified.",ผู้ถูกทดลอง [redacted] ร้องเรียนว่ารู้สึกไม่สบายระหว่างการทดลอง ก่อนเสียชีวิตอย่างกะทันหันและถูกเชื้อราเข้ายึดร่าง,draft,
1442,NewsAndReports/RepCharDead_Parasite,"During the experiment, subject [redacted] developed a severe allergic reaction that resulted in disfigurement and death.",ระหว่างการทดลอง ผู้ถูกทดลอง [redacted] เกิดอาการแพ้อย่างรุนแรง ส่งผลให้ร่างกายผิดรูปและเสียชีวิต,draft,
1443,NewsAndReports/RepCharBreak_Fungoid,"During the experiment, subject [redacted] lost consciousness, fell to the floor, and experienced tonic seizures. Three minutes and twenty seconds later, he rose to his feet and attacked [redacted]. Personnel were ordered not to interfere. Subsequently, [redacted]...bodies were piled in a heap in the center of the room. Two hours later, unidentified luminescent fungi began to sprout through the bodies. It is recommended that the isolation ward be cleaned and treated with chemicals according to Form 10-14.",ระหว่างการทดลอง ผู้ถูกทดลอง [redacted] หมดสติ ล้มลงกับพื้น และเกิดอาการชักเกร็ง สามนาทียี่สิบวินาทีต่อมา เขาลุกขึ้นและโจมตี [redacted] เจ้าหน้าที่ได้รับคำสั่งไม่ให้แทรกแซง หลังจากนั้น [redacted]...ร่างผู้เสียชีวิตถูกกองรวมกันไว้กลางห้อง สองชั่วโมงต่อมา เชื้อราเรืองแสงที่ไม่สามารถระบุชนิดได้เริ่มงอกทะลุร่างเหล่านั้น ขอแนะนำให้ทำความสะอาดห้องกักกันและใช้สารเคมีตามแบบฟอร์ม 10-14,draft,
1444,NewsAndReports/RepCharBreak_AlienTech,"Subject [redacted] has undergone spontaneous mutation. Body elongation, changes to tissue structure, skin growths, and altered consciousness were observed. During the transformation, the subject attacked and absorbed [redacted]. You are ordered to study the subject for 24 hours, followed by termination. Exercise extreme caution.",ผู้ถูกทดลอง [redacted] เกิดการกลายพันธุ์ขึ้นเอง ตรวจพบลำตัวยืดยาว โครงสร้างเนื้อเยื่อเปลี่ยนแปลง มีเนื้องอกบนผิวหนัง และสติสัมปชัญญะผิดแปร ระหว่างการเปลี่ยนสภาพ ผู้ถูกทดลองโจมตีและดูดกลืน [redacted] มีคำสั่งให้ศึกษาผู้ถูกทดลองเป็นเวลา 24 ชั่วโมง ก่อนดำเนินการกำจัด โปรดใช้ความระมัดระวังอย่างยิ่ง,draft,
1445,NewsAndReports/RepCharBreak_Parasite,The isolation ward is filled with organs and tissues that spontaneously grew out of subject [redacted]'s body. The subject supposedly retains formal signs of life. Recommended course of action: collect a histological specimen and conduct thermal treatment of the isolation ward.,ห้องกักกันเต็มไปด้วยอวัยวะและเนื้อเยื่อที่งอกออกจากร่างของผู้ถูกทดลอง [redacted] เอง โดยสันนิษฐานว่าผู้ถูกทดลองยังคงมีสัญญาณชีพตามนิยาม แนวทางดำเนินการที่แนะนำ: เก็บตัวอย่างเนื้อเยื่อวิทยาและใช้ความร้อนกำจัดสิ่งปนเปื้อนภายในห้องกักกัน,draft,
1446,NewsAndReports/RepCons_BigDuck,"During the experiment, the DUCC object spontaneously expanded to a critical size. Avoid using sharp objects during cleanup to prevent a potentially dangerous explosion.",ระหว่างการทดลอง วัตถุ DUCC ขยายตัวขึ้นเองจนถึงขนาดวิกฤต หลีกเลี่ยงการใช้ของมีคมระหว่างทำความสะอาด เพื่อป้องกันการระเบิดที่อาจเป็นอันตราย,draft,
1447,NewsAndReports/RepCons_BigTesla,"During the experiment, the Tesla Globe overloaded, triggering a phenomenon known as a ""resonance cascade."" Perform cleanup using Barrier-114 protective suits.","ระหว่างการทดลอง ลูกโลกเทสลาเกิดภาวะโอเวอร์โหลด ทำให้เกิดปรากฏการณ์ที่เรียกว่า ""เรโซแนนซ์คาสเคด"" ให้ทำความสะอาดโดยใช้ชุดป้องกัน Barrier-114",draft,
1448,NewsAndReports/RepCons_Bio,"Due to an experiment-induced ""avalanche"" of mutations and uncontrolled growth of biological tissue, the isolation ward is temporarily unavailable for new subjects and experiments. An emergency biohazard response team has been called to perform cleanup after hours.","เนื่องจากการทดลองก่อให้เกิด ""หิมะถล่ม"" ของการกลายพันธุ์และการเติบโตอย่างควบคุมไม่ได้ของเนื้อเยื่อชีวภาพ ห้องกักกันจึงไม่พร้อมรับผู้ถูกทดลองหรือการทดลองใหม่เป็นการชั่วคราว มีการเรียกหน่วยฉุกเฉินรับมือภัยชีวภาพเข้าทำความสะอาดนอกเวลางานแล้ว",draft,
1449,NewsAndReports/RepCons_Ice,"During the experiment, a failure occurred in the cooling unit's control module, resulting in shock cooling of the isolation ward and the formation of large icicles. We recommend using the Cyclops laser system to fix the issue. Exercise caution.",ระหว่างการทดลอง โมดูลควบคุมของหน่วยทำความเย็นขัดข้อง ส่งผลให้ห้องกักกันเย็นตัวฉับพลันและเกิดแท่งน้ำแข็งขนาดใหญ่ ขอแนะนำให้ใช้ระบบเลเซอร์ Cyclops แก้ไขปัญหา โปรดใช้ความระมัดระวัง,draft,
1450,NewsAndReports/RepCons_Macabre,"The acoustic test using phonograph records found in the [redacted]...mansion resulted in the painful death of the subjects, with the formation of post-mortem shadow projections. It is strictly prohibited to interrupt the music until it finishes playing on its own and the projections fade.",การทดสอบทางเสียงด้วยแผ่นเสียงที่พบในคฤหาสน์ [redacted]...ทำให้ผู้ถูกทดลองเสียชีวิตอย่างทรมานและเกิดภาพฉายเงาหลังความตาย ห้ามหยุดเสียงเพลงโดยเด็ดขาดจนกว่าเพลงจะเล่นจบเองและภาพฉายจางหายไป,draft,
1451,NewsAndReports/RepCons_Mist,"Due to an equipment failure, the experimental gas Lilac-8 was injected at a concentration 47 times higher than intended. The test subjects are confirmed dead. The origin, nature, and intentions of the creatures observed in the isolation ward are unknown. A request has been sent to COMCON-1. Please stand by.",เนื่องจากอุปกรณ์ขัดข้อง ก๊าซทดลอง Lilac-8 ถูกปล่อยด้วยความเข้มข้นสูงกว่าที่กำหนด 47 เท่า ยืนยันว่าผู้ถูกทดลองเสียชีวิตแล้ว ยังไม่ทราบต้นกำเนิด ลักษณะ และเจตนาของสิ่งมีชีวิตที่พบในห้องกักกัน มีการส่งคำร้องไปยัง COMCON-1 แล้ว โปรดรอคำสั่ง,draft,
1452,NewsAndReports/RepCons_Cube,"During the experiment, the subjects were spontaneously transported to an unknown point in space. This ejection point is presumably located outside the solar system. The nature of the cubic object that appeared in the isolation ward the moment the subjects disappeared is subject to investigation under the Horizon-97 protocol.",ระหว่างการทดลอง ผู้ถูกทดลองถูกเคลื่อนย้ายไปยังจุดที่ไม่ทราบตำแหน่งในอวกาศโดยฉับพลัน สันนิษฐานว่าจุดปลายทางอยู่นอกระบบสุริยะ ลักษณะของวัตถุทรงลูกบาศก์ซึ่งปรากฏในห้องกักกันทันทีที่ผู้ถูกทดลองหายไป จะได้รับการสืบสวนตามพิธีสาร Horizon-97,draft,
1453,NewsAndReports/RepCons_Shrooms,The explosive growth of fungi has been detected in the isolation ward. This is presumably due to the significant increase in humidity and the presence of the necessary nutrients in the test subjects' bodies. It is recommended that spore samples be collected and the ward purged.,ตรวจพบการเติบโตอย่างฉับพลันของเชื้อราภายในห้องกักกัน สันนิษฐานว่าเกิดจากความชื้นที่เพิ่มขึ้นอย่างมากและสารอาหารที่จำเป็นในร่างของผู้ถูกทดลอง ขอแนะนำให้เก็บตัวอย่างสปอร์และชำระล้างห้องกักกัน,draft,
1454,NewsAndReports/RepCons_Plant,"For reasons unknown, a seed of the Marsian Mantrapper plant was present inside the isolation ward during the experiment. Exposure to quartz lamplight triggered a growth phase that lasted a record-breaking 7.5 minutes, after which the plant entered protein-diet mode. We recommend moving the plant to [redacted] while observing all necessary safety protocols.",ด้วยสาเหตุที่ไม่ทราบแน่ชัด เมล็ดของพืช Marsian Mantrapper อยู่ภายในห้องกักกันระหว่างการทดลอง การสัมผัสแสงจากหลอดควอตซ์กระตุ้นระยะเติบโตนานเป็นสถิติ 7.5 นาที หลังจากนั้นพืชเข้าสู่โหมดบริโภคโปรตีน ขอแนะนำให้ย้ายพืชไปยัง [redacted] โดยปฏิบัติตามมาตรการความปลอดภัยที่จำเป็นทั้งหมด,draft,
1455,NewsAndReports/RepCons_Ducks,"During the experiment, spontaneous transformations of subjects to mimic the exposed object were observed. The causes, as with Event [redacted], are unknown. All available tests must be performed. Subjects are to be moved to [redacted] for long-term storage.",ระหว่างการทดลอง พบผู้ถูกทดลองเปลี่ยนสภาพขึ้นเองเพื่อเลียนแบบวัตถุที่นำมาสัมผัส ยังไม่ทราบสาเหตุ เช่นเดียวกับเหตุการณ์ [redacted] ต้องดำเนินการทดสอบที่มีอยู่ทั้งหมด และย้ายผู้ถูกทดลองไปยัง [redacted] เพื่อเก็บรักษาระยะยาว,draft,
1456,NewsAndReports/RepCons_Mannequin,"During the experiment, a brief blackout was recorded, during which objects visually identical to mannequins were moved into the isolation ward. The status of the test subjects is unknown. A detailed study of the objects is required, after which a decision will be made about their disposal or storage at [redacted] or [redacted].",ระหว่างการทดลองเกิดไฟดับชั่วขณะ และมีวัตถุซึ่งมองดูเหมือนหุ่นจำลองทุกประการถูกเคลื่อนย้ายเข้ามาในห้องกักกัน ไม่ทราบสถานะของผู้ถูกทดลอง ต้องศึกษาวัตถุอย่างละเอียด ก่อนตัดสินใจว่าจะกำจัดหรือจัดเก็บไว้ที่ [redacted] หรือ [redacted],draft,
1457,NewsAndReports/RepCons_LightningBall,"During the experiment, a momentary voltage surge occurred in the Tesla Globe circuit, resulting in the destruction of the stabilizing coils, a breach in the insulating dome, and the subsequent uncontrolled release of the energy sphere into the isolation ward. Contact with the energy sphere must be avoided until it has discharged naturally.",ระหว่างการทดลอง เกิดแรงดันไฟฟ้ากระชากชั่วขณะในวงจรลูกโลกเทสลา ส่งผลให้ขดลวดรักษาเสถียรภาพถูกทำลาย โดมฉนวนแตก และทรงกลมพลังงานถูกปล่อยเข้าสู่ห้องกักกันโดยไม่สามารถควบคุมได้ ต้องหลีกเลี่ยงการสัมผัสทรงกลมพลังงานจนกว่าจะคายประจุเองตามธรรมชาติ,draft,
1458,NewsAndReports/RepCons_FireTornado,"During the experiment, thermal vortices of unknown origin formed. A detailed study of this phenomenon and its subsequent elimination is required. When collecting the remains of the test subjects, make sure to avoid dispersing or mixing them.",ระหว่างการทดลอง เกิดกระแสหมุนวนความร้อนซึ่งไม่ทราบต้นกำเนิด ต้องศึกษาปรากฏการณ์นี้อย่างละเอียดและกำจัดในภายหลัง ขณะเก็บซากผู้ถูกทดลอง โปรดระวังไม่ให้ซากกระจายหรือปะปนกัน,draft,
1459,NewsAndReports/RepCons_Petrified,"The experiment was interrupted due to the petrification of the subjects. According to the lab technician on duty, the culprit was, quote, ""some kind of magic man in a robe, shouting 'petrificus' and shooting bright beams from his wand."" Before sending the subjects to [redacted], all necessary tests (including blood and drug screening for the technician) must be performed.","การทดลองถูกระงับเนื่องจากผู้ถูกทดลองกลายเป็นหิน ตามคำให้การของช่างเทคนิคประจำห้อง ผู้ก่อเหตุคือ ""ชายใช้เวทมนตร์ในชุดคลุม ตะโกนว่า 'เพทริฟิคัส' และยิงลำแสงสว่างจากไม้กายสิทธิ์"" ก่อนส่งผู้ถูกทดลองไปยัง [redacted] ต้องดำเนินการตรวจที่จำเป็นทั้งหมด (รวมถึงการตรวจเลือดและสารเสพติดของช่างเทคนิค)",draft,
1460,NewsAndReports/RepCons_Agent,Warning: The arithmetic test triggered the activation of a sleeper agent (subject under the fictitious name [redacted])! A neuroprogrammer from Section 48-91 of the Orwellian Foreign Intelligence Service is suspected of being involved. You are to exercise extreme caution until security eliminates the agent.,คำเตือน: การทดสอบเลขคณิตกระตุ้นให้สายลับหลับใหล (ผู้ถูกทดลองภายใต้นามสมมติ [redacted]) เริ่มปฏิบัติการ! คาดว่านักเขียนโปรแกรมประสาทจากแผนก 48-91 ของหน่วยข่าวกรองต่างประเทศออร์เวลเลียนมีส่วนเกี่ยวข้อง โปรดใช้ความระมัดระวังอย่างยิ่งจนกว่าฝ่ายรักษาความปลอดภัยจะกำจัดสายลับได้,draft,
1461,NewsAndReports/RepCons_NightLongKnives,"During the experiment, a conflict arose among the subjects over a discussion of recent sporting events. The research team made the decision not to involve security and continued the experiment. The conflict quickly escalated into a violent brawl, resulting in the death of all subjects from their injuries.",ระหว่างการทดลอง เกิดความขัดแย้งในกลุ่มผู้ถูกทดลองจากการถกเถียงเรื่องการแข่งขันกีฬาล่าสุด ทีมวิจัยตัดสินใจไม่เรียกฝ่ายรักษาความปลอดภัยและดำเนินการทดลองต่อ ความขัดแย้งทวีความรุนแรงอย่างรวดเร็วจนกลายเป็นการตะลุมบอน ส่งผลให้ผู้ถูกทดลองทั้งหมดเสียชีวิตจากบาดแผล,draft,
1462,Правила /Для Китайского и Корейского фонетическая транслитерация иероглифами.,,,untranslated,
1463,Правила /Для Японского транслитерация катаканой,,,untranslated,
1464,"Правила /Если в названии есть общипринятые термины типа Восточная, Западная, Европа, Америка и тд - Неоригинальную часть переводить, остальную транслитерировать с легкой шлифовкой по необходимости.",,,untranslated,
1465,Правила /Для Китайского и Корейского фонетическая транслитерация иероглифами.,,,untranslated,
1466,Правила /Для Японского транслитерация катаканой,,,untranslated,
1467,"Правила /Если в названии есть общипринятые термины типа Восточная, Западная, Европа, Америка и тд - Неоригинальную часть переводить, остальную транслитерировать с легкой шлифовкой по необходимости.",,,untranslated,
1468,NewsAndReports/RandomNews_3,MYSTERIOUS DISAPPEARANCE IN AN OLD MANSION,บุคคลหายตัวอย่างลึกลับในคฤหาสน์เก่า,draft,
1469,NewsAndReports/HeadlinerNews_Desease1,THREE THOUSAND PEOPLE MANIFEST SYMPTOMS OF AN UNKNOWN DISEASE,ประชาชนสามพันคนแสดงอาการของโรคไม่ทราบชนิด,draft,
1470,NewsAndReports/HeadlinerNews_Day1,MAN MIRACULOUSLY SURVIVES ENCOUNTER WITH PHANTOM HOUND,ชายรอดชีวิตอย่างปาฏิหาริย์หลังเผชิญหน้าสุนัขล่าเนื้อปีศาจ,draft,
1471,NewsAndReports/RepAfterRedStatus1,"The consequences of the incident in the isolation ward have been successfully eliminated. During the cleanup, [redacted] occurred, as a result of which junior employee [redacted] was hospitalized with moderate injury. The isolation ward is now fully functional.",ผลกระทบจากเหตุการณ์ในห้องกักกันได้รับการแก้ไขเรียบร้อยแล้ว ระหว่างการทำความสะอาดเกิด [redacted] ส่งผลให้เจ้าหน้าที่ระดับต้น [redacted] ต้องเข้ารับการรักษาในโรงพยาบาลด้วยอาการบาดเจ็บปานกลาง ขณะนี้ห้องกักกันกลับมาทำงานได้เต็มรูปแบบ,draft,
1472,Правила /Для Китайского и Корейского фонетическая транслитерация иероглифами.,,,untranslated,
1473,Правила /Для Японского транслитерация катаканой,,,untranslated,
1474,"Правила /Если в названии есть общипринятые термины типа Восточная, Западная, Европа, Америка и тд - Неоригинальную часть переводить, остальную транслитерировать с легкой шлифовкой по необходимости.",,,untranslated,
1475,Правила /Для Китайского и Корейского фонетическая транслитерация иероглифами.,,,untranslated,
1476,Правила /Для Японского транслитерация катаканой,,,untranslated,
1477,"Правила /Если в названии есть общипринятые термины типа Восточная, Западная, Европа, Америка и тд - Неоригинальную часть переводить, остальную транслитерировать с легкой шлифовкой по необходимости.",,,untranslated,
1478,Hints/Tutor_070,Select what to do with the character,เลือกว่าจะจัดการตัวละครอย่างไร,draft,
1479,Правила /Для Китайского и Корейского фонетическая транслитерация иероглифами.,,,untranslated,
1480,Правила /Для Японского транслитерация катаканой,,,untranslated,
1481,"Правила /Если в названии есть общипринятые термины типа Восточная, Западная, Европа, Америка и тд - Неоригинальную часть переводить, остальную транслитерировать с легкой шлифовкой по необходимости.",,,untranslated,
1482,NewsAndReports/RandomNews_4,Who Turned Off The Moon? Scientists Are Baffled!,ใครปิดดวงจันทร์? นักวิทยาศาสตร์ต่างงุนงง!,draft,
1483,NewsAndReports/RandomNews_5,Radio Waves Change Memories. Remember This!,คลื่นวิทยุเปลี่ยนความทรงจำ จำเรื่องนี้ไว้!,draft,
1484,NewsAndReports/RandomNews_6,Tunnels Found Beneath The City. Where Do They Lead?,พบอุโมงค์ใต้เมือง แล้วมันนำไปสู่ที่ใด?,draft,
1485,NewsAndReports/RandomNews_7,Sociological Survey Showed: It Was Potatoes After All!,ผลสำรวจทางสังคมเผย: สรุปแล้วเป็นมันฝรั่งจริง ๆ!,draft,
1486,NewsAndReports/RandomNews_8,Cameras Looking In — A New Invention!,กล้องที่มองเข้ามา — สิ่งประดิษฐ์ใหม่!,draft,
1487,NewsAndReports/RandomNews_9,The Secret Department Is Here! Nobody Knows Why...,หน่วยงานลับมาถึงแล้ว! ไม่มีใครรู้ว่ามาทำไม...,draft,
1488,NewsAndReports/RandomNews_10,The Truth About Garden Gnomes Is Classified Again!,ความจริงเกี่ยวกับตุ๊กตาคนแคระในสวนถูกปิดเป็นความลับอีกครั้ง!,draft,
1489,NewsAndReports/RandomNews_11,Suspect Your Neighbor Of Spying? Keep An Eye Out!,สงสัยว่าเพื่อนบ้านเป็นสายลับ? จับตาดูไว้!,draft,
1490,NewsAndReports/RandomNews_12,Authorities Are Hiding The Second Dawn!,ทางการกำลังปกปิดรุ่งอรุณครั้งที่สอง!,draft,
1491,NewsAndReports/RandomNews_13,Do Not Feed Antennas! Wear Tinfoil Hats!,ห้ามให้อาหารเสาอากาศ! อย่าลืมสวมหมวกฟอยล์!,draft,
1492,NewsAndReports/RandomNews_14,Mushroom Cult: Fact Or Fiction?,ลัทธิเห็ด: เรื่องจริงหรือเรื่องแต่ง?,draft,
1493,NewsAndReports/RandomNews_15,Mushrooms Demand Silence! Read Full Ranger Account,เหล่าเห็ดเรียกร้องความเงียบ! อ่านคำบอกเล่าฉบับเต็มจากเจ้าหน้าที่พิทักษ์ป่า,draft,
1494,NewsAndReports/RandomNews_16,Record Chickpea Harvest! Count Your Chicks And Peas!,ผลผลิตถั่วลูกไก่สูงเป็นประวัติการณ์! อย่าลืมนับลูกไก่กับเมล็ดถั่ว!,draft,
1495,NewsAndReports/RandomNews_17,Spores Spread Downtown! Be Careful Breathing!,สปอร์แพร่กระจายในใจกลางเมือง! ระวังเวลาหายใจ!,draft,
1496,NewsAndReports/RandomNews_18,Mycelium Defeats Concrete: An Unlikely Foreman's Story,เส้นใยเห็ดเอาชนะคอนกรีต: เรื่องเหลือเชื่อจากหัวหน้าคนงาน,draft,
1497,NewsAndReports/RandomNews_19,Forest Chooses New Priests: Live Report,ป่าเลือกนักบวชชุดใหม่: รายงานสด,draft,
1498,NewsAndReports/RandomNews_20,Do Not Eat Singing Mushrooms! New Ranger Revelations,ห้ามกินเห็ดร้องเพลง! การเปิดเผยครั้งใหม่จากเจ้าหน้าที่พิทักษ์ป่า,draft,
1499,NewsAndReports/RandomNews_21,Ranger Warns: The Great Mushroom Has Awakened...,เจ้าหน้าที่พิทักษ์ป่าเตือน: มหาเห็ดตื่นขึ้นแล้ว...,draft,
1500,NewsAndReports/RandomNews_22,Humanity Confirms Sentience In Mushrooms (But Not Vice Versa),มนุษยชาติยืนยันว่าเห็ดมีสติปัญญา (แต่เห็ดยังไม่ยืนยันว่ามนุษย์มี),draft,
1501,NewsAndReports/RandomNews_23,Everyone Has Heard The Mushrooms Singing! A Note on Hallucinogenics,ทุกคนได้ยินเสียงเห็ดร้องเพลง! หมายเหตุว่าด้วยสารหลอนประสาท,draft,
1502,NewsAndReports/RandomNews_24,Magic Requires Batteries: A New Startup!,เวทมนตร์ต้องใช้แบตเตอรี่: สตาร์ตอัปแห่งใหม่!,draft,
1503,NewsAndReports/RandomNews_25,Bug-Free Spells! Archmage Updates The Firmware,คาถาปลอดบั๊ก! จอมเวทอัปเดตเฟิร์มแวร์,draft,
1504,NewsAndReports/RandomNews_26,All Runes Digitized. Is Rollback Possible?,รูนทั้งหมดถูกแปลงเป็นดิจิทัล ย้อนเวอร์ชันได้หรือไม่?,draft,
1505,NewsAndReports/RandomNews_27,Water Tower Connects To Wi-Fi,หอเก็บน้ำเชื่อมต่อ Wi-Fi แล้ว,draft,
1506,NewsAndReports/RandomNews_28,The Server Has Blessed The Priests. Will This Help?,เซิร์ฟเวอร์ประทานพรให้นักบวช แล้วจะช่วยได้ไหม?,draft,
1507,NewsAndReports/RandomNews_29,Cables Are Stronger Than Amulets: More On Routing...,สายเคเบิลแข็งแกร่งกว่าเครื่องราง: เจาะลึกเรื่องการกำหนดเส้นทาง...,draft,
1508,NewsAndReports/RandomNews_30,Technomancers Shape Fate: Fact Or Fiction?,เทคโนแมนเซอร์กำหนดชะตากรรม: เรื่องจริงหรือเรื่องแต่ง?,draft,
1509,NewsAndReports/RandomNews_31,Man Escapes Certain Death. For How Long?,ชายหนีรอดจากความตายที่แน่นอน แล้วจะรอดได้นานแค่ไหน?,draft,
1510,NewsAndReports/RandomNews_32,Implants Are Out. What Goes In?,อุปกรณ์ฝังร่างกายตกยุค แล้วอะไรจะมาแทน?,draft,
1511,NewsAndReports/RandomNews_33,Robot Demands Vacation. Will It Get A Power Bank?,หุ่นยนต์เรียกร้องวันหยุด จะได้พาวเวอร์แบงก์หรือไม่?,draft,
1512,NewsAndReports/RandomNews_34,Do Not Trust Elevators! Seriously!,อย่าไว้ใจลิฟต์! พูดจริงนะ!,draft,
1513,NewsAndReports/RandomNews_35,Drone Steals Pigeon. The Search Continues...,โดรนขโมยนกพิราบ การค้นหายังคงดำเนินต่อไป...,draft,
1514,NewsAndReports/RandomNews_36,Hacker Installs Doom On A Traffic Light,แฮกเกอร์ติดตั้ง Doom ลงบนสัญญาณไฟจราจร,draft,
1515,NewsAndReports/RandomNews_37,Fantastic News: Cybercat Found Alive!,ข่าวดีเหลือเชื่อ: พบแมวไซเบอร์ยังมีชีวิต!,draft,
1516,NewsAndReports/RandomNews_38,Brain Chips Cause Insomnia. Will An Update Help?,ชิปสมองทำให้นอนไม่หลับ อัปเดตแล้วจะช่วยได้ไหม?,draft,
1517,NewsAndReports/RandomNews_39,Clock Goes Backwards Again. What Could This Mean?,นาฬิกาเดินถอยหลังอีกครั้ง นี่อาจหมายความว่าอย่างไร?,draft,
1518,NewsAndReports/RandomNews_40,Mirrors Locked In Dispute: Who Is The Fairest Of Them All?,กระจกถกเถียงกันไม่จบ: ใครงามเลิศในปฐพี?,draft,
1519,NewsAndReports/RandomNews_41,"Ghost Rents A Castle, Funding Sources Questioned",ผีเช่าปราสาท แหล่งเงินทุนยังน่าสงสัย,draft,
1520,NewsAndReports/RandomNews_42,"Witch Opens A Pharmacy, Faces Licensing Controversy",แม่มดเปิดร้านขายยา เผชิญข้อถกเถียงเรื่องใบอนุญาต,draft,
1521,NewsAndReports/RandomNews_43,House Disappears Overnight. Where Is It Now?,บ้านหายไปในชั่วข้ามคืน ตอนนี้อยู่ที่ไหน?,draft,
1522,NewsAndReports/RandomNews_44,"Raven Knows The Password, But What For?",อีกาจำรหัสผ่านได้ แต่เป็นรหัสของอะไร?,draft,
1523,NewsAndReports/RandomNews_45,"Dreams Are Evidence, And Snoring Is Aggravating",ความฝันถือเป็นหลักฐาน ส่วนการกรนเป็นเหตุเพิ่มโทษ,draft,
1524,NewsAndReports/RandomNews_46,The Ministry Of Health Approves Of Necromancy,กระทรวงสาธารณสุขรับรองศาสตร์คืนชีพ,draft,
1525,NewsAndReports/RandomNews_47,Immortality Tax Abolished: Who Benefits?,ยกเลิกภาษีความเป็นอมตะ ใครได้ประโยชน์?,draft,
1526,NewsAndReports/RandomNews_48,AI Deems Ghosts Legal. What Does This Mean?,AI ตัดสินว่าผีถูกกฎหมาย แล้วนี่หมายความว่าอย่างไร?,draft,
1527,NewsAndReports/RandomNews_49,Pentagrams Are Going Digital. Why?,ดาวห้าแฉกกำลังเข้าสู่ยุคดิจิทัล เพราะอะไร?,draft,
1528,NewsAndReports/RandomNews_50,It's Now Official: Crypto Is Cursed,ประกาศอย่างเป็นทางการ: คริปโตต้องคำสาป,draft,
1529,NewsAndReports/RandomNews_51,Server Off To The Astral Plane: Which Drum Can Help?,เซิร์ฟเวอร์หลุดไปยังมิติวิญญาณ: กลองใบไหนช่วยได้?,draft,
1530,NewsAndReports/RandomNews_52,Exorcist Loses To Algorithm: New Exorcism Record,หมอผีแพ้อัลกอริทึม: สถิติใหม่แห่งการไล่ผี,draft,
1531,NewsAndReports/RandomNews_53,Flying Dutchman Crew Pushes Back Against Remote Work,ลูกเรือฟลายอิงดัตช์แมนคัดค้านการทำงานทางไกล,draft,
1532,Rorschach/,,,untranslated,
1533,Rorschach/TestStartDialogue_1,These blots look interesting!,รอยหมึกพวกนี้ดูน่าสนใจดี!,draft,
1534,Rorschach/TestStartDialogue_2,Did someone spill coffee here?,มีใครทำกาแฟหกไว้ตรงนี้หรือเปล่า?,draft,
1535,Rorschach/TestStartDialogue_3,It doesn't look like anything to me.,สำหรับฉันมันดูไม่เหมือนอะไรเลย,draft,
1536,Rorschach/TestStartDialogue_4,These blots look interesting!,รอยหมึกพวกนี้ดูน่าสนใจดี!,draft,
1537,Rorschach/TestStartDialogue_5,These things creep me out...,ของพวกนี้ทำฉันขนลุก...,draft,
1538,Rorschach/TestStartDialogue_6,Sometimes a cigar is just a cigar...,บางครั้งซิการ์ก็เป็นแค่ซิการ์...,draft,
1539,Rorschach/TestStartDialogue_7,Is this some kind of contemporary art?,นี่คือศิลปะร่วมสมัยอะไรสักอย่างหรือเปล่า?,draft,
1540,Rorschach/TestStartDialogue_8,What are these strange things?,ของประหลาดพวกนี้คืออะไร?,draft,
1541,Rorschach/TestStartDialogue_9,I'm not locked in here with you...,ฉันไม่ได้ถูกขังอยู่ในนี้กับคุณ...,draft,
1542,Rorschach/TestStartDialogue_10,These blots look like...blots!,รอยหมึกพวกนี้ดูเหมือน...รอยหมึก!,draft,
1543,Rorschach/TestReplyVariant_1,Red Bridge,สะพานสีแดง,draft,
1544,Rorschach/TestReplyVariant_2,Blue Boat,เรือสีฟ้า,draft,
1545,Rorschach/TestReplyVariant_3,White Wolf,หมาป่าสีขาว,draft,
1546,Rorschach/TestReplyVariant_4,Black Raven,อีกาสีดำ,draft,
1547,Rorschach/TestReplyVariant_5,Green Bug,แมลงสีเขียว,draft,
1548,Rorschach/TestReplyVariant_6,Yellow House,บ้านสีเหลือง,draft,
1549,Rorschach/TestReplyVariant_7,Red Flower,ดอกไม้สีแดง,draft,
1550,Rorschach/TestReplyVariant_8,Gray Robot,หุ่นยนต์สีเทา,draft,
1551,Rorschach/TestReplyVariant_9,Golden Throne,บัลลังก์ทองคำ,draft,
1552,Rorschach/TestReplyVariant_10,Silver Sword,ดาบเงิน,draft,
1553,Rorschach/TestReplyVariant_11,Gray Blot,รอยหมึกสีเทา,draft,
1554,Rorschach/TestReplyVariant_12,Creepy Forest,ป่าน่าขนลุก,draft,
1555,Rorschach/TestReplyVariant_13,Creepy Clown,ตัวตลกน่าขนลุก,draft,
1556,Rorschach/TestReplyVariant_14,Black Cat,แมวดำ,draft,
1557,Rorschach/TestReplyVariant_15,Good Man,คนดี,draft,
1558,Rorschach/TestReplyVariant_16,Bad Wolf,หมาป่าชั่วร้าย,draft,
1559,Rorschach/TestReplyVariant_17,Sleepy Raven,อีกาง่วงนอน,draft,
1560,Rorschach/TestReplyVariant_18,Still Water,น้ำนิ่ง,draft,
1561,Rorschach/TestReplyVariant_19,Abandoned House,บ้านร้าง,draft,
1562,Rorschach/TestReplyVariant_20,Lonely Lighthouse,ประภาคารโดดเดี่ยว,draft,
1563,Rorschach/TestReplyVariant_21,Dark Castle,ปราสาทมืด,draft,
1564,Rorschach/TestReplyVariant_22,Black Tower,หอคอยสีดำ,draft,
1565,Rorschach/TestReplyVariant_23,Gingerbread House,บ้านขนมปังขิง,draft,
1566,Rorschach/TestReplyVariant_24,Black Moon,ดวงจันทร์สีดำ,draft,
1567,Rorschach/TestReplyVariant_25,Yellow Cat,แมวสีเหลือง,draft,
1568,Rorschach/TestReplyVariant_26,Man in a Forest,ชายในป่า,draft,
1569,Rorschach/TestReplyVariant_27,Man in Water,ชายในน้ำ,draft,
1570,Rorschach/TestReplyVariant_28,Fish in Space,ปลาในอวกาศ,draft,
1571,Rorschach/TestReplyVariant_29,White Throne,บัลลังก์สีขาว,draft,
1572,Rorschach/TestReplyVariant_30,Fire Spirit,วิญญาณแห่งไฟ,draft,
1573,Rorschach/TestReplyVariant_31,Honey Forest,ป่าน้ำผึ้ง,draft,
1574,Rorschach/TestReplyVariant_32,Foggy Bridge,สะพานในหมอก,draft,
1575,Rorschach/TestReplyVariant_33,Space Bridge,สะพานอวกาศ,draft,
1576,Rorschach/TestReplyVariant_34,Gray Raven,อีกาสีเทา,draft,
1577,Rorschach/TestReplyVariant_35,Black Water,น้ำสีดำ,draft,
1578,Rorschach/TestReplyVariant_36,Scary Wolf,หมาป่าน่ากลัว,draft,
1579,Rorschach/TestReplyVariant_37,Deer in a Forest,กวางในป่า,draft,
1580,Rorschach/TestReplyVariant_38,Polar Bear,หมีขั้วโลก,draft,
1581,Rorschach/TestReplyVariant_39,Green Flame,เปลวไฟสีเขียว,draft,
1582,Rorschach/TestReplyVariant_40,Stone Mushroom,เห็ดหิน,draft,
1583,Rorschach/TestReplyVariant_41,Funny Water,น้ำชวนขำ,draft,
1584,Rorschach/TestReplyVariant_42,Gloomy Flower,ดอกไม้หม่นหมอง,draft,
1585,Rorschach/TestReplyVariant_43,Ugly Water,น้ำอัปลักษณ์,draft,
1586,Rorschach/TestReplyVariant_44,Red Bear,หมีสีแดง,draft,
1587,Rorschach/TestReplyVariant_45,Honey Cake,เค้กน้ำผึ้ง,draft,
1588,Rorschach/TestReplyVariant_46,Apple Pie,พายแอปเปิล,draft,
1589,Rorschach/TestReplyVariant_47,Mushroom Soup,ซุปเห็ด,draft,
1590,Rorschach/TestReplyVariant_48,Yellow House,บ้านสีเหลือง,draft,
1591,Rorschach/TestReplyVariant_49,Kombucha,คอมบูชา,draft,
1592,Rorschach/TestReplyVariant_50,Sweet Bread,ขนมปังหวาน,draft,
1593,Rorschach/TestReplyVariant_51,Autumn Soup,ซุปฤดูใบไม้ร่วง,draft,
1594,Rorschach/TestReplyVariant_52,Berry Bush,พุ่มเบอร์รี,draft,
1595,Rorschach/TestReplyVariant_53,Nut Forest,ป่าถั่ว,draft,
1596,Rorschach/TestReplyVariant_54,Beautiful Cat,แมวแสนสวย,draft,
1597,Rorschach/TestReplyVariant_55,Black Forest,ป่าดำ,draft,
1598,Rorschach/TestReplyVariant_56,Old Car,รถยนต์เก่า,draft,
1599,Rorschach/TestReplyVariant_57,Fast Train,รถไฟความเร็วสูง,draft,
1600,Rorschach/TestReplyVariant_58,Rusty Plane,เครื่องบินขึ้นสนิม,draft,
1601,Rorschach/TestReplyVariant_59,Magic Plane,เครื่องบินวิเศษ,draft,
1602,Rorschach/TestReplyVariant_60,Battle Rifle,ปืนไรเฟิลจู่โจม,draft,
1603,Rorschach/TestReplyVariant_61,Steam Car,รถพลังไอน้ำ,draft,
1604,Rorschach/TestReplyVariant_62,Flying House,บ้านบินได้,draft,
1605,Rorschach/TestReplyVariant_63,Big Boat,เรือลำใหญ่,draft,
1606,Rorschach/TestReplyVariant_64,Green Plane,เครื่องบินสีเขียว,draft,
1607,Rorschach/TestReplyVariant_65,Ancient Revolver,ปืนลูกโม่โบราณ,draft,
1608,Rorschach/TestReplyVariant_66,Red Clown,ตัวตลกสีแดง,draft,
1609,Rorschach/TestReplyVariant_67,Black Angel,เทวทูตสีดำ,draft,
1610,Rorschach/TestReplyVariant_68,White Demon,ปีศาจสีขาว,draft,
1611,Rorschach/TestReplyVariant_69,Mirror Spirit,วิญญาณในกระจก,draft,
1612,Rorschach/TestReplyVariant_70,Faceless Man,ชายไร้ใบหน้า,draft,
1613,Rorschach/TestReplyVariant_71,Quiet Ghost,ผีเงียบงัน,draft,
1614,Rorschach/TestReplyVariant_72,Bone Dragon,มังกรกระดูก,draft,
1615,Rorschach/TestReplyVariant_73,Mysterious Forest,ป่าลึกลับ,draft,
1616,Rorschach/TestReplyVariant_74,Stone Man,มนุษย์หิน,draft,
1617,Rorschach/TestReplyVariant_75,Terrifying Wolf,หมาป่าสุดสยอง,draft,
1618,Rorschach/TestReplyVariant_76,Gold Raven,อีกาสีทอง,draft,
1619,Rorschach/TestReplyVariant_77,Strange Man,ชายประหลาด,draft,
1620,Rorschach/TestReplyVariant_78,Old Man,ชายชรา,draft,
1621,Rorschach/TestReplyVariant_79,Young Man,ชายหนุ่ม,draft,
1622,Rorschach/TestReplyVariant_80,Blind Man,ชายตาบอด,draft,
1623,Rorschach/TestReplyVariant_81,Good Man,คนดี,draft,
1624,Rorschach/TestReplyVariant_82,Merry Man,ชายร่าเริง,draft,
1625,Rorschach/TestReplyVariant_83,Cunning Man,ชายเจ้าเล่ห์,draft,
1626,Rorschach/TestReplyVariant_84,Sleepy Man,ชายง่วงนอน,draft,
1627,Rorschach/TestReplyVariant_85,Homeless Man,ชายไร้บ้าน,draft,
1628,Rorschach/TestReplyVariant_86,Silent Man,ชายเงียบขรึม,draft,
1629,Rorschach/TestReplyVariant_87,Tired Man,ชายเหนื่อยล้า,draft,
1630,Rorschach/TestReplyVariant_88,Mysterious Man,ชายลึกลับ,draft,
1631,Rorschach/TestReplyVariant_89,Flying Fish,ปลาบินได้,draft,
1632,Rorschach/TestReplyVariant_90,Dancing House,บ้านเต้นรำ,draft,
1633,Rorschach/TestReplyVariant_91,Singing Stone,ก้อนหินร้องเพลง,draft,
1634,Rorschach/TestReplyVariant_92,Smiling Bug,แมลงยิ้ม,draft,
1635,Rorschach/TestReplyVariant_93,Black Bug,แมลงสีดำ,draft,
1636,Rorschach/TestReplyVariant_94,Golden Robot,หุ่นยนต์สีทอง,draft,
1637,Rorschach/TestReplyVariant_95,Running Forest,ป่าวิ่งได้,draft,
1638,Rorschach/TestReplyVariant_96,Talking Mushroom,เห็ดพูดได้,draft,
1639,Rorschach/TestReplyVariant_97,Laughing Bridge,สะพานหัวเราะ,draft,
1640,Rorschach/TestReplyVariant_98,Leaping Train,รถไฟกระโดด,draft,
1641,Rorschach/TestReplyVariant_99,Little Dragon,มังกรน้อย,draft,
1642,Rorschach/TestReplyVariant_100,Toy House,บ้านของเล่น,draft,
1643,Rorschach/TestReplyVariant_101,Plush Wolf,ตุ๊กตาหมาป่า,draft,
1644,Rorschach/TestReplyVariant_102,Paper Bug,แมลงกระดาษ,draft,
1645,Rorschach/TestReplyVariant_103,Sweet Castle,ปราสาทแสนหวาน,draft,
1646,Rorschach/TestReplyVariant_104,Green Elephant,ช้างสีเขียว,draft,
1647,Rorschach/TestReplyVariant_105,Stone Clown,ตัวตลกหิน,draft,
1648,Rorschach/TestReplyVariant_106,Rainbow Cat,แมวสีรุ้ง,draft,
1649,Rorschach/TestReplyVariant_107,Sleepy Dragon,มังกรง่วงนอน,draft,
1650,Rorschach/TestReplyVariant_108,Expensive Bread,ขนมปังราคาแพง,draft,
1651,Rorschach/TestReplyVariant_109,Stone Orb,ลูกแก้วหิน,draft,
1652,Rorschach/TestReplyVariant_110,Nervous Clown,ตัวตลกประหม่า,draft,
1653,Rorschach/TestReplyVariant_111,Rusty Moon,ดวงจันทร์ขึ้นสนิม,draft,
1654,Rorschach/TestReplyVariant_112,Empty Castle,ปราสาทว่างเปล่า,draft,
1655,Rorschach/TestReplyVariant_113,Broken Bridge,สะพานหัก,draft,
1656,Rorschach/TestReplyVariant_114,Black Smoke,ควันดำ,draft,
1657,Rorschach/TestReplyVariant_115,Dead Forest,ป่าที่ตายแล้ว,draft,
1658,Rorschach/TestReplyVariant_116,Extinguished Lighthouse,ประภาคารดับ,draft,
1659,Rorschach/TestReplyVariant_117,Ugly Man,ชายอัปลักษณ์,draft,
1660,Rorschach/TestReplyVariant_118,Black Revolver,ปืนลูกโม่สีดำ,draft,
1661,Rorschach/TestReplyVariant_119,Naked Pistol,ปืนพกเปลือย,draft,
1662,Rorschach/TestReplyVariant_120,Blue Rifle,ปืนไรเฟิลสีฟ้า,draft,
1663,Rorschach/TestReplyVariant_121,Antique Revolver,ปืนลูกโม่โบราณ,draft,
1664,Rorschach/TestReplyVariant_122,Precise Pistol,ปืนพกแม่นยำ,draft,
1665,Правила /Для Китайского и Корейского фонетическая транслитерация иероглифами.,,,untranslated,
1666,Правила /Для Японского транслитерация катаканой,,,untranslated,
1667,"Правила /Если в названии есть общипринятые термины типа Восточная, Западная, Европа, Америка и тд - Неоригинальную часть переводить, остальную транслитерировать с легкой шлифовкой по необходимости.",,,untranslated,
1668,Правила /Для Китайского и Корейского фонетическая транслитерация иероглифами.,,,untranslated,
1669,Правила /Для Японского транслитерация катаканой,,,untranslated,
1670,"Правила /Если в названии есть общипринятые термины типа Восточная, Западная, Европа, Америка и тд - Неоригинальную часть переводить, остальную транслитерировать с легкой шлифовкой по необходимости.",,,untranslated,
1671,UI/AnomaliesMissed,Anomalies missed:,สิ่งผิดปกติที่ตรวจไม่พบ:,draft,
1672,Hints/Tutor_071,Press [LMB] on the character to get information and select actions,กด [LMB] ที่ตัวละครเพื่อดูข้อมูลและเลือกการดำเนินการ,draft,
1673,Hints/Tutor_072,This character shows signs of fungal activity that needs to be studied.,ตัวละครนี้แสดงสัญญาณของเชื้อราที่ต้องนำไปศึกษา,draft,
1674,Hints/Tutor_073,Press here to mark the character for the isolation ward,กดที่นี่เพื่อทำเครื่องหมายส่งตัวละครไปห้องแยกกัก,draft,
1675,Hints/Tutor_074,This character is also infected and must be isolated!,ตัวละครนี้ติดเชื้อเช่นกันและต้องถูกแยกกัก!,draft,
1676,Hints/Tutor_075,Excellent! Now activate the detention protocol!,ยอดเยี่ยม! ตอนนี้เปิดใช้มาตรการควบคุมตัว!,draft,
1677,NewsAndReports/RepCons_DimensionalVortex,The arithmetic test triggered the formation of a spatial wormhole. Test subjects were presumably sucked into the rift and transported through space and time in an unknown direction. We recommend waiting for the wormhole to degrade naturally.,การทดสอบเลขคณิตกระตุ้นให้เกิดรูหนอนในอวกาศ สันนิษฐานว่าผู้ถูกทดลองถูกดูดเข้าไปในรอยแยกและเคลื่อนย้ายผ่านห้วงอวกาศและเวลาไปยังทิศทางที่ไม่ทราบ ขอแนะนำให้รอจนกว่ารูหนอนจะสลายตัวเองตามธรรมชาติ,draft,
1678,NewsAndReports/RepCons_AliceInCage,"During the experiment, a particularly large humanoid specimen spontaneously invaded the space. HQ dispatched Captain Ackerman to deal with the aftermath. Until his arrival, access to the isolation ward is restricted.",ระหว่างการทดลอง สิ่งมีชีวิตรูปร่างคล้ายมนุษย์ขนาดใหญ่เป็นพิเศษบุกรุกเข้ามาในพื้นที่เอง สำนักงานใหญ่ส่งร้อยเอกแอคเคอร์แมนมาจัดการผลกระทบ ระหว่างรอการมาถึง ให้จำกัดการเข้าถึงห้องกักกัน,draft,
1679,NewsAndReports/RepCons_TechRefrigerator,"Warning: During the experiment, a high-tech object spontaneously teleported into the isolation ward. The ""popping"" effect caused damage to test subjects incompatible with continued living. Await the arrival of specialists from the engineering wing.","คำเตือน: ระหว่างการทดลอง วัตถุเทคโนโลยีขั้นสูงเทเลพอร์ตเข้ามาในห้องกักกันเอง ผลจากการ ""ปรากฏตัวฉับพลัน"" สร้างความเสียหายแก่ผู้ถูกทดลองในระดับที่ไม่อาจดำรงชีวิตต่อได้ โปรดรอผู้เชี่ยวชาญจากฝ่ายวิศวกรรมมาถึง",draft,
1680,NewsAndReports/RepCons_Embrions,"During the experiment, a series of spontaneous biological metamorphoses occurred, forming, according to experts, a ""spherical vacuum embryonic host"". We recommend restricting access and awaiting the arrival of the biological-hazard-elimination team.","ระหว่างการทดลอง เกิดการเปลี่ยนสภาพทางชีวภาพขึ้นเองหลายครั้ง จนก่อตัวเป็นสิ่งที่ผู้เชี่ยวชาญเรียกว่า ""โฮสต์ตัวอ่อนทรงกลมในสุญญากาศ"" ขอแนะนำให้จำกัดการเข้าถึงและรอหน่วยกำจัดภัยชีวภาพมาถึง",draft,
1681,NewsAndReports/RepCons_Pupation,"Exposure to high temperatures led to the activation of embryos of an unidentified endotic symbiont, which entered the pupation phase. According to available data, the test subjects were transformed into a nutrient medium. We strongly advise not interacting with organic objects inside the isolation ward.",การสัมผัสอุณหภูมิสูงกระตุ้นตัวอ่อนของสิ่งมีชีวิตพึ่งพาอาศัยชนิดเอนโดติกที่ไม่สามารถระบุชนิดได้ และเข้าสู่ระยะดักแด้ จากข้อมูลที่มี ผู้ถูกทดลองถูกเปลี่ยนเป็นแหล่งสารอาหาร ขอแนะนำอย่างยิ่งว่าอย่าสัมผัสวัตถุอินทรีย์ภายในห้องกักกัน,draft,
1682,NewsAndReports/RepCons_WaterAndElectricity,"A technical failure caused the plumbing and electrical equipment to malfunction, resulting in the death of the test subjects, from either drowning or electrocution (the exact cause will be determined by a special commission). Depressurizing the isolation ward is prohibited until the malfunctions are fully resolved.",ความขัดข้องทางเทคนิคทำให้ระบบประปาและอุปกรณ์ไฟฟ้าทำงานผิดปกติ ส่งผลให้ผู้ถูกทดลองเสียชีวิตจากการจมน้ำหรือไฟฟ้าช็อต (คณะกรรมการพิเศษจะระบุสาเหตุที่แน่นอน) ห้ามลดความดันห้องกักกันจนกว่าจะแก้ไขความขัดข้องทั้งหมดแล้ว,draft,
1683,NewsAndReports/RepCons_FiltrationTurbine,"During the experiment, the location of heavy equipment was unintentionally changed. As a result of this event, the test subjects sustained various injuries and are no longer considered alive. A team of movers was called in to relocate the object intentionally. Please stand by.",ระหว่างการทดลอง ตำแหน่งของเครื่องจักรหนักถูกเปลี่ยนโดยไม่ได้ตั้งใจ เหตุการณ์นี้ทำให้ผู้ถูกทดลองได้รับบาดเจ็บหลายรูปแบบและไม่ถือว่ายังมีชีวิตอีกต่อไป มีการเรียกทีมขนย้ายมาเคลื่อนย้ายวัตถุโดยตั้งใจแล้ว โปรดรอ,draft,
1684,NewsAndReports/RepCons_WelcomeToBugClub,"During the experiment, a biological object of unknown type formed spontaneously. Observations revealed various light and acoustic events' occurring within the object. Continued observations are recommended until comprehensive information about the nature of the phenomenon is obtained.",ระหว่างการทดลอง วัตถุชีวภาพชนิดที่ไม่ทราบก่อตัวขึ้นเอง การเฝ้าสังเกตพบเหตุการณ์ทางแสงและเสียงหลายรูปแบบเกิดขึ้นภายในวัตถุ ขอแนะนำให้สังเกตการณ์ต่อไปจนกว่าจะได้ข้อมูลครบถ้วนเกี่ยวกับลักษณะของปรากฏการณ์,draft,
1685,NewsAndReports/RepCons_DuckSquad,"During the experiment, an Anatidian special-forces unit was teleported into the chamber. The test subjects were eliminated. A negotiation team will arrive shortly. Open confrontation is strictly prohibited, to avoid interplanetary conflict. Access to the isolation ward is to be restricted.",ระหว่างการทดลอง หน่วยรบพิเศษแห่งแอนาทิเดียนถูกเทเลพอร์ตเข้ามาในห้อง ผู้ถูกทดลองถูกกำจัดแล้ว ทีมเจรจาจะมาถึงในไม่ช้า ห้ามเผชิญหน้าโดยตรงโดยเด็ดขาดเพื่อหลีกเลี่ยงความขัดแย้งระหว่างดาว และให้จำกัดการเข้าถึงห้องกักกัน,draft,
1686,NewsAndReports/RepCons_DuckbugQueen,"The experiment provoked [redacted] of insectoid type. The fate of the test subjects is unknown, but it is highly likely they were consumed by the bugs. For unknown reasons, the Duck object was not only unharmed, but transformed into something resembling a bug queen. Continued observation is recommended.",การทดลองกระตุ้นให้เกิด [redacted] ชนิดแมลง ไม่ทราบชะตากรรมของผู้ถูกทดลอง แต่มีความเป็นไปได้สูงว่าถูกแมลงกิน ด้วยสาเหตุที่ไม่ทราบ วัตถุเป็ดไม่เพียงไม่ได้รับอันตราย แต่ยังเปลี่ยนสภาพเป็นสิ่งที่คล้ายราชินีแมลง ขอแนะนำให้เฝ้าสังเกตต่อไป,draft,
1687,NewsAndReports/RepCons_FractalMushroom,"During the experiment, a ""fungoid incident"" occurred, resulting in the formation of a fungal fractaloid. In the incident, the test subjects were subjected to multiple mycelial infestations, resulting in negative survival rates. Special transport for the fractaloid will arrive within the day.","ระหว่างการทดลอง เกิด ""เหตุการณ์เชื้อรา"" ซึ่งทำให้เกิดแฟรกทาลอยด์เชื้อรา ในเหตุการณ์ดังกล่าว ผู้ถูกทดลองติดเส้นใยเห็ดหลายครั้ง ส่งผลให้อัตราการรอดชีวิตติดลบ พาหนะพิเศษสำหรับขนส่งแฟรกทาลอยด์จะมาถึงภายในวันนี้",draft,
1688,NewsAndReports/RepCons_DefensiveLarva,"During the experiment, an explosive mutation occurred in Tardifuma larvae present in the bodies of one or more test subjects. Ultraviolet radiation triggered the larvae's transition to the defensive form, but before doing so they accumulated nutrients for a prolonged hibernation by devouring the test subjects. Approaching the larvae is prohibited until the arrival of the biological-hazard-elimination team.",ระหว่างการทดลอง ตัวอ่อน Tardifuma ซึ่งอยู่ในร่างของผู้ถูกทดลองหนึ่งรายหรือมากกว่าเกิดการกลายพันธุ์อย่างรุนแรง รังสีอัลตราไวโอเลตกระตุ้นให้ตัวอ่อนเปลี่ยนเป็นรูปแบบป้องกันตัว แต่ก่อนหน้านั้นพวกมันสะสมสารอาหารสำหรับจำศีลระยะยาวด้วยการกินผู้ถูกทดลอง ห้ามเข้าใกล้ตัวอ่อนจนกว่าหน่วยกำจัดภัยชีวภาพจะมาถึง,draft,
1689,NewsAndReports/RepCons_MetalSplashes,"The experiment was interrupted due to condensation of an unspecified type of ferrochemical liquid within the ward. As a result of [redacted], the subjects' bodies underwent forced fragmentation. Use of the isolation ward must be limited until the ferrochemical liquids have completely oxidized and decomposed.",การทดลองถูกระงับเนื่องจากของเหลวเฟอร์โรเคมีชนิดที่ไม่ระบุควบแน่นภายในห้อง ผลจาก [redacted] ทำให้ร่างของผู้ถูกทดลองแตกออกเป็นชิ้นโดยไม่สมัครใจ ต้องจำกัดการใช้ห้องกักกันจนกว่าของเหลวเฟอร์โรเคมีจะออกซิไดซ์และสลายตัวโดยสมบูรณ์,draft,
1690,NewsAndReports/RepCons_Breedman,"During the experiment, spontaneous loafing of test subjects occurred. Access to the isolation ward is restricted until a special expert commission arrives. Attempts to use the test subjects for culinary purposes will be repressed in the most decisive manner.",ระหว่างการทดลอง ผู้ถูกทดลองเปลี่ยนเป็นขนมปังก้อนขึ้นเอง ให้จำกัดการเข้าถึงห้องกักกันจนกว่าคณะผู้เชี่ยวชาญพิเศษจะมาถึง ความพยายามนำผู้ถูกทดลองไปใช้ประกอบอาหารจะถูกปราบปรามอย่างเด็ดขาดที่สุด,draft,
1691,NewsAndReports/RepCons_FrostMushroom,"Due to the introduction of spores of a fungus known as Mors Nivalis into the isolation ward and the creation of a favorable environment, accelerated growth of the aforementioned fungus has occurred within the ward. As this fungus is a protected species of [redacted] class, access to the isolation ward must be restricted until the arrival of the on-duty cryptomycologists.",เนื่องจากมีการนำสปอร์ของเชื้อราที่เรียกว่า Mors Nivalis เข้าสู่ห้องกักกันและสร้างสภาพแวดล้อมที่เหมาะสม เชื้อราดังกล่าวจึงเติบโตอย่างรวดเร็วภายในห้อง เนื่องจากเชื้อราชนิดนี้เป็นสิ่งมีชีวิตคุ้มครองระดับ [redacted] ต้องจำกัดการเข้าถึงห้องกักกันจนกว่านักวิทยาเห็ดลึกลับเวรประจำวันจะมาถึง,draft,
1692,NewsAndReports/RepCons_HeatCocoon,"[redacted] occurred during the experiment. The nature of this phenomenon remains unknown. According to experts, ""something like an igloo, but made of meat"" formed. Further study is necessary. Access to the isolation ward must be restricted until [redacted] phase occurs, followed by destruction of biological materials.","เกิด [redacted] ระหว่างการทดลอง ลักษณะของปรากฏการณ์นี้ยังไม่เป็นที่ทราบ ตามความเห็นผู้เชี่ยวชาญ มีการก่อตัวของ ""สิ่งที่คล้ายกระท่อมน้ำแข็ง แต่ทำจากเนื้อ"" จำเป็นต้องศึกษาเพิ่มเติม ต้องจำกัดการเข้าถึงห้องกักกันจนกว่าจะเกิดระยะ [redacted] จากนั้นจึงทำลายวัสดุชีวภาพ",draft,
1693,NewsAndReports/RepCons_Laserball,"The experiment involved the use of the Death Ball 9000 device, developed by [redacted] laboratory under a program for the development of advanced camouflaged weapons. The use of this device instead of the standard Disco Ball device is to be considered an unintentional accident. Access to the isolation ward is restricted until a special team arrives to dismantle the device.",การทดลองมีการใช้อุปกรณ์ Death Ball 9000 ซึ่งพัฒนาโดยห้องปฏิบัติการ [redacted] ภายใต้โครงการพัฒนาอาวุธพรางตัวขั้นสูง ให้ถือว่าการใช้อุปกรณ์นี้แทน Disco Ball มาตรฐานเป็นอุบัติเหตุที่ไม่ได้ตั้งใจ ให้จำกัดการเข้าถึงห้องกักกันจนกว่าทีมพิเศษจะมาถึงเพื่อถอดอุปกรณ์,draft,
1694,NewsAndReports/RepCons_Rastaparty,"Due to the unplanned nature of this experiment, which involved the use of hallucinogenic mushrooms in a specialized acoustic environment, the subjects must not be disturbed for 24 hours. At the end of the experiment, they must be [redacted].",เนื่องจากการทดลองนี้ไม่ได้อยู่ในแผนและมีการใช้เห็ดหลอนประสาทในสภาพแวดล้อมทางเสียงเฉพาะ ห้ามรบกวนผู้ถูกทดลองเป็นเวลา 24 ชั่วโมง เมื่อสิ้นสุดการทดลอง ต้องดำเนินการ [redacted] ผู้ถูกทดลอง,draft,
1695,NewsAndReports/RepCons_Frankenstein,"During the experiment, [redacted] occurred. A mysterious note was also discovered that said ""Don't let things go pear-shaped!"" All personnel are required to comply with the ""Abbot Fetel"" protocol. Restrict access to the isolation ward, and do not remove [redacted] object yourself!","ระหว่างการทดลองเกิด [redacted] และพบข้อความลึกลับเขียนว่า ""อย่าปล่อยให้เรื่องผิดรูปผิดร่าง!"" เจ้าหน้าที่ทุกคนต้องปฏิบัติตามพิธีสาร ""Abbot Fetel"" ให้จำกัดการเข้าถึงห้องกักกัน และห้ามนำวัตถุ [redacted] ออกมาด้วยตนเอง!",draft,
1696,NewsAndReports/RepCons_HiveMindBall,"During the experiment, a successful attempt to establish contact of the third kind was recorded. The counterparty is unknown. Transmitted messages are being decrypted. Test subjects are to be considered negatively alive. An urgent request has been sent to COMCON-1. Await further instructions...",ระหว่างการทดลอง บันทึกความสำเร็จในการติดต่อสิ่งมีชีวิตประเภทที่สามได้สำเร็จ ยังไม่ทราบว่าคู่ติดต่อเป็นใคร ข้อความที่ได้รับกำลังอยู่ระหว่างถอดรหัส ให้ถือว่าผู้ถูกทดลองมีชีวิตในเชิงลบ มีการส่งคำร้องเร่งด่วนไปยัง COMCON-1 แล้ว โปรดรอคำสั่งเพิ่มเติม...,draft,
1697,NewsAndReports/RepAfterRedCode_1,The consequences of the emergency in the isolation ward have been eliminated. No casualties or injuries were reported during the cleanup process. The ward is available for experiments.,ผลกระทบจากเหตุฉุกเฉินในห้องกักกันได้รับการแก้ไขแล้ว ไม่มีรายงานผู้เสียชีวิตหรือบาดเจ็บระหว่างการทำความสะอาด ห้องพร้อมสำหรับการทดลอง,draft,
1698,NewsAndReports/RepAfterRedCode_2,[redacted] staff have successfully eliminated all consequences of the emergency in the isolation ward. The ward is cleared for further experiments.,เจ้าหน้าที่ [redacted] กำจัดผลกระทบทั้งหมดจากเหตุฉุกเฉินในห้องกักกันได้สำเร็จ ห้องได้รับอนุญาตให้ใช้ในการทดลองต่อไป,draft,
1699,NewsAndReports/RepAfterRedCode_3,"Thanks to the selfless dedication of [redacted] staff, the emergency cleanup of the isolation ward is complete. We recommend starting a new experiment as soon as possible.",ด้วยความทุ่มเทโดยไม่เห็นแก่ตนเองของเจ้าหน้าที่ [redacted] การทำความสะอาดฉุกเฉินในห้องกักกันเสร็จสมบูรณ์ ขอแนะนำให้เริ่มการทดลองใหม่โดยเร็วที่สุด,draft,
1700,NewsAndReports/RepAfterRedCode_4,"The isolation ward has been brought into full compliance with the requirements of the ""Enigma 35"" protocol. The immediate search for and introduction of test subjects is recommended, followed by further experiments.","ห้องกักกันได้รับการปรับให้เป็นไปตามข้อกำหนดของพิธีสาร ""Enigma 35"" โดยสมบูรณ์ ขอแนะนำให้ค้นหาและนำผู้ถูกทดลองเข้ามาโดยทันที จากนั้นจึงดำเนินการทดลองต่อ",draft,
1701,Правила /Для Китайского и Корейского фонетическая транслитерация иероглифами.,,,untranslated,
1702,Правила /Для Японского транслитерация катаканой,,,untranslated,
1703,"Правила /Если в названии есть общипринятые термины типа Восточная, Западная, Европа, Америка и тд - Неоригинальную часть переводить, остальную транслитерировать с легкой шлифовкой по необходимости.",,,untranslated,
1704,Правила /Для Китайского и Корейского фонетическая транслитерация иероглифами.,,,untranslated,
1705,Правила /Для Японского транслитерация катаканой,,,untranslated,
1706,"Правила /Если в названии есть общипринятые термины типа Восточная, Западная, Европа, Америка и тд - Неоригинальную часть переводить, остальную транслитерировать с легкой шлифовкой по необходимости.",,,untranslated,
1707,Hints/Tutor_076,Now you should switch to thermal imaging.,ตอนนี้ให้สลับเป็นภาพความร้อน,draft,
1708,Правила /Для Китайского и Корейского фонетическая транслитерация иероглифами.,,,untranslated,
1709,Правила /Для Японского транслитерация катаканой,,,untranslated,
1710,"Правила /Если в названии есть общипринятые термины типа Восточная, Западная, Европа, Америка и тд - Неоригинальную часть переводить, остальную транслитерировать с легкой шлифовкой по необходимости.",,,untranslated,
1711,Правила /Для Китайского и Корейского фонетическая транслитерация иероглифами.,,,untranslated,
1712,Правила /Для Японского транслитерация катаканой,,,untranslated,
1713,"Правила /Если в названии есть общипринятые термины типа Восточная, Западная, Европа, Америка и тд - Неоригинальную часть переводить, остальную транслитерировать с легкой шлифовкой по необходимости.",,,untranslated,
1714,Правила /Для Китайского и Корейского фонетическая транслитерация иероглифами.,,,untranslated,
1715,Правила /Для Японского транслитерация катаканой,,,untranslated,
1716,"Правила /Если в названии есть общипринятые термины типа Восточная, Западная, Европа, Америка и тд - Неоригинальную часть переводить, остальную транслитерировать с легкой шлифовкой по необходимости.",,,untranslated,
1717,UI/PCSearch,DATABASE SEARCH,ค้นหาฐานข้อมูล,draft,
1718,UI/PCAnalysis,Analysis,วิเคราะห์,draft,
1719,Правила /Для Китайского и Корейского фонетическая транслитерация иероглифами.,,,untranslated,
1720,Правила /Для Японского транслитерация катаканой,,,untranslated,
1721,"Правила /Если в названии есть общипринятые термины типа Восточная, Западная, Европа, Америка и тд - Неоригинальную часть переводить, остальную транслитерировать с легкой шлифовкой по необходимости.",,,untranslated,
1722,Правила /Для Китайского и Корейского фонетическая транслитерация иероглифами.,,,untranslated,
1723,Правила /Для Японского транслитерация катаканой,,,untranslated,
1724,"Правила /Если в названии есть общипринятые термины типа Восточная, Западная, Европа, Америка и тд - Неоригинальную часть переводить, остальную транслитерировать с легкой шлифовкой по необходимости.",,,untranslated,
1725,Hints/Tutor_077,"Starting today, you can take blood samples and examine them under a microscope",ตั้งแต่วันนี้ คุณสามารถเก็บตัวอย่างเลือดและตรวจด้วยกล้องจุลทรรศน์ได้,draft,
1726,Hints/Tutor_078,Open the container with the specialized biological-collection kit,เปิดภาชนะที่ใส่ชุดเก็บตัวอย่างชีวภาพเฉพาะทาง,draft,
1727,Hints/Tutor_079,Take the biological-collection kit,หยิบชุดเก็บตัวอย่างชีวภาพ,draft,
1728,Hints/Tutor_080,Apply the biological-collection kit by pressing [LMB] on the test subject,ใช้ชุดเก็บตัวอย่างชีวภาพโดยกด [LMB] ที่ผู้ถูกทดลอง,draft,
1729,Hints/Tutor_081,Use the mouse to set the injection depth and press [LMB] to take a sample,ใช้เมาส์กำหนดความลึกของเข็ม แล้วกด [LMB] เพื่อเก็บตัวอย่าง,draft,
1730,Hints/Tutor_082,Open the container with the microscope,เปิดภาชนะที่ใส่กล้องจุลทรรศน์,draft,
1731,Hints/Tutor_083,Place the sample on the microscope slide for further analysis by pressing [LMB] on it,วางตัวอย่างบนสไลด์กล้องจุลทรรศน์เพื่อวิเคราะห์ต่อ โดยกด [LMB] ที่สไลด์,draft,
1732,Hints/Tutor_084,Press [RMB] to put away the biological-collection kit,กด [RMB] เพื่อเก็บชุดเก็บตัวอย่างชีวภาพ,draft,
1733,Hints/Tutor_085,Press [LMB] on the microscope to look into the eyepiece,กด [LMB] ที่กล้องจุลทรรศน์เพื่อมองผ่านเลนส์ตา,draft,
1734,Hints/Tutor_086,Press [LMB] on the dangerous yellow organism to select it,กด [LMB] ที่สิ่งมีชีวิตสีเหลืองอันตรายเพื่อเลือกมัน,draft,
1735,Hints/Tutor_087,Print out the info on this organism,พิมพ์ข้อมูลของสิ่งมีชีวิตนี้,draft,
1736,Hints/Tutor_088,Please wait for the analysis to be completed and the report to be printed,โปรดรอให้การวิเคราะห์เสร็จและพิมพ์รายงานออกมา,draft,
1737,Hints/Tutor_089,Close the microscope window,ปิดหน้าต่างกล้องจุลทรรศน์,draft,
1738,Hints/Tutor_090,"Pay attention to the information about this organism. According to today's instruction, if such an organism is found in the blood appropriate measures must be taken!",ตรวจข้อมูลของสิ่งมีชีวิตนี้ให้ดี ตามคำสั่งของวันนี้ หากพบสิ่งมีชีวิตชนิดนี้ในเลือด ต้องดำเนินมาตรการที่เหมาะสม!,draft,
1739,Hints/Tutor_091,"Starting today, you can take fingerprints",ตั้งแต่วันนี้ คุณสามารถเก็บลายนิ้วมือได้,draft,
1740,Hints/Tutor_092,Let's check the passport for fingerprints. Turn on the UV lamp and drag the passport under it,มาตรวจลายนิ้วมือบนหนังสือเดินทางกัน เปิดหลอด UV แล้วลากหนังสือเดินทางไปไว้ใต้แสง,draft,
1741,Hints/Tutor_093,There are fingerprints on the document. You must check whether these prints belong to the person in front of you,มีลายนิ้วมือบนเอกสาร คุณต้องตรวจว่าลายนิ้วมือนี้เป็นของบุคคลตรงหน้าหรือไม่,draft,
1742,Hints/Tutor_094,Open the container with the specialized fingerprinting kit,เปิดภาชนะที่ใส่ชุดเก็บลายนิ้วมือเฉพาะทาง,draft,
1743,Hints/Tutor_095,Take the specialized fingerprinting kit...,หยิบชุดเก็บลายนิ้วมือเฉพาะทาง...,draft,
1744,Hints/Tutor_096,...and hand it to the person you are checking,...แล้วยื่นให้คนที่คุณกำลังตรวจสอบ,draft,
1745,Hints/Tutor_097,Now you'll have to wait,ตอนนี้คุณต้องรอ,draft,
1746,Hints/Tutor_098,Compare this fingerprint with the printout.,เปรียบเทียบลายนิ้วมือนี้กับเอกสารที่พิมพ์ออกมา,draft,
1747,CoordinatorReplics/BM_Tutor_001,Afternoon...,สวัสดีตอนบ่าย...,draft,
1748,CoordinatorReplics/BM_Tutor_002,Hello! Good to see you!,สวัสดี! ดีใจที่ได้พบ!,draft,
1749,CoordinatorReplics/BM_Tutor_003,I have an unusual question for you: are you afraid of blood?,ฉันมีคำถามแปลก ๆ จะถาม: คุณกลัวเลือดไหม?,draft,
1750,CoordinatorReplics/BM_Tutor_004,Wh-what?!,อะ-อะไรนะ?!,draft,
1751,CoordinatorReplics/BM_Tutor_005,You misunderstand...,คุณเข้าใจผิดแล้ว...,draft,
1752,CoordinatorReplics/BM_Tutor_006,"From now on, your responsibilities will include collecting and testing blood.",ต่อจากนี้ หน้าที่ของคุณจะรวมถึงการเก็บและตรวจเลือด,draft,
1753,CoordinatorReplics/BM_Tutor_007,"If the instructions require it, of course.",แน่นอน เฉพาะเมื่อคำสั่งกำหนด,draft,
1754,CoordinatorReplics/BM_Tutor_008,Don't you think this is a bit much?,ไม่คิดว่านี่จะมากเกินไปหน่อยหรือ?,draft,
1755,CoordinatorReplics/BM_Tutor_009,I think someone is getting a pay rise.,ฉันคิดว่ามีใครบางคนกำลังจะได้ขึ้นเงินเดือน,draft,
1756,CoordinatorReplics/BM_Tutor_010,Mmm... well... I guess it shouldn't be too hard...,อืม... ก็ได้... คงไม่ยากเกินไปหรอก...,draft,
1757,CoordinatorReplics/BM_Tutor_011,Exactly... Have a good shift.,ถูกต้อง... ขอให้กะนี้ราบรื่น,draft,
1758,CoordinatorReplics/BM_Tutor_012,You too...,เช่นกัน...,draft,
1759,CoordinatorReplics/Finger_Tutor_001,Greetings.,สวัสดี,draft,
1760,CoordinatorReplics/Finger_Tutor_002,"Yes, hello.",ครับ สวัสดี,draft,
1761,CoordinatorReplics/Finger_Tutor_003,You've probably been wondering...,คุณคงสงสัยมาตลอดว่า...,draft,
1762,CoordinatorReplics/Finger_Tutor_004,Why it was that you never checked if the visitors' papers belonged to them?,ทำไมคุณไม่เคยตรวจว่าเอกสารของผู้มาเยือนเป็นของเจ้าตัวจริงหรือไม่?,draft,
1763,CoordinatorReplics/Finger_Tutor_005,I haven't actually thought about it...,ที่จริงผมไม่เคยคิดเรื่องนั้นเลย...,draft,
1764,CoordinatorReplics/Finger_Tutor_006,"Well, you should have. Extra layers of security help avoid catastrophic mistakes, after all.",คุณควรคิดนะ เพราะชั้นความปลอดภัยเพิ่มเติมช่วยป้องกันความผิดพลาดร้ายแรงได้,draft,
1765,CoordinatorReplics/Finger_Tutor_007,What are you getting at?,คุณกำลังจะสื่ออะไร?,draft,
1766,CoordinatorReplics/Finger_Tutor_008,"In short, you will now need to request fingerprints and check them against the database.",สรุปคือ ต่อจากนี้คุณต้องขอลายนิ้วมือและตรวจเทียบกับฐานข้อมูล,draft,
1767,CoordinatorReplics/Finger_Tutor_009,I knew that was where this was going!,รู้อยู่แล้วว่าต้องลงเอยแบบนี้!,draft,
1768,CoordinatorReplics/Finger_Tutor_010,Don't let us down.,อย่าทำให้เราผิดหวัง,draft,
1769,CoordinatorReplics/Finger_Tutor_011,Very well...,ก็ได้...,draft,
1770,CityOperations/op_first_recon_name,Primary Recon,ลาดตระเวนเบื้องต้น,draft,
1771,CityOperations/op_first_recon_descr,"Send a team to conduct primary reconnaissance of potential landing locations, based on indirect evidence of the ""visitors"".","ส่งทีมไปลาดตระเวนเบื้องต้นในจุดลงจอดที่เป็นไปได้ โดยอาศัยหลักฐานทางอ้อมเกี่ยวกับ ""ผู้มาเยือน""",draft,
1772,CityOperations/op_contact_data_name,Contact-Data Collection,รวบรวมข้อมูลการติดต่อ,draft,
1773,CityOperations/op_contact_data_descr,"Send a team to interview witnesses who directly or indirectly claim to have had personal contact with the ""visitors"". Physical and medicinal measures are permitted.","ส่งทีมไปสอบถามพยานที่อ้างทั้งทางตรงหรือทางอ้อมว่าเคยติดต่อกับ ""ผู้มาเยือน"" เป็นการส่วนตัว อนุญาตให้ใช้มาตรการทางกายภาพและทางยา",draft,
1774,CityOperations/op_detector_deployment_name,Detector Deployment,ติดตั้งเครื่องตรวจจับ,draft,
1775,CityOperations/op_detector_deployment_descr,Send technical teams to install Butler 17SD detectors in various parts of the city for subsequent monitoring of atypical activity.,ส่งทีมช่างไปติดตั้งเครื่องตรวจจับ Butler 17SD ตามพื้นที่ต่าง ๆ ของเมือง เพื่อเฝ้าติดตามกิจกรรมผิดแบบในภายหลัง,draft,
1776,CityOperations/op_abduction_investigation_name,Investigation of Kidnappings,สืบสวนการลักพาตัว,draft,
1777,CityOperations/op_abduction_investigation_descr,"Send a team to investigate archival criminal cases of kidnappings the circumstances of which may indicate the involvement of ""visitors"".","ส่งทีมไปสืบสวนคดีอาญาเก่าเกี่ยวกับการลักพาตัว ซึ่งพฤติการณ์อาจบ่งชี้ว่า ""ผู้มาเยือน"" มีส่วนเกี่ยวข้อง",draft,
1778,CityOperations/op_observer_protocol_name,"The ""Beholder"" Protocol","พิธีสาร ""ผู้เฝ้ามอง""",draft,
1779,CityOperations/op_observer_protocol_descr,"Send a psyops team to train sleeper agents for surveillance and early warning. Agents will be selected through a ""blind"" lottery.","ส่งทีมปฏิบัติการจิตวิทยาไปฝึกสายลับหลับใหลสำหรับเฝ้าระวังและแจ้งเตือนล่วงหน้า โดยคัดเลือกเจ้าหน้าที่ผ่านการจับสลากแบบ ""ปิดตา""",draft,
1780,CityOperations/op_gray_slime_trials_name,Gray Goo Field Testing,ทดสอบเมือกเทาภาคสนาม,draft,
1781,CityOperations/op_gray_slime_trials_descr,"Send an engineering team to conduct ferrosludge testing in urban conditions. In the event of an emergency, cordon off the area, citing a gas leak from the main line.",ส่งทีมวิศวกรรมไปทดสอบเฟอร์โรสลัดจ์ในสภาพแวดล้อมเมือง หากเกิดเหตุฉุกเฉิน ให้ปิดล้อมพื้นที่โดยอ้างว่าเกิดก๊าซรั่วจากท่อหลัก,draft,
1782,CityOperations/op_steel_patrol_name,Steel Units Out On Patrol,หน่วยเหล็กออกลาดตระเวน,draft,
1783,CityOperations/op_steel_patrol_descr,Send an experimental squad of cybernetic combat units to patrol the city areas with the highest crime rates. The team should be monitored using a reconnaissance UAV.,ส่งหมวดทดลองของหน่วยรบไซเบอร์เนติกไปลาดตระเวนพื้นที่เมืองที่มีอัตราอาชญากรรมสูงสุด และเฝ้าติดตามทีมด้วยอากาศยานไร้คนขับลาดตระเวน,draft,
1784,CityOperations/op_cyberbrood_deployment_name,Planting Cyber-Insectoid Eggs,วางไข่แมลงไซเบอร์,draft,
1785,CityOperations/op_cyberbrood_deployment_descr,Send a Kappa team from the Experimental-Biophysics Department to deposit clutches of cyber-insectoid genetically modified organisms in the most favorable parts of the city.,ส่งทีม Kappa จากแผนกชีวฟิสิกส์ทดลองไปวางกลุ่มไข่ของสิ่งมีชีวิตดัดแปลงพันธุกรรมประเภทแมลงไซเบอร์ในพื้นที่เมืองที่เหมาะสมที่สุด,draft,
1786,CityOperations/op_ferrosludge_generators_name,Activating Ferrosludge Generators,เปิดเครื่องกำเนิดเฟอร์โรสลัดจ์,draft,
1787,CityOperations/op_ferrosludge_generators_descr,"Send an engineering team to assemble and launch experimental ferrosludge generators in sparsely populated areas of the city, and also establish a 24-hour duty of sappers and medics in case of generator failure.",ส่งทีมวิศวกรรมไปประกอบและเปิดเครื่องกำเนิดเฟอร์โรสลัดจ์ทดลองในพื้นที่ประชากรเบาบางของเมือง พร้อมจัดเวรเจ้าหน้าที่เก็บกู้วัตถุระเบิดและแพทย์ตลอด 24 ชั่วโมง เผื่อเครื่องกำเนิดขัดข้อง,draft,
1788,CityOperations/op_steel_fire_positions_name,Steel Units' Battle Positions,ที่มั่นรบของหน่วยเหล็ก,draft,
1789,CityOperations/op_steel_fire_positions_descr,"Send an engineering team to create long-term battle positions, taking into account the specifics of cybernetic combat units.",ส่งทีมวิศวกรรมไปสร้างที่มั่นรบระยะยาวโดยคำนึงถึงลักษณะเฉพาะของหน่วยรบไซเบอร์เนติก,draft,
1790,CityOperations/op_cyberbrood_activation_name,Activating Cyber-Insectoids,กระตุ้นแมลงไซเบอร์,draft,
1791,CityOperations/op_cyberbrood_activation_descr,Send small ground-based drones to spray a growth activator near the nests of cyber-insectoid genetically modified organisms.,ส่งโดรนภาคพื้นขนาดเล็กไปพ่นสารเร่งการเจริญเติบโตใกล้รังของสิ่งมีชีวิตดัดแปลงพันธุกรรมประเภทแมลงไซเบอร์,draft,
1792,CityOperations/op_thundercloud_aa_name,"Deploying the ""Thundercloud"" Air-Defense System","ติดตั้งระบบป้องกันภัยทางอากาศ ""Thundercloud""",draft,
1793,CityOperations/op_thundercloud_aa_descr,"Send an engineering team and a group of specialists to deploy and put on combat alert the ""Thundercloud"" ferrosludge air-defense system.","ส่งทีมวิศวกรรมและกลุ่มผู้เชี่ยวชาญไปติดตั้งระบบป้องกันภัยทางอากาศเฟอร์โรสลัดจ์ ""Thundercloud"" และเตรียมพร้อมรบ",draft,
1794,CityOperations/op_steel_wall_name,"Forming ""Steel Wall"" Air-Defense Units","จัดตั้งหน่วยป้องกันภัยทางอากาศ ""Steel Wall""",draft,
1795,CityOperations/op_steel_wall_descr,"Send an engineering team to deploy cybernetic combat units of the ""Steel Wall"" specialized air-defense system and put them on alert within battle positions.","ส่งทีมวิศวกรรมไปติดตั้งหน่วยรบไซเบอร์เนติกของระบบป้องกันภัยทางอากาศเฉพาะทาง ""Steel Wall"" และเตรียมพร้อมภายในที่มั่นรบ",draft,
1796,CityOperations/op_nest_defense_name,"Activating the ""Nest Defense"" Pattern","เปิดรูปแบบ ""ป้องกันรัง""",draft,
1797,CityOperations/op_nest_defense_descr,Use chemical sprayers to activate the psycho-behavioral pattern of active defense in cyber-insectoid genetically modified organisms.,ใช้เครื่องพ่นสารเคมีกระตุ้นรูปแบบพฤติกรรมทางจิตของการป้องกันเชิงรุกในสิ่งมีชีวิตดัดแปลงพันธุกรรมประเภทแมลงไซเบอร์,draft,
1798,CityOperations/op_fall_of_heavens_name,Operation Skyfall,ปฏิบัติการฟ้าถล่ม,draft,
1799,CityOperations/op_fall_of_heavens_descr,"Launch an extended series of salvoes at the unmasked ""visitor"" targets from all active ferrosludge installations of the ""Thundercloud"" air-defense system.","ยิงระดมเป็นชุดต่อเนื่องใส่เป้าหมาย ""ผู้มาเยือน"" ที่ถูกเปิดเผยตำแหน่ง ด้วยระบบเฟอร์โรสลัดจ์ที่ยังทำงานทั้งหมดของระบบป้องกันภัยทางอากาศ ""Thundercloud""",draft,
1800,CityOperations/op_iron_resolve_name,Operation Iron Resolve,ปฏิบัติการปณิธานเหล็ก,draft,
1801,CityOperations/op_iron_resolve_descr,"Relay an order to launch a large-scale attack on the unmasked ""visitor"" targets through the communication networks of cybernetic combat units until the ""visitors"" are completely destroyed.","ส่งคำสั่งผ่านเครือข่ายสื่อสารของหน่วยรบไซเบอร์เนติกให้เปิดการโจมตีขนาดใหญ่ใส่เป้าหมาย ""ผู้มาเยือน"" ที่ถูกเปิดเผยตำแหน่ง จนกว่า ""ผู้มาเยือน"" จะถูกทำลายทั้งหมด",draft,
1802,CityOperations/op_total_extermination_name,"Activating the ""Total Extermination"" Pattern","เปิดรูปแบบ ""กำจัดสิ้นซาก""",draft,
1803,CityOperations/op_total_extermination_descr,"Spray the ""Circe M"" formulation, which provokes a psycho-behavioral pattern of aggression in cyber-insectoid genetically modified organisms towards unmasked ""visitor"" targets.","พ่นสารสูตร ""Circe M"" ซึ่งกระตุ้นรูปแบบพฤติกรรมทางจิตให้สิ่งมีชีวิตดัดแปลงพันธุกรรมประเภทแมลงไซเบอร์ก้าวร้าวต่อเป้าหมาย ""ผู้มาเยือน"" ที่ถูกเปิดเผยตำแหน่ง",draft,
1804,CityOperations/op_soil_sampling_name,Collecting Soil Samples,เก็บตัวอย่างดิน,draft,
1805,CityOperations/op_soil_sampling_descr,Send a research team to collect soil samples in various parts of the city for subsequent study of their chemical and microbiological composition.,ส่งทีมวิจัยไปเก็บตัวอย่างดินตามพื้นที่ต่าง ๆ ของเมือง เพื่อศึกษาส่วนประกอบทางเคมีและจุลชีววิทยาในภายหลัง,draft,
1806,CityOperations/op_microflora_study_name,Studying Urban Microflora,ศึกษาจุลชีพในเมือง,draft,
1807,CityOperations/op_microflora_study_descr,Send a scientific team to study the microbiological composition of soil in various parts of the city. Pay particular attention to areas of Tardifuma activity.,ส่งทีมวิทยาศาสตร์ไปศึกษาส่วนประกอบทางจุลชีววิทยาของดินตามพื้นที่ต่าง ๆ ของเมือง ให้ความสำคัญเป็นพิเศษกับบริเวณที่ Tardifuma เคลื่อนไหว,draft,
1808,CityOperations/op_root_mapping_name,"Mapping the ""Shoots"" of Tardifuma","ทำแผนที่ ""หน่อ"" ของ Tardifuma",draft,
1809,CityOperations/op_root_mapping_descr,"Map all significant underground shoots of Tardifuma using ultrasound. Pay particular attention to large ""branches"" and nodules of any nature.","ใช้อัลตราซาวนด์ทำแผนที่หน่อใต้ดินที่สำคัญทั้งหมดของ Tardifuma ให้ความสำคัญเป็นพิเศษกับ ""กิ่ง"" ขนาดใหญ่และปมทุกชนิด",draft,
1810,CityOperations/op_sewer_chemical_injection_name,Pumping Chemicals Into the Sewers,สูบสารเคมีลงท่อระบายน้ำ,draft,
1811,CityOperations/op_sewer_chemical_injection_descr,"Send tanker trucks with the ""Blue 9"" formulation to various areas of the city and pump it into the city sewer system.","ส่งรถบรรทุกสารสูตร ""Blue 9"" ไปยังพื้นที่ต่าง ๆ ของเมืองและสูบสารเข้าสู่ระบบท่อระบายน้ำของเมือง",draft,
1812,CityOperations/op_burner_squads_name,Deploying Burner Squads,ส่งหมวดเผาทำลาย,draft,
1813,CityOperations/op_burner_squads_descr,Send teams with portable flamethrowers to eliminate the densest clusters of Tardifuma shoots.,ส่งทีมพร้อมเครื่องพ่นไฟพกพาไปกำจัดกลุ่มหน่อ Tardifuma ที่หนาแน่นที่สุด,draft,
1814,CityOperations/op_devil_mushroom_trials_name,"Testing ""Devil Mushrooms""","ทดสอบ ""เห็ดปีศาจ""",draft,
1815,CityOperations/op_devil_mushroom_trials_descr,"Send a team of mycologists to conduct experiments in order to determine Devil Mushrooms' effect on Tardifuma. In case of a significant reaction, deploy teams with flamethrowers.",ส่งทีมนักวิทยาเห็ดไปทดลองเพื่อหาผลของเห็ดปีศาจที่มีต่อ Tardifuma หากเกิดปฏิกิริยารุนแรง ให้ส่งทีมพร้อมเครื่องพ่นไฟ,draft,
1816,CityOperations/op_crystal_research_name,Researching the Effects of Crystals,วิจัยผลของผลึก,draft,
1817,CityOperations/op_crystal_research_descr,"Send a team from Department 10 to conduct a limited experiment to activate glycosynthium crystals. In the event of any emergency, activate the agent elimination protocol.",ส่งทีมจากแผนก 10 ไปทดลองเปิดใช้งานผลึกไกลโคซินเธียมแบบจำกัด หากเกิดเหตุฉุกเฉินใด ๆ ให้เปิดพิธีสารกำจัดเจ้าหน้าที่,draft,
1818,CityOperations/op_crystal_machine_trials_name,"Testing the ""Crystal Machine""","ทดสอบ ""เครื่องผลึก""",draft,
1819,CityOperations/op_crystal_machine_trials_descr,"Assemble and launch an experimental computing machine powered by subpositron crystals. Given the need for a psi field of a certain density, a city area with a sufficient population must be selected for the launch.",ประกอบและเปิดเครื่องคำนวณทดลองที่ใช้พลังงานจากผลึกซับโพซิตรอน เนื่องจากต้องใช้สนามไซที่มีความหนาแน่นระดับหนึ่ง จึงต้องเลือกพื้นที่เมืองที่มีประชากรเพียงพอสำหรับการเปิดเครื่อง,draft,
1820,CityOperations/op_spore_dispersal_name,"Spreading ""Devil Mushroom"" Spores","แพร่สปอร์ ""เห็ดปีศาจ""",draft,
1821,CityOperations/op_spore_dispersal_descr,"Conduct a controlled spraying of Devil Mushroom spores, taking into account the current humidity, lighting and wind conditions, to achieve their maximum distribution in Tardifuma-populated locations.",ควบคุมการพ่นสปอร์เห็ดปีศาจโดยคำนึงถึงความชื้น แสง และสภาพลมปัจจุบัน เพื่อให้แพร่กระจายสูงสุดในบริเวณที่มี Tardifuma อาศัยอยู่,draft,
1822,CityOperations/op_crystal_activation_name,Activating Crystalline Structures,เปิดใช้งานโครงสร้างผลึก,draft,
1823,CityOperations/op_crystal_activation_descr,Perform a special sequence of actions to activate large-scale glycosynthium crystals and form quasi-thinking objects of the Gingerbread Golem type.,ดำเนินขั้นตอนพิเศษตามลำดับเพื่อเปิดใช้งานผลึกไกลโคซินเธียมขนาดใหญ่ และสร้างวัตถุกึ่งมีความคิดประเภทโกเลมขนมปังขิง,draft,
1824,CityOperations/op_magic_machine_name,Magic Machine Launch,เปิดเครื่องจักรเวทมนตร์,draft,
1825,CityOperations/op_magic_machine_descr,Conduct a full launch of an experimental computing machine powered by subpositron crystals. Set the target action to be the complete or partial destruction of Tardifuma shoots within the city limits and record the calculation results.,เปิดเครื่องคำนวณทดลองที่ใช้พลังงานจากผลึกซับโพซิตรอนเต็มรูปแบบ กำหนดการทำลายหน่อ Tardifuma ภายในเขตเมืองทั้งหมดหรือบางส่วนเป็นการกระทำเป้าหมาย และบันทึกผลการคำนวณ,draft,
1826,CityOperations/op_mycotization_protocol_name,Mycotization Protocol,พิธีสารไมโคไทเซชัน,draft,
1827,CityOperations/op_mycotization_protocol_descr,Conduct a series of sequential sprayings of Devil Mushroom spores and ensure the most favorable climate for their growth using the necessary measures.,พ่นสปอร์เห็ดปีศาจต่อเนื่องหลายรอบตามลำดับ และใช้มาตรการที่จำเป็นเพื่อสร้างสภาพอากาศซึ่งเหมาะสมต่อการเจริญเติบโตมากที่สุด,draft,
1828,CityOperations/op_crystal_ritual_name,"Conducting the ""Crystal Ritual""","ประกอบ ""พิธีกรรมผลึก""",draft,
1829,CityOperations/op_crystal_ritual_descr,Initiate large-scale operations to activate glycosynthium crystals and subsequently create oversized quasi-thinking objects of the Gingerbread Golem type tasked to exterminate Tardifuma.,เริ่มปฏิบัติการขนาดใหญ่เพื่อเปิดใช้งานผลึกไกลโคซินเธียม แล้วสร้างวัตถุกึ่งมีความคิดขนาดยักษ์ประเภทโกเลมขนมปังขิง ซึ่งได้รับภารกิจกำจัด Tardifuma,draft,
1830,CityOperations/op_scourge_root_search_name,"Activating the Search for the ""Roots of Corruption""","เริ่มค้นหา ""รากแห่งความเสื่อมทราม""",draft,
1831,CityOperations/op_scourge_root_search_descr,Set the subpositron machine the task of detecting and eliminating all shoots and parts of Tardifuma and ensure the implementation of the solution calculated by the machine.,มอบหมายให้เครื่องซับโพซิตรอนตรวจหาและกำจัดหน่อกับส่วนประกอบทั้งหมดของ Tardifuma และดำเนินวิธีแก้ไขที่เครื่องคำนวณไว้,draft,
1832,CityOperations/op_mushroom_rain_name,Operation Mushroom Rain,ปฏิบัติการฝนเห็ด,draft,
1833,CityOperations/op_mushroom_rain_descr,Reconfigure hidden Cesium 12K climate-control systems to create the most favorable conditions for the growth and development of Devil Mushrooms with the goal of subsequently destroying Tardifuma during their life cycle. The negative impact on the health of residents is considered reasonable.,ปรับระบบควบคุมสภาพอากาศ Cesium 12K ที่ซ่อนไว้ เพื่อสร้างสภาวะเหมาะสมสูงสุดต่อการเติบโตและพัฒนาของเห็ดปีศาจ โดยมีเป้าหมายให้ทำลาย Tardifuma ระหว่างวงจรชีวิตในภายหลัง ผลกระทบด้านลบต่อสุขภาพประชาชนถือว่าสมเหตุสมผล,draft,
1834,CityOperations/op_sweet_revenge_name,Operation Sweet Revenge,ปฏิบัติการเอาคืนแสนหวาน,draft,
1835,CityOperations/op_sweet_revenge_descr,"Initiate the program codenamed ""Summon Gozer the Sweetener"", the purpose of which is to form an ultimate quasi-thinking Gingerbread Golem capable of destroying Tardifuma once and for all.","เริ่มโครงการรหัส ""อัญเชิญโกเซอร์ผู้ให้ความหวาน"" ซึ่งมีจุดประสงค์เพื่อสร้างโกเลมขนมปังขิงกึ่งมีความคิดขั้นสูงสุดที่สามารถทำลาย Tardifuma ได้อย่างถาวร",draft,
1836,CityOperations/op_fairy_summoning_name,Operation Summon the Fairies,ปฏิบัติการอัญเชิญภูต,draft,
1837,CityOperations/op_fairy_summoning_descr,"Devote all available material and human resources to implementing the Tardifuma-elimination plan, as calculated by the subpositron machine. Any costs and casualties are deemed acceptable.",ทุ่มทรัพยากรวัตถุและกำลังคนทั้งหมดที่มีเพื่อดำเนินแผนกำจัด Tardifuma ตามที่เครื่องซับโพซิตรอนคำนวณไว้ ค่าใช้จ่ายและความสูญเสียทุกระดับถือว่ายอมรับได้,draft,
1838,CityOperations/op_zombie_case_reports_name,Gathering Zombification-Case Data,รวบรวมข้อมูลกรณีกลายเป็นซอมบี,draft,
1839,CityOperations/op_zombie_case_reports_descr,"Send a research team to collect data and samples on the occurrence of symptoms of ""fungus zombus"" in residents.","ส่งทีมวิจัยไปเก็บข้อมูลและตัวอย่างกรณีประชาชนแสดงอาการของ ""fungus zombus""",draft,
1840,CityOperations/op_containment_squads_name,Deploying Containment Units,ส่งหน่วยควบคุมการระบาด,draft,
1841,CityOperations/op_containment_squads_descr,"Send armed forces to suppress registered outbreaks of ""fungus zombus"". Any use of physical force is considered permissible.","ส่งกองกำลังติดอาวุธไปปราบปรามจุดระบาดของ ""fungus zombus"" ที่ลงทะเบียนไว้ อนุญาตให้ใช้กำลังทางกายภาพได้ทุกระดับ",draft,
1842,CityOperations/op_crowd_control_name,Deploying Crowd-Control Units,ส่งหน่วยควบคุมฝูงชน,draft,
1843,CityOperations/op_crowd_control_descr,"Send reinforced combat teams to areas of mass ""fungus zombus"" outbreaks to contain the spread of the disease. Any measures, including the physical elimination of carriers, are considered permissible.","ส่งทีมรบเสริมกำลังไปยังพื้นที่ซึ่ง ""fungus zombus"" ระบาดเป็นวงกว้าง เพื่อควบคุมการแพร่โรค อนุญาตให้ใช้ทุกมาตรการ รวมถึงการกำจัดพาหะทางกายภาพ",draft,
1844,CityOperations/op_barricades_and_traps_name,Barricading and Setting Traps,สร้างสิ่งกีดขวางและวางกับดัก,draft,
1845,CityOperations/op_barricades_and_traps_descr,"Determine locations for installing barricades capable of holding back crowds of ""fungus zombus"" carriers, and dispatch engineering teams to erect them.","กำหนดตำแหน่งติดตั้งสิ่งกีดขวางที่สามารถต้านฝูงพาหะ ""fungus zombus"" และส่งทีมวิศวกรรมไปก่อสร้าง",draft,
1846,CityOperations/op_fortified_positions_name,Setting Up Fortified Positions,จัดตั้งที่มั่นเสริมกำลัง,draft,
1847,CityOperations/op_fortified_positions_descr,"Send engineering teams to form long-term fortified positions based on existing barricades and obstacles to prevent containment breaches by ""fungus zombus"" carriers.","ส่งทีมวิศวกรรมไปสร้างที่มั่นเสริมกำลังระยะยาวจากสิ่งกีดขวางและเครื่องกีดขวางที่มีอยู่ เพื่อป้องกันพาหะ ""fungus zombus"" ฝ่าแนวควบคุม",draft,
1848,CityOperations/op_carrion_brood_spread_name,Distributing Corpse-Eater Cocoons,กระจายรังไหมตัวกินซาก,draft,
1849,CityOperations/op_carrion_brood_spread_descr,"Drop corpse-eater cocoons in areas with high levels of ""fungus zombus"" spread. Establish 24-hour surveillance of the dropped cocoons using reconnaissance UAVs.","ทิ้งรังไหมตัวกินซากในพื้นที่ซึ่ง ""fungus zombus"" แพร่ระบาดระดับสูง จัดการเฝ้าระวังรังไหมที่ทิ้งไว้ตลอด 24 ชั่วโมงด้วยอากาศยานไร้คนขับลาดตระเวน",draft,
1850,CityOperations/op_anti_zombie_chip_trials_name,Testing Anti-Zombification Microchips,ทดสอบไมโครชิปต้านการกลายเป็นซอมบี,draft,
1851,CityOperations/op_anti_zombie_chip_trials_descr,"Conduct experimental implantation and activation of Flemming 17 microchips in volunteers. If implantation is successful, conduct the necessary tests.",ทดลองฝังและเปิดใช้งานไมโครชิป Flemming 17 ในอาสาสมัคร หากฝังสำเร็จ ให้ดำเนินการทดสอบที่จำเป็น,draft,
1852,CityOperations/op_emergency_implantation_name,Emergency Implantation Measures,มาตรการฝังอุปกรณ์ฉุกเฉิน,draft,
1853,CityOperations/op_emergency_implantation_descr,"Conduct forced implanting procedures of the ""conditionally safe"" category and above on quarantined individuals from the high-risk group.","บังคับดำเนินกระบวนการฝังอุปกรณ์ระดับ ""ปลอดภัยแบบมีเงื่อนไข"" ขึ้นไปแก่ผู้ถูกกักกันในกลุ่มความเสี่ยงสูง",draft,
1854,CityOperations/op_brood_growth_accelerators_name,Corpse-Eater Growth Accelerators,เร่งการเติบโตของตัวกินซาก,draft,
1855,CityOperations/op_brood_growth_accelerators_descr,Perform remote stimulation of corpse-eater cocoons using directed radio-frequency emissions.,กระตุ้นรังไหมตัวกินซากจากระยะไกลด้วยการแผ่คลื่นความถี่วิทยุแบบกำหนดทิศทาง,draft,
1856,CityOperations/op_forced_chip_implantation_name,Forced Anti-Zombification Microchipping,บังคับฝังไมโครชิปต้านซอมบี,draft,
1857,CityOperations/op_forced_chip_implantation_descr,Conduct forced implantation of Flemming 17 microchips on the high-risk group as well as any volunteers.,บังคับฝังไมโครชิป Flemming 17 แก่กลุ่มความเสี่ยงสูงและอาสาสมัครทุกคน,draft,
1858,CityOperations/op_mass_implant_deployment_name,Mass Use of Defensive Implants,ใช้อุปกรณ์ฝังป้องกันในวงกว้าง,draft,
1859,CityOperations/op_mass_implant_deployment_descr,"Conduct forced implanting procedures of the ""conditionally safe"" category and above on quarantined individuals, as well as all those who have been in contact with them during the previous month.","บังคับดำเนินกระบวนการฝังอุปกรณ์ระดับ ""ปลอดภัยแบบมีเงื่อนไข"" ขึ้นไปแก่ผู้ถูกกักกัน รวมถึงทุกคนที่สัมผัสใกล้ชิดกับบุคคลเหล่านั้นในช่วงหนึ่งเดือนที่ผ่านมา",draft,
1860,CityOperations/op_brood_hatching_name,Inducing Corpse-Eaters,กระตุ้นตัวกินซากให้ฟัก,draft,
1861,CityOperations/op_brood_hatching_descr,Stimulate accelerated growth and hatching of the corpse-eater using the Hibiscus 9 formulation and directed radio-frequency emissions.,กระตุ้นการเติบโตและการฟักแบบเร่งของตัวกินซากด้วยสารสูตร Hibiscus 9 และการแผ่คลื่นความถี่วิทยุแบบกำหนดทิศทาง,draft,
1862,CityOperations/op_defense_relay_network_name,Installing Defense-Network Repeaters,ติดตั้งสถานีทวนสัญญาณเครือข่ายป้องกัน,draft,
1863,CityOperations/op_defense_relay_network_descr,Send engineering teams to expedite the assembly and launch of the broadcast network for coordinating Flemming 17 series microchips.,ส่งทีมวิศวกรรมไปเร่งประกอบและเปิดเครือข่ายกระจายสัญญาณสำหรับประสานงานไมโครชิปรุ่น Flemming 17,draft,
1864,CityOperations/op_forced_implants_name,Forced Installation of Defensive Implants,บังคับติดตั้งอุปกรณ์ฝังป้องกัน,draft,
1865,CityOperations/op_forced_implants_descr,"Conduct forced procedures to replace the ""fungus zombus"" patients' organs with implants in the affected areas of the city. In the event of resistance, the decision to isolate or eliminate the subject should be made by the senior officer present.","บังคับผ่าตัดเปลี่ยนอวัยวะของผู้ป่วย ""fungus zombus"" เป็นอุปกรณ์ฝังในพื้นที่เมืองที่ได้รับผลกระทบ หากมีการต่อต้าน ให้เจ้าหน้าที่อาวุโสในที่เกิดเหตุตัดสินใจว่าจะกักกันหรือกำจัดบุคคลนั้น",draft,
1866,CityOperations/op_swedish_table_name,Operation Buffet,ปฏิบัติการบุฟเฟต์,draft,
1867,CityOperations/op_swedish_table_descr,"Conduct an additional drop of mutated corpse-eater cocoons, followed by their activation and forced hatching in all areas affected by ""fungus zombus"".","ทิ้งรังไหมตัวกินซากกลายพันธุ์เพิ่มเติม จากนั้นเปิดใช้งานและบังคับให้ฟักในทุกพื้นที่ที่ได้รับผลกระทบจาก ""fungus zombus""",draft,
1868,CityOperations/op_cyberlazar_protocol_name,"Distributing the ""Cyber ​​Lazarus"" Protocol","เผยแพร่พิธีสาร ""Cyber Lazarus""",draft,
1869,CityOperations/op_cyberlazar_protocol_descr,"Initiate the distribution of the ""Cyber Lazarus"" protocol over the internal secure communication network of Flemming 17 series microchips under the guise of a standard firmware update.","เริ่มเผยแพร่พิธีสาร ""Cyber Lazarus"" ผ่านเครือข่ายสื่อสารปลอดภัยภายในของไมโครชิปรุ่น Flemming 17 โดยปลอมเป็นการอัปเดตเฟิร์มแวร์มาตรฐาน",draft,
1870,CityOperations/op_iron_woodcutter_name,Operation Tin Man,ปฏิบัติการมนุษย์ดีบุก,draft,
1871,CityOperations/op_iron_woodcutter_descr,Perform implantation surgeries on proven and potential target organs in the entire city population. Any resistance is to be considered a threat to public safety.,ผ่าตัดฝังอุปกรณ์ในอวัยวะเป้าหมายทั้งที่ยืนยันแล้วและที่อาจเป็นเป้าหมายของประชากรทั้งเมือง ให้ถือว่าการต่อต้านทุกกรณีเป็นภัยต่อความปลอดภัยสาธารณะ,draft,
1872,CityOperations/AlienInvasion2,Extraterrestrial Technologies 2,เทคโนโลยีต่างดาว 2,draft,
1873,CityOperations/CultActivity2,Parasite 2,ปรสิต 2,draft,
1874,CityOperations/Zombies2,Fungus 2,เชื้อรา 2,draft,
1875,CityOperations/GrayGoo,Gray Goo,เมือกเทา,draft,
1876,CityOperations/Cyberman,Cybermen,ไซเบอร์เมน,draft,
1877,CityOperations/Replicators,Reptiloids,เรปทิลอยด์,draft,
1878,CityOperations/HellMushroom,Hellish Mushrooms,เห็ดนรก,draft,
1879,CityOperations/MagickCrystal,Magic Crystals,ผลึกเวทมนตร์,draft,
1880,CityOperations/TechnoMagick,Technomancy,เทคโนแมนซี,draft,
1881,CityOperations/Sarancha,Locusts,ฝูงตั๊กแตน,draft,
1882,CityOperations/Chips,Microchipping,การฝังไมโครชิป,draft,
1883,CityOperations/PostApoc,Post-Apocalypse,หลังวันสิ้นโลก,draft,
1884,CityOperations/TechnoSymbios,Technosymbiosis,เทคโนซิมไบโอซิส,draft,
1885,CityOperations/Skynet,Skynet,Skynet,draft,
1886,CityOperations/Mechanoids,Mechanoids,เมคานอยด์,draft,
1887,CityOperations/SatanaMushroom,Satanic Mushrooms,เห็ดซาตาน,draft,
1888,CityOperations/Goser,Gozer,โกเซอร์,draft,
1889,CityOperations/Transform,Transform,แปรสภาพ,draft,
1890,CityOperations/Insectoids,Insectoids,อินเซ็กทอยด์,draft,
1891,CityOperations/Hack,Hack,แฮ็ก,draft,
1892,CityOperations/PostApoc2,Post-Apocalypse 2,หลังวันสิ้นโลก 2,draft,
1893,CityOperations/DeusExMachine,Deus Ex Machina,Deus Ex Machina,draft,
1894,Правила /Для Китайского и Корейского фонетическая транслитерация иероглифами.,,,untranslated,
1895,Правила /Для Японского транслитерация катаканой,,,untranslated,
1896,"Правила /Если в названии есть общипринятые термины типа Восточная, Западная, Европа, Америка и тд - Неоригинальную часть переводить, остальную транслитерировать с легкой шлифовкой по необходимости.",,,untranslated,
1897,UI/GameOverTip_AlienInvasion2,The visitors seized control of the city and launched a full-scale invasion. (Regular operations in the city could have helped prevent this.),เหล่าผู้มาเยือนยึดครองเมืองและเปิดฉากรุกรานเต็มรูปแบบ (ปฏิบัติการในเมืองเป็นประจำอาจช่วยป้องกันเหตุการณ์นี้ได้),draft,
1898,UI/GameOverTip_TechnoSymbios,Ferrosludge augmentations have gone out of control and consumed the entire city. (Regular operations in the city could have helped prevent this.),การเสริมสภาพด้วยเฟอร์โรสลัดจ์หลุดจากการควบคุมและกลืนกินทั้งเมือง (ปฏิบัติการในเมืองเป็นประจำอาจช่วยป้องกันเหตุการณ์นี้ได้),draft,
1899,UI/GameOverTip_Skynet,All digital augmentations and equipment have come under the control of AM0N. Humanity is enslaved. (Regular operations in the city could have helped prevent this.),อุปกรณ์และการเสริมสภาพดิจิทัลทั้งหมดตกอยู่ใต้การควบคุมของ AM0N มนุษยชาติถูกกดเป็นทาส (ปฏิบัติการในเมืองเป็นประจำอาจช่วยป้องกันเหตุการณ์นี้ได้),draft,
1900,UI/GameOverTip_Mechanoids,Mechanoid life spread and began to displace organic life. (Regular operations in the city could have helped prevent this.),สิ่งมีชีวิตจักรกลแพร่กระจายและเริ่มเบียดขับสิ่งมีชีวิตอินทรีย์ (ปฏิบัติการในเมืองเป็นประจำอาจช่วยป้องกันเหตุการณ์นี้ได้),draft,
1901,UI/GameOverTip_Zombies2,Fungus zombus has gone out of control and the city is overrun with walking corpses. (Regular operations in the city could have helped prevent this.),เชื้อรา Fungus zombus หลุดจากการควบคุม และเมืองเต็มไปด้วยศพเดินได้ (ปฏิบัติการในเมืองเป็นประจำอาจช่วยป้องกันเหตุการณ์นี้ได้),draft,
1902,UI/GameOverTip_Insectoids,An insectoid branch of evolution has taken over the city and begun to actively displace humanity. (Regular operations in the city could have helped prevent this.),สายวิวัฒนาการของเผ่าแมลงยึดครองเมืองและเริ่มเบียดขับมนุษยชาติอย่างจริงจัง (ปฏิบัติการในเมืองเป็นประจำอาจช่วยป้องกันเหตุการณ์นี้ได้),draft,
1903,UI/GameOverTip_Hack,A hacker group gained complete control over the web and infiltrated the government. (Regular operations in the city could have helped prevent this.),กลุ่มแฮ็กเกอร์ยึดครองเครือข่ายทั้งหมดและแทรกซึมเข้าสู่รัฐบาล (ปฏิบัติการในเมืองเป็นประจำอาจช่วยป้องกันเหตุการณ์นี้ได้),draft,
1904,UI/GameOverTip_PostApoc2,"An augmentation frenzy struck the city, leading to anarchy. (Regular operations in the city could have helped prevent this.)",กระแสคลั่งการเสริมสภาพครอบงำเมืองและนำไปสู่ภาวะอนาธิปไตย (ปฏิบัติการในเมืองเป็นประจำอาจช่วยป้องกันเหตุการณ์นี้ได้),draft,
1905,UI/GameOverTip_CultActivity2,The cultists have completed the summoning and are actively destroying humanity. (Regular operations in the city could have helped prevent this.),กลุ่มลัทธิประกอบพิธีอัญเชิญสำเร็จและกำลังทำลายมนุษยชาติ (ปฏิบัติการในเมืองเป็นประจำอาจช่วยป้องกันเหตุการณ์นี้ได้),draft,
1906,UI/GameOverTip_SatanaMushroom,Mushroom-worshippers have summoned hellspawn. (Regular operations in the city could have helped prevent this.),เหล่าสาวกผู้บูชาเห็ดอัญเชิญอสูรจากนรกสำเร็จ (ปฏิบัติการในเมืองเป็นประจำอาจช่วยป้องกันเหตุการณ์นี้ได้),draft,
1907,UI/GameOverTip_Goser,We completely lost control over the fairytale creatures. (Regular operations in the city could have helped prevent this.),เราสูญเสียการควบคุมเหล่าสิ่งมีชีวิตจากเทพนิยายโดยสิ้นเชิง (ปฏิบัติการในเมืองเป็นประจำอาจช่วยป้องกันเหตุการณ์นี้ได้),draft,
1908,UI/GameOverTip_Transform,The technomancers have completed the transformation of the city into their weapon. (Regular operations in the city could have helped prevent this.),เหล่านักเวทเทคโนโลยีเปลี่ยนเมืองให้กลายเป็นอาวุธของพวกเขาสำเร็จ (ปฏิบัติการในเมืองเป็นประจำอาจช่วยป้องกันเหตุการณ์นี้ได้),draft,
1909,Правила /Для Китайского и Корейского фонетическая транслитерация иероглифами.,,,untranslated,
1910,Правила /Для Японского транслитерация катаканой,,,untranslated,
1911,"Правила /Если в названии есть общипринятые термины типа Восточная, Западная, Европа, Америка и тд - Неоригинальную часть переводить, остальную транслитерировать с легкой шлифовкой по необходимости.",,,untranslated,
1912,Instructions/,#N/A,,excluded,[excluded] ค่าต้นฉบับ #N/A ไม่ใช่ข้อความสำหรับแปล
1913,Shop/TGLS_Bobblehead,A cute red panda figurine from the last gas station in a faraway suburb. It'll brighten up the daily grind and help you calm your mind a bit.,ตุ๊กตาแพนด้าแดงน่ารักจากปั๊มน้ำมันแห่งสุดท้ายในชานเมืองอันห่างไกล ช่วยเพิ่มสีสันให้กิจวัตรประจำวันและทำให้จิตใจสงบขึ้นเล็กน้อย,draft,
1914,Shop/TLGS_Bobblehead_Title,Red Panda Figurine,ตุ๊กตาแพนด้าแดง,draft,
1915,Правила /Для Китайского и Корейского фонетическая транслитерация иероглифами.,,,untranslated,
1916,Правила /Для Японского транслитерация катаканой,,,untranslated,
1917,"Правила /Если в названии есть общипринятые термины типа Восточная, Западная, Европа, Америка и тд - Неоригинальную часть переводить, остальную транслитерировать с легкой шлифовкой по необходимости.",,,untranslated,
1918,Правила /Для Китайского и Корейского фонетическая транслитерация иероглифами.,,,untranslated,
1919,Правила /Для Японского транслитерация катаканой,,,untranslated,
1920,"Правила /Если в названии есть общипринятые термины типа Восточная, Западная, Европа, Америка и тд - Неоригинальную часть переводить, остальную транслитерировать с легкой шлифовкой по необходимости.",,,untranslated,
1921,Doc_Loc/Siniy_Kvadrat_Name,Quadratum Caeruleum,Quadratum Caeruleum,draft,
1922,Doc_Loc/Fioletoviy_kvadrat_Name,Quadratum Purpureum,Quadratum Purpureum,draft,
1923,Doc_Loc/Seraya_sliz_Name,Sphaera Ferromorpha,Sphaera Ferromorpha,draft,
1924,Doc_Loc/Simbiont_Name,Symbion Oculus,Symbion Oculus,draft,
1925,Doc_Loc/Simb-otrostok_Name,Tentaculum Infectans,Tentaculum Infectans,draft,
1926,Doc_Loc/Kiber-erit_Name,Erythrocytus Cyberneticus,Erythrocytus Cyberneticus,draft,
1927,Doc_Loc/Geks_Name,Octodiscus Aureus,Octodiscus Aureus,draft,
1928,Doc_Loc/II-erit_Name,Erythrocytus Cognitivus,Erythrocytus Cognitivus,draft,
1929,Doc_Loc/Tekhno-komar_Name,Culex Replicator,Culex Replicator,draft,
1930,Doc_Loc/Tekhno-shmel_Name,Bombus Metallicus,Bombus Metallicus,draft,
1931,Doc_Loc/Tekhno-tsvetok_Name,Flos Metallicus,Flos Metallicus,draft,
1932,Doc_Loc/Gniloy_eri_Name,Erythrocytus Necroticus,Erythrocytus Necroticus,draft,
1933,Doc_Loc/Sinyaya_izolenta_Name,Taenia Caerulea,Taenia Caerulea,draft,
1934,Doc_Loc/Eri_v_izolente_Name,Erythrocytus Ligatus,Erythrocytus Ligatus,draft,
1935,Doc_Loc/Chernaya_izolenta_Name,Taenia Nigra,Taenia Nigra,draft,
1936,Doc_Loc/Roy_oskolkov_Name,Examen Viride,Examen Viride,draft,
1937,Doc_Loc/Eri_v_oskolkakh_Name,Erythrocytus Fragmentatus,Erythrocytus Fragmentatus,draft,
1938,Doc_Loc/5G_Eri_Name,Erythrocytus Telemetricus,Erythrocytus Telemetricus,draft,
1939,Doc_Loc/Lichinka_Name,Larva Locustarum,Larva Locustarum,draft,
1940,Doc_Loc/Koroleva_roya_Name,Regina Examinis,Regina Examinis,draft,
1941,Doc_Loc/Sgustok_slizi_Name,Mucus Animatus,Mucus Animatus,draft,
1942,Doc_Loc/Sliz-eri_Name,Erythrocytus Mucosus,Erythrocytus Mucosus,draft,
1943,Doc_Loc/Siniy_Kvadrat_Desc,An inorganic cellular structure from another planet. Serves as a medium for transferring charge and information.,โครงสร้างเซลล์อนินทรีย์จากดาวเคราะห์ดวงอื่น ทำหน้าที่เป็นตัวกลางส่งผ่านประจุและข้อมูล,draft,
1944,Doc_Loc/Fioletoviy_kvadrat_Desc,An overclocked form of the quadratic carrier. Aggressively destroys organic matter and overloads machinery.,รูปแบบเร่งกำลังของพาหะทรงสี่เหลี่ยม ทำลายสารอินทรีย์อย่างรุนแรงและทำให้เครื่องจักรทำงานเกินกำลัง,draft,
1945,Doc_Loc/Seraya_sliz_Desc,A nanite pseudo-organism with a ferromagnetic structure. Engulfs its victim and turns it into a copy of itself.,สิ่งมีชีวิตเทียมนาไนต์ที่มีโครงสร้างเฟอร์โรแมกเนติก กลืนเหยื่อและเปลี่ยนให้กลายเป็นสำเนาของตัวเอง,draft,
1946,Doc_Loc/Simbiont_Desc,A sentient cluster of nanite slime with rapidly regenerating tentacles. Reproduces by detaching infectious tendrils.,กลุ่มเมือกนาไนต์ที่มีสติปัญญาและหนวดงอกใหม่อย่างรวดเร็ว สืบพันธุ์ด้วยการปล่อยแขนงแพร่เชื้อออกจากตัว,draft,
1947,Doc_Loc/Simb-otrostok_Desc,"A mobile, non-sentient tendril. Embeds itself in a cell and completely rebuilds it into a new parent cluster.",แขนงเคลื่อนที่ซึ่งไม่มีสติปัญญา ฝังตัวในเซลล์และสร้างโครงสร้างใหม่ทั้งหมดให้กลายเป็นกลุ่มต้นกำเนิดชุดใหม่,draft,
1948,Doc_Loc/Kiber-erit_Desc,A semi-synthetic blood cell. Spreads protective augments and rebuilds alien organoids.,เซลล์เม็ดเลือดกึ่งสังเคราะห์ แพร่ส่วนเสริมป้องกันและสร้างออร์แกนอยด์ต่างดาวขึ้นใหม่,draft,
1949,Doc_Loc/Geks_Desc,A synthetic network unit. Spreads the influence of AM0N.,หน่วยเครือข่ายสังเคราะห์ แพร่อิทธิพลของ AM0N,draft,
1950,Doc_Loc/II-erit_Desc,A networked erythrocyte. Bends healthy cells to the will of AM0N.,เม็ดเลือดแดงที่เชื่อมต่อเครือข่าย บังคับเซลล์สุขภาพดีให้ทำตามเจตจำนงของ AM0N,draft,
1951,Doc_Loc/Tekhno-komar_Desc,A mechanical blood-sucking replicator. Fully drains an erythrocyte and uses the harvested material to divide.,เครื่องจำลองแบบจักรกลดูดเลือด ดูดเม็ดเลือดแดงจนหมดและใช้วัสดุที่เก็บได้เพื่อแบ่งตัว,draft,
1952,Doc_Loc/Tekhno-shmel_Desc,Autonomous mechanoid microfauna. Pollinates inanimate synthetics.,จุลสัตว์จักรกลอัตโนมัติ ผสมเกสรให้สิ่งสังเคราะห์ไร้ชีวิต,draft,
1953,Doc_Loc/Tekhno-tsvetok_Desc,A mechanoid microflora structure that emits a nutrient signal. Attracts replicators and reshapes them.,โครงสร้างจุลพืชจักรกลที่ปล่อยสัญญาณสารอาหาร ดึงดูดเครื่องจำลองแบบและปรับรูปร่างของพวกมัน,draft,
1954,Doc_Loc/Gniloy_eri_Desc,A blackened necrotic cell surrounded by a toxic haze. Infects healthy erythrocytes and accelerates their decay.,เซลล์เนื้อตายสีดำซึ่งล้อมรอบด้วยหมอกพิษ แพร่เชื้อสู่เม็ดเลือดแดงสุขภาพดีและเร่งการสลายตัว,draft,
1955,Doc_Loc/Sinyaya_izolenta_Desc,"A tape-like augment capable of binding living and damaged cells. Wraps itself around a cell, forming a protective cocoon.",ส่วนเสริมคล้ายเทปที่ยึดเซลล์มีชีวิตและเซลล์เสียหายเข้าด้วยกันได้ พันรอบเซลล์จนกลายเป็นรังไหมป้องกัน,draft,
1956,Doc_Loc/Eri_v_izolente_Desc,An erythrocyte tightly bound in a protective sheath. It retains its mobility but seeks to leave the site of infection.,เม็ดเลือดแดงที่ถูกหุ้มแน่นด้วยปลอกป้องกัน ยังคงเคลื่อนที่ได้แต่พยายามออกจากบริเวณติดเชื้อ,draft,
1957,Doc_Loc/Chernaya_izolenta_Desc,An aggressive tape-like augment. Overheats the blue tapes and destroys any organoids through an exothermic reaction.,ส่วนเสริมคล้ายเทปที่มีพฤติกรรมรุนแรง ทำให้เทปสีน้ำเงินร้อนเกินไปและทำลายออร์แกนอยด์ทุกชนิดด้วยปฏิกิริยาคายความร้อน,draft,
1958,Doc_Loc/Roy_oskolkov_Desc,A synthetic colony of microscopic chips. Surrounds an erythrocyte and anchors itself in its membrane.,อาณานิคมสังเคราะห์ของไมโครชิปขนาดจุลทรรศน์ ล้อมเม็ดเลือดแดงและยึดตัวเองเข้ากับเยื่อหุ้มเซลล์,draft,
1959,Doc_Loc/Eri_v_oskolkakh_Desc,An erythrocyte covered in embedded microchips. The cell retains its mobility and tries to leave the site of infection.,เม็ดเลือดแดงที่มีไมโครชิปฝังอยู่ทั่ว เซลล์ยังคงเคลื่อนที่ได้และพยายามออกจากบริเวณติดเชื้อ,draft,
1960,Doc_Loc/5G_Eri_Desc,An augmented erythrocyte controlled by external signals. Reprograms the embedded microchips.,เม็ดเลือดแดงเสริมสมรรถนะซึ่งควบคุมด้วยสัญญาณภายนอก ตั้งโปรแกรมไมโครชิปที่ฝังอยู่ใหม่,draft,
1961,Doc_Loc/Lichinka_Desc,"A cellular scavenger that feeds on necrotic cells. After processing them, it releases a healthy blood cell.",เซลล์กินซากที่บริโภคเซลล์เนื้อตาย หลังย่อยแล้วจะปล่อยเซลล์เม็ดเลือดสุขภาพดีออกมา,draft,
1962,Doc_Loc/Koroleva_roya_Desc,An evolved reproductive specimen that commands the swarm's slime forms. Infects erythrocytes with slime and devours them along with their offspring.,ตัวอย่างสืบพันธุ์ที่วิวัฒน์แล้วและควบคุมร่างเมือกของฝูง แพร่เมือกเข้าสู่เม็ดเลือดแดงและกินทั้งเซลล์กับลูกของมัน,draft,
1963,Doc_Loc/Sgustok_slizi_Desc,A detached fragment of living slime. Engulfs an erythrocyte and rebuilds it into a slime form. Moves on instinct.,ชิ้นส่วนเมือกมีชีวิตที่แยกออกมา กลืนเม็ดเลือดแดงและสร้างใหม่ให้เป็นร่างเมือก เคลื่อนที่ตามสัญชาตญาณ,draft,
1964,Doc_Loc/Sliz-eri_Desc,A swollen slime membrane with an erythrocyte trapped inside. Instinctively returns to the swarm queen.,เยื่อเมือกบวมพองซึ่งมีเม็ดเลือดแดงติดอยู่ภายใน เคลื่อนกลับหาราชินีฝูงตามสัญชาตญาณ,draft,
1965,CityOperations/op_dm_recon_graygoo_name,Collecting Data on the Ferrosludge Spread,รวบรวมข้อมูลการแพร่กระจายของเฟอร์โรสลัดจ์,draft,
1966,CityOperations/op_dm_mapping_graygoo_name,Mapping the Probabilities of Ferrosludge Neutralization,ทำแผนที่ความน่าจะเป็นในการทำให้เฟอร์โรสลัดจ์เป็นกลาง,draft,
1967,CityOperations/op_dm_initializing_graygoo_name,"Initiating Convergence Points ""0-1-Temperance-January""","เริ่มจุดบรรจบ ""0-1-Temperance-January""",draft,
1968,CityOperations/op_dm_stability_graygoo_name,"Stabilizing a Sustained Nexus ""1-0-Rust-Angel""","รักษาเน็กซัสต่อเนื่อง ""1-0-Rust-Angel"" ให้เสถียร",draft,
1969,CityOperations/op_dm_gofunction_graygoo_name,"Activating the doSaveTheWorld(""Chalice"") Function","เปิดฟังก์ชัน doSaveTheWorld(""Chalice"")",draft,
1970,CityOperations/op_dm_recon_graygoo_descr,"Send analytical drones into the containment zones of the ferrosludge lakes. Collect samples and perform spectral, ultrasonic, and lambda-frequency analyses. Upload the collected data to Machina Fatorum over a dedicated encrypted channel.",ส่งโดรนวิเคราะห์เข้าไปในเขตควบคุมทะเลสาบเฟอร์โรสลัดจ์ เก็บตัวอย่างและวิเคราะห์สเปกตรัม อัลตราโซนิก และความถี่แลมบ์ดา อัปโหลดข้อมูลที่รวบรวมได้ไปยัง Machina Fatorum ผ่านช่องสัญญาณเข้ารหัสเฉพาะ,draft,
1971,CityOperations/op_dm_mapping_graygoo_descr,Initiate heuristic methods for overlaying probable lines of development onto the city's nodal zones. Send neutralizer drones to eliminate any spatiotemporal anomalies that arise.,เริ่มวิธีฮิวริสติกเพื่อซ้อนแนวทางการพัฒนาที่เป็นไปได้ลงบนเขตโหนดของเมือง ส่งโดรนทำให้เป็นกลางไปกำจัดความผิดปกติของปริภูมิ-เวลาที่เกิดขึ้น,draft,
1972,CityOperations/op_dm_initializing_graygoo_descr,"Pinpoint the nodal convergence points of the probability lines for eliminating the ferrosludge threat, following the priority variant of the event matrix (node code: ""0-1-Temperance-January"").","ระบุตำแหน่งจุดบรรจบของเส้นความน่าจะเป็นสำหรับกำจัดภัยเฟอร์โรสลัดจ์ ตามรูปแบบลำดับความสำคัญของเมทริกซ์เหตุการณ์ (รหัสโหนด: ""0-1-Temperance-January"")",draft,
1973,CityOperations/op_dm_stability_graygoo_descr,"Stabilize the priority convergence nexus of the probability lines (node code: ""1-0-Rust-Angel""). Send engineering drones to deploy a network of repeaters. To ensure safety, deploy ""guardian bird"" units.","รักษาเน็กซัสบรรจบลำดับความสำคัญของเส้นความน่าจะเป็นให้เสถียร (รหัสโหนด: ""1-0-Rust-Angel"") ส่งโดรนวิศวกรรมไปติดตั้งเครือข่ายสถานีทวนสัญญาณ และส่งหน่วย ""นกพิทักษ์"" เพื่อรับรองความปลอดภัย",draft,
1974,CityOperations/op_dm_gofunction_graygoo_descr,"Begin the procedure of converging the probability lines at the stabilized nexus point and fully deploy the ""Chalice"" variation. Ensure containment of the ferrosludge with ""guardian bird"" units and suppressor-blockers. Ensure the uninterrupted operation of Machina Fatorum until the deployment of the event nexus is fully complete.","เริ่มขั้นตอนบรรจบเส้นความน่าจะเป็น ณ จุดเน็กซัสที่เสถียร และติดตั้งรูปแบบ ""Chalice"" อย่างเต็มที่ ควบคุมเฟอร์โรสลัดจ์ด้วยหน่วย ""นกพิทักษ์"" และเครื่องยับยั้ง-ปิดกั้น ดูแลให้ Machina Fatorum ทำงานต่อเนื่องจนกว่าจะติดตั้งเน็กซัสเหตุการณ์เสร็จสมบูรณ์",draft,
1975,CityOperations/op_dm_recon_cybersoldiers_name,Collecting Data on Cyber-Soldier Structure and Protocols,รวบรวมข้อมูลโครงสร้างและพิธีสารของทหารไซเบอร์,draft,
1976,CityOperations/op_dm_mapping_cybersoldiers_name,Mapping the Probabilities of a Total Cyber-Soldier Lockdown,ทำแผนที่ความน่าจะเป็นในการปิดกั้นทหารไซเบอร์ทั้งหมด,draft,
1977,CityOperations/op_dm_initializing_cybersoldiers_name,"Initiating Convergence Points ""1-9-Strength-Red""","เริ่มจุดบรรจบ ""1-9-Strength-Red""",draft,
1978,CityOperations/op_dm_stability_cybersoldiers_name,Stabilizing a Sustained Nexus,รักษาเน็กซัสต่อเนื่องให้เสถียร,draft,
1979,CityOperations/op_dm_gofunction_cybersoldiers_name,"Activating the doSaveTheWorld(""Sun"") Function","เปิดฟังก์ชัน doSaveTheWorld(""Sun"")",draft,
1980,CityOperations/op_dm_recon_cybersoldiers_descr,"Send camouflaged hacker drones into the cyber-soldiers' command centers. Copy their protocols, databases, blueprints, and technical documentation. Upload the collected data to Machina Fatorum over a dedicated encrypted channel.",ส่งโดรนแฮ็กเกอร์พรางตัวเข้าไปในศูนย์บัญชาการของทหารไซเบอร์ คัดลอกพิธีสาร ฐานข้อมูล พิมพ์เขียว และเอกสารทางเทคนิค อัปโหลดข้อมูลที่รวบรวมได้ไปยัง Machina Fatorum ผ่านช่องสัญญาณเข้ารหัสเฉพาะ,draft,
1981,CityOperations/op_dm_mapping_cybersoldiers_descr,Initiate heuristic methods for overlaying probable lines of development onto the city's nodal zones. Send strike drones to stage local diversions and draw the attention of the cyber-soldiers' combat groups.,เริ่มวิธีฮิวริสติกเพื่อซ้อนแนวทางการพัฒนาที่เป็นไปได้ลงบนเขตโหนดของเมือง ส่งโดรนโจมตีไปก่อวินาศกรรมเฉพาะพื้นที่และดึงความสนใจของกลุ่มรบทหารไซเบอร์,draft,
1982,CityOperations/op_dm_initializing_cybersoldiers_descr,Localize the nodal points of probability-line convergence. Exterminate the rebel cyber soldiers according to the priority variant of the event matrix (node ​​code: 1-9-Power-Red).,ระบุตำแหน่งจุดโหนดที่เส้นความน่าจะเป็นบรรจบกัน กำจัดทหารไซเบอร์ฝ่ายกบฏตามรูปแบบลำดับความสำคัญของเมทริกซ์เหตุการณ์ (รหัสโหนด: 1-9-Power-Red),draft,
1983,CityOperations/op_dm_stability_cybersoldiers_descr,"Stabilize the priority convergence nexus of the probability lines (node code: ""9-1-Lake-Amber""). Send engineering drones to deploy a network of repeaters. Use fire munitions to stage diversions and draw off the cyber-soldiers' main forces and patrols.","รักษาเน็กซัสบรรจบลำดับความสำคัญของเส้นความน่าจะเป็นให้เสถียร (รหัสโหนด: ""9-1-Lake-Amber"") ส่งโดรนวิศวกรรมไปติดตั้งเครือข่ายสถานีทวนสัญญาณ ใช้อาวุธเพลิงก่อวินาศกรรมและล่อกำลังหลักกับหน่วยลาดตระเวนของทหารไซเบอร์ออกไป",draft,
1984,CityOperations/op_dm_gofunction_cybersoldiers_descr,"Begin the procedure of converging the probability lines at the stabilized nexus point and fully deploy the ""Sun"" variation. Ensure containment of the cyber-soldier strike squads with ""guardian bird"" units and fire munitions. Ensure the uninterrupted operation of Machina Fatorum until the deployment of the event nexus is fully complete.","เริ่มขั้นตอนบรรจบเส้นความน่าจะเป็น ณ จุดเน็กซัสที่เสถียร และติดตั้งรูปแบบ ""Sun"" อย่างเต็มที่ ควบคุมหมวดจู่โจมทหารไซเบอร์ด้วยหน่วย ""นกพิทักษ์"" และอาวุธเพลิง ดูแลให้ Machina Fatorum ทำงานต่อเนื่องจนกว่าจะติดตั้งเน็กซัสเหตุการณ์เสร็จสมบูรณ์",draft,
1985,CityOperations/op_dm_recon_replicators_name,Collecting Data on the Replicators,รวบรวมข้อมูลเครื่องจำลองแบบ,draft,
1986,CityOperations/op_dm_mapping_replicators_name,Mapping the Probabilities of Eliminating the Replicators,ทำแผนที่ความน่าจะเป็นในการกำจัดเครื่องจำลองแบบ,draft,
1987,CityOperations/op_dm_initializing_replicators_name,"Initiating Convergence Points ""8-5-Justice-Metal""","เริ่มจุดบรรจบ ""8-5-Justice-Metal""",draft,
1988,CityOperations/op_dm_stability_replicators_name,"Stabilizing a Sustained Nexus ""5-8-Nickel-Centurion""","รักษาเน็กซัสต่อเนื่อง ""5-8-Nickel-Centurion"" ให้เสถียร",draft,
1989,CityOperations/op_dm_gofunction_replicators_name,"Activating the doSaveTheWorld(""Death"") Function","เปิดฟังก์ชัน doSaveTheWorld(""Death"")",draft,
1990,CityOperations/op_dm_recon_replicators_descr,"Send analytical drones into the areas where the replicators cluster. Conduct remote study and spectral, ultrasonic, and lambda-frequency analyses. Collect cyber-biological material. Upload the collected data to Machina Fatorum over a dedicated encrypted channel.",ส่งโดรนวิเคราะห์เข้าไปในพื้นที่รวมตัวของเครื่องจำลองแบบ ศึกษาจากระยะไกลและวิเคราะห์สเปกตรัม อัลตราโซนิก และความถี่แลมบ์ดา เก็บวัสดุไซเบอร์ชีวภาพ แล้วอัปโหลดข้อมูลไปยัง Machina Fatorum ผ่านช่องสัญญาณเข้ารหัสเฉพาะ,draft,
1991,CityOperations/op_dm_mapping_replicators_descr,Initiate heuristic methods for overlaying probable lines of development onto the city's nodal zones. Send decoy drones to draw off the replicator clusters.,เริ่มวิธีฮิวริสติกเพื่อซ้อนแนวทางการพัฒนาที่เป็นไปได้ลงบนเขตโหนดของเมือง ส่งโดรนล่อเป้าไปดึงกลุ่มเครื่องจำลองแบบออกไป,draft,
1992,CityOperations/op_dm_initializing_replicators_descr,"Pinpoint the nodal convergence points of the probability lines for eliminating the ferrosludge threat, following the priority variant of the event matrix (node code: ""8-5-Justice-Metal"").","ระบุตำแหน่งจุดบรรจบของเส้นความน่าจะเป็นสำหรับกำจัดภัยเฟอร์โรสลัดจ์ ตามรูปแบบลำดับความสำคัญของเมทริกซ์เหตุการณ์ (รหัสโหนด: ""8-5-Justice-Metal"")",draft,
1993,CityOperations/op_dm_stability_replicators_descr,"Stabilize the priority convergence nexus of the probability lines (node code: ""5-8-Nickel-Centurion""). Send engineering drones to deploy a network of repeaters. Use fire munitions to stage diversions and draw off the cyber-soldiers' main forces and patrols.","รักษาเน็กซัสบรรจบลำดับความสำคัญของเส้นความน่าจะเป็นให้เสถียร (รหัสโหนด: ""5-8-Nickel-Centurion"") ส่งโดรนวิศวกรรมไปติดตั้งเครือข่ายสถานีทวนสัญญาณ ใช้อาวุธเพลิงก่อวินาศกรรมและล่อกำลังหลักกับหน่วยลาดตระเวนของทหารไซเบอร์ออกไป",draft,
1994,CityOperations/op_dm_gofunction_replicators_descr,"Begin the procedure of converging the probability lines at the stabilized nexus point and fully deploy the ""Death"" variation. Ensure the replicators are drawn off with groups of decoy drones. Ensure the uninterrupted operation of Machina Fatorum until the deployment of the event nexus is fully complete.","เริ่มขั้นตอนบรรจบเส้นความน่าจะเป็น ณ จุดเน็กซัสที่เสถียร และติดตั้งรูปแบบ ""Death"" อย่างเต็มที่ ล่อเครื่องจำลองแบบออกไปด้วยกลุ่มโดรนล่อเป้า ดูแลให้ Machina Fatorum ทำงานต่อเนื่องจนกว่าจะติดตั้งเน็กซัสเหตุการณ์เสร็จสมบูรณ์",draft,
1995,CityOperations/op_dm_recon_hellmushroom_name,Collecting Data on the Panmycosis,รวบรวมข้อมูลภาวะเชื้อราทั่วร่าง,draft,
1996,CityOperations/op_dm_mapping_hellmushroom_name,Mapping the Probabilities of Total Mycelium Destruction,ทำแผนที่ความน่าจะเป็นในการทำลายเส้นใยเห็ดทั้งหมด,draft,
1997,CityOperations/op_dm_initializing_hellmushroom_name,"Initiating Convergence Points ""0-0-Wand-Sapphire""","เริ่มจุดบรรจบ ""0-0-Wand-Sapphire""",draft,
1998,CityOperations/op_dm_stability_hellmushroom_name,"Stabilizing a Sustained Nexus ""0-0-Silver-Air""","รักษาเน็กซัสต่อเนื่อง ""0-0-Silver-Air"" ให้เสถียร",draft,
1999,CityOperations/op_dm_gofunction_hellmushroom_name,"Activating the doSaveTheWorld(""Devil"") Function","เปิดฟังก์ชัน doSaveTheWorld(""Devil"")",draft,
2000,CityOperations/op_dm_recon_hellmushroom_descr,"Send analytical drones into the areas where the Fungus Maledictus mycelia cluster. Collect samples and perform chemical, radio-frequency, and spectral analyses. Upload the collected data to Machina Fatorum over a dedicated encrypted channel.",ส่งโดรนวิเคราะห์เข้าไปในพื้นที่รวมตัวของเส้นใยเห็ด Fungus Maledictus เก็บตัวอย่างและวิเคราะห์ทางเคมี ความถี่วิทยุ และสเปกตรัม อัปโหลดข้อมูลที่รวบรวมได้ไปยัง Machina Fatorum ผ่านช่องสัญญาณเข้ารหัสเฉพาะ,draft,
2001,CityOperations/op_dm_mapping_hellmushroom_descr,Initiate heuristic methods for overlaying probable lines of development onto the city's nodal zones. Send fire incendiary munitions to start local fires and draw the attention of the fungal cult's members.,เริ่มวิธีฮิวริสติกเพื่อซ้อนแนวทางการพัฒนาที่เป็นไปได้ลงบนเขตโหนดของเมือง ส่งอาวุธเพลิงไปจุดไฟเฉพาะพื้นที่และดึงความสนใจของสมาชิกลัทธิเชื้อรา,draft,
2002,CityOperations/op_dm_initializing_hellmushroom_descr,"Pinpoint the nodal convergence points of the probability lines for eliminating the Fungus Maledictus panmycosis, following the priority variant of the event matrix (node code: ""0-0-Wand-Sapphire"").","ระบุตำแหน่งจุดบรรจบของเส้นความน่าจะเป็นสำหรับกำจัดภาวะเชื้อราทั่วร่างจาก Fungus Maledictus ตามรูปแบบลำดับความสำคัญของเมทริกซ์เหตุการณ์ (รหัสโหนด: ""0-0-Wand-Sapphire"")",draft,
2003,CityOperations/op_dm_stability_hellmushroom_descr,"Stabilize the priority convergence nexus of the probability lines (node code: ""0-0-Silver-Air""). Send engineering drones to deploy a network of repeaters. Use incendiary loitering munitions to start large-scale fires and isolate members of the Mushroom Cult.","รักษาเน็กซัสบรรจบลำดับความสำคัญของเส้นความน่าจะเป็นให้เสถียร (รหัสโหนด: ""0-0-Silver-Air"") ส่งโดรนวิศวกรรมไปติดตั้งเครือข่ายสถานีทวนสัญญาณ ใช้อาวุธบินวนเพลิงจุดไฟครั้งใหญ่และแยกสมาชิกลัทธิเห็ดออกจากกัน",draft,
2004,CityOperations/op_dm_gofunction_hellmushroom_descr,Initiate probability-line convergence at the stabilized nexus point and the full deployment of the Devil variation. Cut off the groups of mushroom cultists with fires and smoke. Ensure uninterrupted operation of Machina Fatorum until the event-nexus deployment is completed.,เริ่มบรรจบเส้นความน่าจะเป็น ณ จุดเน็กซัสที่เสถียรและติดตั้งรูปแบบ Devil อย่างเต็มที่ ตัดเส้นทางกลุ่มสาวกลัทธิเห็ดด้วยไฟและควัน ดูแลให้ Machina Fatorum ทำงานต่อเนื่องจนกว่าจะติดตั้งเน็กซัสเหตุการณ์เสร็จสมบูรณ์,draft,
2005,CityOperations/op_dm_recon_gosersugar_name,Collecting Data on Gozer the Sweetener,รวบรวมข้อมูลโกเซอร์ผู้ให้ความหวาน,draft,
2006,CityOperations/op_dm_mapping_gosersugar_name,Mapping the Probabilities of Banishing the Summoned Entity,ทำแผนที่ความน่าจะเป็นในการขับไล่สิ่งที่ถูกอัญเชิญ,draft,
2007,CityOperations/op_dm_initializing_gosersugar_name,"Initiating Convergence Points ""2-0-Star-September""","เริ่มจุดบรรจบ ""2-0-Star-September""",draft,
2008,CityOperations/op_dm_stability_gosersugar_name,"Stabilizing a Sustained Nexus ""0-2-Wheel-West""","รักษาเน็กซัสต่อเนื่อง ""0-2-Wheel-West"" ให้เสถียร",draft,
2009,CityOperations/op_dm_gofunction_gosersugar_name,"Activating the doSaveTheWorld(""Fortune"") Function","เปิดฟังก์ชัน doSaveTheWorld(""Fortune"")",draft,
2010,CityOperations/op_dm_recon_gosersugar_descr,Send analytical drones to Gozer the Sweetener to study it. Perform a radio-frequency and spectral analysis. Upload the collected data to Machina Fatorum over a dedicated encrypted channel.,ส่งโดรนวิเคราะห์ไปศึกษาโกเซอร์ผู้ให้ความหวาน วิเคราะห์ความถี่วิทยุและสเปกตรัม แล้วอัปโหลดข้อมูลที่รวบรวมได้ไปยัง Machina Fatorum ผ่านช่องสัญญาณเข้ารหัสเฉพาะ,draft,
2011,CityOperations/op_dm_mapping_gosersugar_descr,Initiate heuristic methods for overlaying probable lines of development onto the city's nodal zones. Send strike drones to slow and contain Gozer the Sweetener.,เริ่มวิธีฮิวริสติกเพื่อซ้อนแนวทางการพัฒนาที่เป็นไปได้ลงบนเขตโหนดของเมือง ส่งโดรนโจมตีไปชะลอและควบคุมโกเซอร์ผู้ให้ความหวาน,draft,
2012,CityOperations/op_dm_initializing_gosersugar_descr,"Pinpoint the nodal convergence points of the probability lines for banishing the summoned entity Gozer the Sweetener, following the priority variant of the event matrix (node code: ""2-0-Star-September"").","ระบุตำแหน่งจุดบรรจบของเส้นความน่าจะเป็นสำหรับขับไล่โกเซอร์ผู้ให้ความหวานซึ่งถูกอัญเชิญมา ตามรูปแบบลำดับความสำคัญของเมทริกซ์เหตุการณ์ (รหัสโหนด: ""2-0-Star-September"")",draft,
2013,CityOperations/op_dm_stability_gosersugar_descr,"Stabilize the priority convergence nexus of the probability lines (node code: ""0-2-Wheel-West""). Send engineering drones to deploy a network of repeaters. Use loitering munitions, ""guardian birds,"" and strike drones to contain Gozer the Sweetener.","รักษาเน็กซัสบรรจบลำดับความสำคัญของเส้นความน่าจะเป็นให้เสถียร (รหัสโหนด: ""0-2-Wheel-West"") ส่งโดรนวิศวกรรมไปติดตั้งเครือข่ายสถานีทวนสัญญาณ ใช้อาวุธบินวน ""นกพิทักษ์"" และโดรนโจมตีควบคุมโกเซอร์ผู้ให้ความหวาน",draft,
2014,CityOperations/op_dm_gofunction_gosersugar_descr,"Begin the procedure of converging the probability lines at the stabilized nexus point and fully deploy the ""Fortune"" variation. Slow the advance of Gozer the Sweetener by every means available. Ensure the uninterrupted operation of Machina Fatorum until the deployment of the event nexus is fully complete.","เริ่มขั้นตอนบรรจบเส้นความน่าจะเป็น ณ จุดเน็กซัสที่เสถียร และติดตั้งรูปแบบ ""Fortune"" อย่างเต็มที่ ชะลอการรุกคืบของโกเซอร์ผู้ให้ความหวานด้วยทุกวิธีที่มี ดูแลให้ Machina Fatorum ทำงานต่อเนื่องจนกว่าจะติดตั้งเน็กซัสเหตุการณ์เสร็จสมบูรณ์",draft,
2015,CityOperations/op_dm_recon_hitechmages_name,Collecting Data on the Order of Technomancers,รวบรวมข้อมูลภาคีเทคโนแมนเซอร์,draft,
2016,CityOperations/op_dm_mapping_hitechmages_name,Mapping the Probabilities of Eliminating the Order of Technomancers,ทำแผนที่ความน่าจะเป็นในการกำจัดภาคีเทคโนแมนเซอร์,draft,
2017,CityOperations/op_dm_initializing_hitechmages_name,"Initiating Convergence Points ""2-0-Priestess-Throne""","เริ่มจุดบรรจบ ""2-0-Priestess-Throne""",draft,
2018,CityOperations/op_dm_stability_hitechmages_name,"Stabilizing a Sustained Nexus ""0-2-Falcon-Darkness""","รักษาเน็กซัสต่อเนื่อง ""0-2-Falcon-Darkness"" ให้เสถียร",draft,
2019,CityOperations/op_dm_gofunction_hitechmages_name,"Activating the doSaveTheWorld(""Sword"") Function","เปิดฟังก์ชัน doSaveTheWorld(""Sword"")",draft,
2020,CityOperations/op_dm_recon_hitechmages_descr,"Send analytical drones to the headquarters of the Order of Technomancers. Copy their protocols, databases, blueprints, and technical documentation. Upload the collected data to Machina Fatorum over a dedicated encrypted channel.",ส่งโดรนวิเคราะห์ไปยังสำนักงานใหญ่ของภาคีเทคโนแมนเซอร์ คัดลอกพิธีสาร ฐานข้อมูล พิมพ์เขียว และเอกสารทางเทคนิค แล้วอัปโหลดข้อมูลไปยัง Machina Fatorum ผ่านช่องสัญญาณเข้ารหัสเฉพาะ,draft,
2021,CityOperations/op_dm_mapping_hitechmages_descr,Initiate heuristic methods for overlaying probable lines of development onto the city's nodal zones. Send fire munitions with EMP warheads to stage local diversions.,เริ่มวิธีฮิวริสติกเพื่อซ้อนแนวทางการพัฒนาที่เป็นไปได้ลงบนเขตโหนดของเมือง ส่งอาวุธเพลิงติดหัวรบ EMP ไปก่อวินาศกรรมเฉพาะพื้นที่,draft,
2022,CityOperations/op_dm_initializing_hitechmages_descr,"Pinpoint the nodal convergence points of the probability lines for eliminating the Order of Technomancers, following the priority variant of the event matrix (node code: ""2-0-Priestess-Throne"").","ระบุตำแหน่งจุดบรรจบของเส้นความน่าจะเป็นสำหรับกำจัดภาคีเทคโนแมนเซอร์ ตามรูปแบบลำดับความสำคัญของเมทริกซ์เหตุการณ์ (รหัสโหนด: ""2-0-Priestess-Throne"")",draft,
2023,CityOperations/op_dm_stability_hitechmages_descr,"Stabilize the priority convergence nexus of the probability lines (node code: ""0-2-Falcon-Darkness""). Send engineering drones to deploy a network of repeaters. Use fire munitions with EMP warheads and jammers to counter the combat squads of the Order of Technomancers.","รักษาเน็กซัสบรรจบลำดับความสำคัญของเส้นความน่าจะเป็นให้เสถียร (รหัสโหนด: ""0-2-Falcon-Darkness"") ส่งโดรนวิศวกรรมไปติดตั้งเครือข่ายสถานีทวนสัญญาณ ใช้อาวุธเพลิงติดหัวรบ EMP และเครื่องรบกวนสัญญาณเพื่อต้านหมวดรบของภาคีเทคโนแมนเซอร์",draft,
2024,CityOperations/op_dm_gofunction_hitechmages_descr,"Begin the procedure of converging the probability lines at the stabilized nexus point and fully deploy the ""Sword"" variation. Use loitering anti-radar munitions, jammers, and EMP munitions to counter the combat squads of the Order of Technomancers. Ensure the uninterrupted operation of Machina Fatorum until the deployment of the event nexus is fully complete.","เริ่มขั้นตอนบรรจบเส้นความน่าจะเป็น ณ จุดเน็กซัสที่เสถียร และติดตั้งรูปแบบ ""Sword"" อย่างเต็มที่ ใช้อาวุธบินวนต่อต้านเรดาร์ เครื่องรบกวนสัญญาณ และอาวุธ EMP เพื่อต้านหมวดรบของภาคีเทคโนแมนเซอร์ ดูแลให้ Machina Fatorum ทำงานต่อเนื่องจนกว่าจะติดตั้งเน็กซัสเหตุการณ์เสร็จสมบูรณ์",draft,
2025,CityOperations/op_dm_recon_grasshoppers_name,Collecting Data on the Necrophage Locusts,รวบรวมข้อมูลตั๊กแตนกินซาก,draft,
2026,CityOperations/op_dm_mapping_grasshoppers_name,Mapping the Probabilities of Exterminating the Corpse-Eating Locusts,ทำแผนที่ความน่าจะเป็นในการกำจัดตั๊กแตนกินศพ,draft,
2027,CityOperations/op_dm_initializing_grasshoppers_name,"Initiating Convergence Points ""1-6-Judgement-Brook""","เริ่มจุดบรรจบ ""1-6-Judgement-Brook""",draft,
2028,CityOperations/op_dm_stability_grasshoppers_name,"Stabilizing a Sustained Nexus ""6-1-Boomerang-Sun""","รักษาเน็กซัสต่อเนื่อง ""6-1-Boomerang-Sun"" ให้เสถียร",draft,
2029,CityOperations/op_dm_gofunction_grasshoppers_name,"Activating the doSaveTheWorld(""Moon"") Function","เปิดฟังก์ชัน doSaveTheWorld(""Moon"")",draft,
2030,CityOperations/op_dm_recon_grasshoppers_descr,"Send analytical drones to the egg clusters of the necrophage locusts. Collect samples and perform chemical, biological, and spectral analyses. Upload the collected data to Machina Fatorum over a dedicated encrypted channel.",ส่งโดรนวิเคราะห์ไปยังกลุ่มไข่ของตั๊กแตนกินซาก เก็บตัวอย่างและวิเคราะห์ทางเคมี ชีวภาพ และสเปกตรัม อัปโหลดข้อมูลที่รวบรวมได้ไปยัง Machina Fatorum ผ่านช่องสัญญาณเข้ารหัสเฉพาะ,draft,
2031,CityOperations/op_dm_mapping_grasshoppers_descr,Initiate heuristic methods for overlaying probable lines of development onto the city's nodal zones. Send decoy drones to draw off the adult necrophage locusts.,เริ่มวิธีฮิวริสติกเพื่อซ้อนแนวทางการพัฒนาที่เป็นไปได้ลงบนเขตโหนดของเมือง ส่งโดรนล่อเป้าไปล่อตั๊กแตนกินซากตัวเต็มวัยออกไป,draft,
2032,CityOperations/op_dm_initializing_grasshoppers_descr,"Pinpoint the nodal convergence points of the probability lines for eliminating the Order of Technomancers, following the priority variant of the event matrix (node code: ""1-6-Judgement-Brook"").","ระบุตำแหน่งจุดบรรจบของเส้นความน่าจะเป็นสำหรับกำจัดตั๊กแตนกินซาก ตามรูปแบบลำดับความสำคัญของเมทริกซ์เหตุการณ์ (รหัสโหนด: ""1-6-Judgement-Brook"")",draft,
2033,CityOperations/op_dm_stability_grasshoppers_descr,"Stabilize the priority convergence nexus of the probability lines (node code: ""6-1-Boomerang-Sun""). Send engineering drones to deploy a network of repeaters. Send decoy drones and pheromone sprayers to draw off the adult necrophage locusts.","รักษาเน็กซัสบรรจบลำดับความสำคัญของเส้นความน่าจะเป็นให้เสถียร (รหัสโหนด: ""6-1-Boomerang-Sun"") ส่งโดรนวิศวกรรมไปติดตั้งเครือข่ายสถานีทวนสัญญาณ ส่งโดรนล่อเป้าและเครื่องพ่นฟีโรโมนไปล่อตั๊กแตนกินซากตัวเต็มวัยออกไป",draft,
2034,CityOperations/op_dm_gofunction_grasshoppers_descr,"Begin the procedure of converging the probability lines at the stabilized nexus point and fully deploy the ""Moon"" variation. Drop bodies in the outlying districts of the city and deploy pheromone sprayers to draw off the adult corpse-eating locusts. Ensure the uninterrupted operation of Machina Fatorum until the deployment of the event nexus is fully complete.","เริ่มขั้นตอนบรรจบเส้นความน่าจะเป็น ณ จุดเน็กซัสที่เสถียร และติดตั้งรูปแบบ ""Moon"" อย่างเต็มที่ ทิ้งศพในเขตรอบนอกของเมืองและส่งเครื่องพ่นฟีโรโมนไปล่อตั๊กแตนกินศพตัวเต็มวัยออกไป ดูแลให้ Machina Fatorum ทำงานต่อเนื่องจนกว่าจะติดตั้งเน็กซัสเหตุการณ์เสร็จสมบูรณ์",draft,
2035,CityOperations/op_dm_recon_hackermans_name,"Collecting Data on the ""BS0DeaD"" Hacker Group","รวบรวมข้อมูลกลุ่มแฮ็กเกอร์ ""BS0DeaD""",draft,
2036,CityOperations/op_dm_mapping_hackermans_name,"Mapping the Probabilities of Crushing the ""BS0DeaD"" Hacker Group","ทำแผนที่ความน่าจะเป็นในการบดขยี้กลุ่มแฮ็กเกอร์ ""BS0DeaD""",draft,
2037,CityOperations/op_dm_initializing_hackermans_name,"Initiating Convergence Points ""0-1-Crown-Sea""","เริ่มจุดบรรจบ ""0-1-Crown-Sea""",draft,
2038,CityOperations/op_dm_stability_hackermans_name,"Stabilizing a Sustained Nexus ""1-0-Emperor-Gold""","รักษาเน็กซัสต่อเนื่อง ""1-0-Emperor-Gold"" ให้เสถียร",draft,
2039,CityOperations/op_dm_gofunction_hackermans_name,"Activating the doSaveTheWorld(""Hermit"") Function","เปิดฟังก์ชัน doSaveTheWorld(""Hermit"")",draft,
2040,CityOperations/op_dm_recon_hackermans_descr,"Send analytical drones to the known data centers of the ""BS0DeaD"" hacker group. Copy their protocols, databases, blueprints, and technical documentation. Upload the collected data to Machina Fatorum over a dedicated encrypted channel.","ส่งโดรนวิเคราะห์ไปยังศูนย์ข้อมูลที่ทราบตำแหน่งของกลุ่มแฮ็กเกอร์ ""BS0DeaD"" คัดลอกพิธีสาร ฐานข้อมูล พิมพ์เขียว และเอกสารทางเทคนิค แล้วอัปโหลดข้อมูลไปยัง Machina Fatorum ผ่านช่องสัญญาณเข้ารหัสเฉพาะ",draft,
2041,CityOperations/op_dm_mapping_hackermans_descr,"Initiate heuristic methods for overlaying probable lines of development onto the city's nodal zones. Send fire EMP munitions to eliminate the data centers of the ""BS0DeaD"" hacker group.","เริ่มวิธีฮิวริสติกเพื่อซ้อนแนวทางการพัฒนาที่เป็นไปได้ลงบนเขตโหนดของเมือง ส่งอาวุธ EMP ไปทำลายศูนย์ข้อมูลของกลุ่มแฮ็กเกอร์ ""BS0DeaD""",draft,
2042,CityOperations/op_dm_initializing_hackermans_descr,"Pinpoint the nodal convergence points of the probability lines for eliminating the Order of Technomancers, following the priority variant of the event matrix (node code: ""0-1-Crown-Sea"").","ระบุตำแหน่งจุดบรรจบของเส้นความน่าจะเป็นสำหรับกำจัดกลุ่มแฮ็กเกอร์ BS0DeaD ตามรูปแบบลำดับความสำคัญของเมทริกซ์เหตุการณ์ (รหัสโหนด: ""0-1-Crown-Sea"")",draft,
2043,CityOperations/op_dm_stability_hackermans_descr,Stabilize the priority nexus of probability-line convergence (node ​​code: 6-1-Emperor-Gold). Send engineering drones to deploy a relay network. Use strike drones and loitering EMP munitions to destroy the data centers of the BS0DeaD hacker group.,รักษาเน็กซัสลำดับความสำคัญของการบรรจบเส้นความน่าจะเป็นให้เสถียร (รหัสโหนด: 6-1-Emperor-Gold) ส่งโดรนวิศวกรรมไปติดตั้งเครือข่ายสถานีทวนสัญญาณ ใช้โดรนโจมตีและอาวุธบินวน EMP ทำลายศูนย์ข้อมูลของกลุ่มแฮ็กเกอร์ BS0DeaD,draft,
2044,CityOperations/op_dm_gofunction_hackermans_descr,"Begin the procedure of converging the probability lines at the stabilized nexus point and fully deploy the ""Hermit"" variation. Launch a massive strike on the data centers and safe houses of the ""BS0DeaD"" hacker group. Ensure the uninterrupted operation of Machina Fatorum until the deployment of the event nexus is fully complete.","เริ่มขั้นตอนบรรจบเส้นความน่าจะเป็น ณ จุดเน็กซัสที่เสถียร และติดตั้งรูปแบบ ""Hermit"" อย่างเต็มที่ เปิดการโจมตีขนาดใหญ่ใส่ศูนย์ข้อมูลและแหล่งกบดานของกลุ่มแฮ็กเกอร์ ""BS0DeaD"" ดูแลให้ Machina Fatorum ทำงานต่อเนื่องจนกว่าจะติดตั้งเน็กซัสเหตุการณ์เสร็จสมบูรณ์",draft,
2045,CityOperations/op_dm_recon_anarchia_name,Collecting Data on the Implant Frenzy Epidemic,รวบรวมข้อมูลโรคระบาดคลั่งอุปกรณ์ฝัง,draft,
2046,CityOperations/op_dm_mapping_anarchia_name,Mapping the Probabilities of Curing the Implant Frenzy,ทำแผนที่ความน่าจะเป็นในการรักษาอาการคลั่งอุปกรณ์ฝัง,draft,
2047,CityOperations/op_dm_initializing_anarchia_name,Initiating Convergence Points,เริ่มจุดบรรจบ,draft,
2048,CityOperations/op_dm_stability_anarchia_name,Stabilizing a Sustained Nexus,รักษาเน็กซัสต่อเนื่องให้เสถียร,draft,
2049,CityOperations/op_dm_gofunction_anarchia_name,"Activating the doSaveTheWorld(""Tower"") Function","เปิดฟังก์ชัน doSaveTheWorld(""Tower"")",draft,
2050,CityOperations/op_dm_recon_anarchia_descr,Deploy analytical drones to study the behavioral patterns and social interactions of the infected. Upload the collected data into Machina Fatorum via a dedicated encrypted communication channel.,ส่งโดรนวิเคราะห์ไปศึกษารูปแบบพฤติกรรมและปฏิสัมพันธ์ทางสังคมของผู้ติดเชื้อ อัปโหลดข้อมูลที่รวบรวมได้ไปยัง Machina Fatorum ผ่านช่องสัญญาณสื่อสารเข้ารหัสเฉพาะ,draft,
2051,CityOperations/op_dm_mapping_anarchia_descr,"Initiate heuristic methods for overlaying probable lines of development onto the city's nodal zones. Deploy the non-lethal ""guardian bird"" variant to counter the infected.","เริ่มวิธีฮิวริสติกเพื่อซ้อนแนวทางการพัฒนาที่เป็นไปได้ลงบนเขตโหนดของเมือง ส่งหน่วย ""นกพิทักษ์"" รูปแบบไม่ถึงตายไปต้านผู้ติดเชื้อ",draft,
2052,CityOperations/op_dm_initializing_anarchia_descr,"Pinpoint the nodal convergence points of the probability lines for curing the implant frenzy, following the priority variant of the event matrix (node code: ""2-9-Hanged Man-Tree"").","ระบุตำแหน่งจุดบรรจบของเส้นความน่าจะเป็นสำหรับรักษาอาการคลั่งอุปกรณ์ฝัง ตามรูปแบบลำดับความสำคัญของเมทริกซ์เหตุการณ์ (รหัสโหนด: ""2-9-Hanged Man-Tree"")",draft,
2053,CityOperations/op_dm_stability_anarchia_descr,"Stabilize the priority convergence nexus of the probability lines (node code: ""9-2-Blueberry-Zodiac""). Send engineering drones to deploy a network of repeaters. Use sleeping-gas sprayers and the non-lethal ""guardian bird"" variant to counter the infected.","รักษาเน็กซัสบรรจบลำดับความสำคัญของเส้นความน่าจะเป็นให้เสถียร (รหัสโหนด: ""9-2-Blueberry-Zodiac"") ส่งโดรนวิศวกรรมไปติดตั้งเครือข่ายสถานีทวนสัญญาณ ใช้เครื่องพ่นแก๊สนอนหลับและหน่วย ""นกพิทักษ์"" รูปแบบไม่ถึงตายเพื่อต้านผู้ติดเชื้อ",draft,
2054,CityOperations/op_dm_gofunction_anarchia_descr,"Begin the procedure of converging the probability lines at the stabilized nexus point and fully deploy the ""Tower"" variation. Commit all available stocks of non-lethal gas and the non-lethal ""guardian bird"" variant. Ensure the uninterrupted operation of Machina Fatorum until the deployment of the event nexus is fully complete.","เริ่มขั้นตอนบรรจบเส้นความน่าจะเป็น ณ จุดเน็กซัสที่เสถียร และติดตั้งรูปแบบ ""Tower"" อย่างเต็มที่ ใช้แก๊สไม่ถึงตายทั้งหมดที่มีและหน่วย ""นกพิทักษ์"" รูปแบบไม่ถึงตาย ดูแลให้ Machina Fatorum ทำงานต่อเนื่องจนกว่าจะติดตั้งเน็กซัสเหตุการณ์เสร็จสมบูรณ์",draft,
2055,Правила /Для Китайского и Корейского фонетическая транслитерация иероглифами.,,,untranslated,
2056,Правила /Для Японского транслитерация катаканой,,,untranslated,
2057,"Правила /Если в названии есть общипринятые термины типа Восточная, Западная, Европа, Америка и тд - Неоригинальную часть переводить, остальную транслитерировать с легкой шлифовкой по необходимости.",,,untranslated,
2058,Instructions/76,Brain replaced with a computing module,สมองถูกแทนที่ด้วยโมดูลประมวลผล,draft,
2059,Instructions/77,Liver replaced with a dual chemical container,ตับถูกแทนที่ด้วยภาชนะสารเคมีคู่,draft,
2060,Instructions/78,Kidney replaced with a filtering container,ไตถูกแทนที่ด้วยภาชนะกรอง,draft,
2061,Instructions/79,Gray mold on the skin,ราสีเทาบนผิวหนัง,draft,
2062,Instructions/80,Green bone rot,กระดูกเน่าสีเขียว,draft,
2063,Instructions/81,Orange bone rot,กระดูกเน่าสีส้ม,draft,
2064,Instructions/82,Rotting internal organs,อวัยวะภายในกำลังเน่า,draft,
2065,Instructions/83,Tombstone in the photo,ป้ายหลุมศพในภาพถ่าย,draft,
2066,Instructions/84,Corpse fly in the photo,แมลงวันศพในภาพถ่าย,draft,
2067,Instructions/85,Chitinous growths on the skin,เนื้อเยื่อไคตินบนผิวหนัง,draft,
2068,Instructions/86,Chitinous growths on the skin,เนื้อเยื่อไคตินบนผิวหนัง,draft,
2069,Instructions/87,Yellow resin on the bones,ยางไม้สีเหลืองบนกระดูก,draft,
2070,Instructions/88,Green larvae on the heart,ตัวอ่อนสีเขียวบนหัวใจ,draft,
2071,Instructions/89,Green larvae on the lung,ตัวอ่อนสีเขียวบนปอด,draft,
2072,Instructions/90,Liver replaced with an insectoid,ตับถูกแทนที่ด้วยสิ่งมีชีวิตเผ่าแมลง,draft,
2073,Instructions/91,Kidney replaced with an insectoid,ไตถูกแทนที่ด้วยสิ่งมีชีวิตเผ่าแมลง,draft,
2074,Instructions/92,Beetles on a space rift in the photo,ด้วงบนรอยแยกอวกาศในภาพถ่าย,draft,
2075,Instructions/93,Corpse-eating locust in the photo,ตั๊กแตนกินศพในภาพถ่าย,draft,
2076,Instructions/94,Microchips implanted in the skin,ไมโครชิปฝังในผิวหนัง,draft,
2077,Instructions/95,Microchips implanted in the bones,ไมโครชิปฝังในกระดูก,draft,
2078,Instructions/96,Microchips implanted in the internal organs,ไมโครชิปฝังในอวัยวะภายใน,draft,
2079,Instructions/97,Microchip fragments in the photo,เศษไมโครชิปในภาพถ่าย,draft,
2080,Instructions/98,Crudely stitched scars on the skin,แผลเป็นเย็บอย่างหยาบบนผิวหนัง,draft,
2081,Instructions/99,Rusty plates on the skin,แผ่นโลหะขึ้นสนิมบนผิวหนัง,draft,
2082,Instructions/100,Rusty nails in the bones,ตะปูขึ้นสนิมในกระดูก,draft,
2083,Instructions/101,Rusty metal bones,กระดูกโลหะขึ้นสนิม,draft,
2084,Instructions/102,Blue electrical tape on the internal organs,เทปพันสายไฟสีฟ้าบนอวัยวะภายใน,draft,
2085,Instructions/103,Packaged lung,ปอดบรรจุหีบห่อ,draft,
2086,Instructions/104,Packaged liver,ตับบรรจุหีบห่อ,draft,
2087,Instructions/105,Plumes of smoke in the photo,กลุ่มควันในภาพถ่าย,draft,
2088,Instructions/106,Makeshift space rift repair in the photo,รอยซ่อมรอยแยกอวกาศแบบชั่วคราวในภาพถ่าย,draft,
2089,Instructions/107,Erythrocytus Necroticus in the blood,Erythrocytus Necroticus ในเลือด,draft,
2090,Instructions/108,Taenia Caerulea in the blood,Taenia Caerulea ในเลือด,draft,
2091,Instructions/109,Larva Locustarum in the blood,Larva Locustarum ในเลือด,draft,
2092,Instructions/110,Mushroom Fairy in the Photo,ภูตเห็ดในภาพถ่าย,draft,
2093,Instructions/111,Bone Replaced with Fungal Honeycomb,กระดูกถูกแทนที่ด้วยโครงรังผึ้งของเชื้อรา,draft,
2094,Instructions/112,Inky Heart,หัวใจสีหมึก,draft,
2095,Instructions/113,Morel Transformation of the Kidney,ไตแปรสภาพเป็นเห็ดมอเรล,draft,
2096,Instructions/114,Blood-Fungal Transformation of the Liver,ตับแปรสภาพเป็นเชื้อราในเลือด,draft,
2097,Instructions/115,Malicious Fungal Stomach,กระเพาะอาหารเชื้อราร้าย,draft,
2098,Instructions/116,Mold Growth on the Lung,ราขึ้นบนปอด,draft,
2099,Instructions/117,Yellow Moss on the Skin,มอสสีเหลืองบนผิวหนัง,draft,
2100,Instructions/118,Necrotic Affliction of the Skin,ผิวหนังเป็นเนื้อตาย,draft,
2101,Instructions/119,Blood Bubbles in the Photo,ฟองเลือดในภาพถ่าย,draft,
2102,Instructions/120,Clot of Biomass in the Photo,ก้อนชีวมวลในภาพถ่าย,draft,
2103,Instructions/121,Observer Cube in the Photo,ลูกบาศก์ผู้สังเกตการณ์ในภาพถ่าย,draft,
2104,Instructions/122,Holographic Panel in the Photo,แผงโฮโลกราฟิกในภาพถ่าย,draft,
2105,Instructions/123,Giant Mushroom in the Photo,เห็ดยักษ์ในภาพถ่าย,draft,
2106,Instructions/124,Kombucha in the Photo,คอมบูชาในภาพถ่าย,draft,
2107,Instructions/125,Cobweb in the Photo,ใยแมงมุมในภาพถ่าย,draft,
2108,Instructions/126,Bronze Beetle in the Photo,ด้วงทองแดงในภาพถ่าย,draft,
2109,Instructions/127,Macrophagus Pakumanii in the Blood,Macrophagus Pakumanii ในเลือด,draft,
2110,Instructions/128,Vermis Orbitans in the Blood,Vermis Orbitans ในเลือด,draft,
2111,Instructions/129,Quadratum Caeruleum in the Blood,Quadratum Caeruleum ในเลือด,draft,
2112,Instructions/130,Quadratum Purpureum in the Blood,Quadratum Purpureum ในเลือด,draft,
2113,Instructions/131,Sphaera Ferromorpha in the Blood,Sphaera Ferromorpha ในเลือด,draft,
2114,Instructions/132,Symbion Oculus in the Blood,Symbion Oculus ในเลือด,draft,
2115,Instructions/133,Tentaculum Infectans in the Blood,Tentaculum Infectans ในเลือด,draft,
2116,Instructions/134,Erythrocytus Cyberneticus in the Blood,Erythrocytus Cyberneticus ในเลือด,draft,
2117,Instructions/135,Octodiscus Aureus in the Blood,Octodiscus Aureus ในเลือด,draft,
2118,Instructions/136,Erythrocytus Cognitivus in the Blood,Erythrocytus Cognitivus ในเลือด,draft,
2119,Instructions/137,Culex Replicator in the Blood,Culex Replicator ในเลือด,draft,
2120,Instructions/138,Bombus Metallicus in the Blood,Bombus Metallicus ในเลือด,draft,
2121,Instructions/139,Flos Metallicus in the Blood,Flos Metallicus ในเลือด,draft,
2122,Instructions/140,Erythrocytus Ligatus in the Blood,Erythrocytus Ligatus ในเลือด,draft,
2123,Instructions/141,Taenia Nigra in the Blood,Taenia Nigra ในเลือด,draft,
2124,Instructions/142,Examen Viride in the Blood,Examen Viride ในเลือด,draft,
2125,Instructions/143,Erythrocytus Fragmentatus in the Blood,Erythrocytus Fragmentatus ในเลือด,draft,
2126,Instructions/144,Erythrocytus Telemetricus in the Blood,Erythrocytus Telemetricus ในเลือด,draft,
2127,Instructions/145,Regina Examinis in the Blood,Regina Examinis ในเลือด,draft,
2128,Instructions/146,Mucus Animatus in the Blood,Mucus Animatus ในเลือด,draft,
2129,Instructions/147,Erythrocytus Mucosus in the Blood,Erythrocytus Mucosus ในเลือด,draft,
2130,Instructions/148,Overheated Plates on the Skin,แผ่นโลหะร้อนจัดบนผิวหนัง,draft,
2131,Instructions/149,Scarlet Scars on the Skin,แผลเป็นสีแดงสดบนผิวหนัง,draft,
2132,Instructions/150,Degraded Skeletal Implants,อวัยวะเทียมโครงกระดูกเสื่อมสภาพ,draft,
2133,Instructions/151,Decompensated Augmentation of the Brain,การเสริมสภาพสมองที่เสียการชดเชย,draft,
2134,Instructions/152,Decompensated Augmentation of the Kidney,การเสริมสภาพไตที่เสียการชดเชย,draft,
2135,Instructions/153,Decompensated Augmentation of the Stomach,การเสริมสภาพกระเพาะอาหารที่เสียการชดเชย,draft,
2136,Instructions/154,Decompensated Bagisation of the Liver,การบรรจุถุงตับที่เสียการชดเชย,draft,
2137,Instructions/155,Decompensated Bagisation of the Lung,การบรรจุถุงปอดที่เสียการชดเชย,draft,
2138,Instructions/156,Decompensated Augmentation of the Heart,การเสริมสภาพหัวใจที่เสียการชดเชย,draft,
2139,Instructions/157,Advanced Chipization of the Skin,การฝังชิปขั้นสูงในผิวหนัง,draft,
2140,Instructions/158,Advanced Chipization of the Bone,การฝังชิปขั้นสูงในกระดูก,draft,
2141,Instructions/159,Advanced Chipization of Internal Organs,การฝังชิปขั้นสูงในอวัยวะภายใน,draft,
2142,Instructions/160,Advanced Tariffication of the Liver,การแปรสภาพทาริฟฟิเคชันขั้นสูงของตับ,draft,
2143,Instructions/161,Insectomorphic Transformation of Internal Organs,อวัยวะภายในแปรสภาพเป็นเผ่าแมลง,draft,
2144,Instructions/162,Chitin-Like Scales on the Skin,เกล็ดคล้ายไคตินบนผิวหนัง,draft,
2145,Instructions/163,Technomorphic Skeletal Implants,อวัยวะเทียมโครงกระดูกแปรสภาพด้วยเทคโนโลยี,draft,
2146,Instructions/164,Technomorphic Organoids,ออร์แกนอยด์แปรสภาพด้วยเทคโนโลยี,draft,
2147,Instructions/165,Solar Bloom in the Photo,ดอกสุริยะในภาพถ่าย,draft,
2148,Instructions/166,White Hexoids on the Skin,เฮกซอยด์สีขาวบนผิวหนัง,draft,
2149,Instructions/167,Ultra-Technological Bone Structures,โครงสร้างกระดูกเทคโนโลยีล้ำยุค,draft,
2150,Instructions/168,Ultra-Technological Modification of Organs,อวัยวะดัดแปลงด้วยเทคโนโลยีล้ำยุค,draft,
2151,Instructions/169,Digital Spatial Rupture in the Photo,รอยแยกมิติดิจิทัลในภาพถ่าย,draft,
2152,Instructions/170,Technosymbiotic Transformation of the Bone Tissue,เนื้อเยื่อกระดูกแปรสภาพแบบพึ่งพาเทคโนโลยี,draft,
2153,Instructions/171,Technosymbiotic Transformation of Internal Organs,อวัยวะภายในแปรสภาพแบบพึ่งพาเทคโนโลยี,draft,
2154,Instructions/172,Gray Tentacles in the Photo,หนวดสีเทาในภาพถ่าย,draft,
2155,Instructions/173,Mana-Bearing Crystal Growths on the Skin,ผลึกสะสมพลังเวทบนผิวหนัง,draft,
2156,Instructions/174,Honey-Sweet Transformation of the Bone Tissue,เนื้อเยื่อกระดูกแปรสภาพหวานดุจน้ำผึ้ง,draft,
2157,Instructions/175,Technomagical Transformation of Internal Organs,อวัยวะภายในแปรสภาพด้วยเวทเทคโนโลยี,draft,
2158,Instructions/176,All-Seeing Eyes on the Skin,ดวงตารู้เห็นทุกสิ่งบนผิวหนัง,draft,
2159,Instructions/177,Ectoplasmic Skeleton,โครงกระดูกเอกโทพลาซึม,draft,
2160,Instructions/178,Alchemical Transmutation of Internal Organs,อวัยวะภายในแปรธาตุแบบเล่นแร่แปรธาตุ,draft,
2161,Instructions/179,Alchemist's Skull,กะโหลกนักเล่นแร่แปรธาตุ,draft,
2162,Instructions/180,Demonic Fox in the Photo,จิ้งจอกปีศาจในภาพถ่าย,draft,
2163,Instructions/181,Cheshire Smile in the Photo,รอยยิ้มเชสเชียร์ในภาพถ่าย,draft,
2164,Instructions/182,Continuum Rupture on the Skin,รอยแยกภาวะต่อเนื่องบนผิวหนัง,draft,
2165,Instructions/183,Spectral Shift of the Bone Tissue,เนื้อเยื่อกระดูกเลื่อนเฟสสเปกตรัม,draft,
2166,Instructions/184,Continuum Shift of Internal Organs,อวัยวะภายในเลื่อนภาวะต่อเนื่อง,draft,
2167,Instructions/185,Universal Mechanism in the Spatial Rupture in the Photo,กลไกสากลในรอยแยกมิติในภาพถ่าย,draft,
2168,Instructions/186,Blood Type A+,กรุ๊ปเลือด A+,draft,
2169,Instructions/187,Blood Type B+,กรุ๊ปเลือด B+,draft,
2170,Instructions/188,Blood Type AB+,กรุ๊ปเลือด AB+,draft,
2171,Instructions/189,Blood Type O+,กรุ๊ปเลือด O+,draft,
2172,Instructions/190,Blood Type A-,กรุ๊ปเลือด A-,draft,
2173,Instructions/191,Blood Type B-,กรุ๊ปเลือด B-,draft,
2174,Instructions/192,Blood Type AB-,กรุ๊ปเลือด AB-,draft,
2175,Instructions/193,Blood Type O-,กรุ๊ปเลือด O-,draft,
2176,Instructions/194,Rapid Blood Test Type 0,ชุดตรวจเลือดเร่งด่วนชนิด 0,draft,
2177,Instructions/195,Rapid Blood Test Type 1,ชุดตรวจเลือดเร่งด่วนชนิด 1,draft,
2178,Instructions/196,Rapid Blood Test Type 2,ชุดตรวจเลือดเร่งด่วนชนิด 2,draft,
2179,Instructions/197,Rapid Blood Test Type 3,ชุดตรวจเลือดเร่งด่วนชนิด 3,draft,
2180,Instructions/198,Rapid Blood Test Type 4,ชุดตรวจเลือดเร่งด่วนชนิด 4,draft,
2181,Instructions/199,Rapid Blood Test Type 5,ชุดตรวจเลือดเร่งด่วนชนิด 5,draft,
2182,Instructions/200,Rapid Blood Test Type 6,ชุดตรวจเลือดเร่งด่วนชนิด 6,draft,
2183,Instructions/201,Rapid Blood Test Type 7,ชุดตรวจเลือดเร่งด่วนชนิด 7,draft,
2184,Instructions/202,Sphaera Numinis Aurei in the blood,Sphaera Numinis Aurei ในเลือด,draft,
2185,Instructions/203,Erythrocytus Psionicus in the blood,Erythrocytus Psionicus ในเลือด,draft,
2186,Instructions/204,Spora Satanica in the blood,Spora Satanica ในเลือด,draft,
2187,Instructions/205,Erythrocytus Mycoticus in the blood,Erythrocytus Mycoticus ในเลือด,draft,
2188,Instructions/206,Erythrocytus Ignitus in the blood,Erythrocytus Ignitus ในเลือด,draft,
2189,Instructions/207,Crystallus Arcanus in the blood,Crystallus Arcanus ในเลือด,draft,
2190,Instructions/208,Erythrocytus Arcanus in the blood,Erythrocytus Arcanus ในเลือด,draft,
2191,Instructions/209,Phantasma Vorax in the blood,Phantasma Vorax ในเลือด,draft,
2192,Instructions/210,Erythrocytus Vacuus in the blood,Erythrocytus Vacuus ในเลือด,draft,
2193,Instructions/211,Folium Incantatum in the blood,Folium Incantatum ในเลือด,draft,
2194,Instructions/212,Erythrocytus Sigillatus in the blood,Erythrocytus Sigillatus ในเลือด,draft,
2195,Instructions/213,Erythrocytus Digitalis in the blood,Erythrocytus Digitalis ในเลือด,draft,
2196,Instructions/214,Virus Memeticum in the blood,Virus Memeticum ในเลือด,draft,
2197,Instructions/215,Erythrocytus Quadratus in the blood,Erythrocytus Quadratus ในเลือด,draft,
2198,Instructions/216,"Microelement, hazard level 1",จุลธาตุ ระดับอันตราย 1,draft,
2199,Instructions/217,"Microelement, hazard level 2",จุลธาตุ ระดับอันตราย 2,draft,
2200,Instructions/218,"Microelement, hazard level 3",จุลธาตุ ระดับอันตราย 3,draft,
2201,Instructions/219,"Microelement, hazard level 4",จุลธาตุ ระดับอันตราย 4,draft,
2202,Instructions/220,"Microelement, hazard level 5",จุลธาตุ ระดับอันตราย 5,draft,
2203,Instructions/221,"Microelement, hazard level 6",จุลธาตุ ระดับอันตราย 6,draft,
2204,Instructions/222,"Microelement, hazard level 2 or higher",จุลธาตุ ระดับอันตราย 2 ขึ้นไป,draft,
2205,Instructions/223,"Microelement, hazard level 3 or higher",จุลธาตุ ระดับอันตราย 3 ขึ้นไป,draft,
2206,Instructions/224,"Microelement, hazard level 4 or higher",จุลธาตุ ระดับอันตราย 4 ขึ้นไป,draft,
2207,Instructions/225,"Microelement, hazard level 5 or higher",จุลธาตุ ระดับอันตราย 5 ขึ้นไป,draft,
2208,Instructions/226,"Microelement, hazard level 6 or higher",จุลธาตุ ระดับอันตราย 6 ขึ้นไป,draft,
2209,Instructions/227,"Microelement, Organoid class",จุลธาตุ ชั้นออร์แกนอยด์,draft,
2210,Instructions/228,"Microelement, Parasite class",จุลธาตุ ชั้นปรสิต,draft,
2211,Instructions/229,"Microelement, Synthetic class",จุลธาตุ ชั้นสังเคราะห์,draft,
2212,Instructions/230,"Microelement, Mineral class",จุลธาตุ ชั้นแร่,draft,
2213,Instructions/231,"Microelement, [CLASSIFIED] class",จุลธาตุ ชั้น [CLASSIFIED],draft,
2214,Instructions/232,"Microelement, Swarm class",จุลธาตุ ชั้นฝูง,draft,
2215,Instructions/233,"Microelement, Metaphysical class",จุลธาตุ ชั้นอภิปรัชญา,draft,
2216,Instructions/234,Visitor's own fingerprints on papers,ลายนิ้วมือของผู้มาเยือนบนเอกสาร,draft,
2217,Instructions/235,Someone else's fingerprints on papers,ลายนิ้วมือของบุคคลอื่นบนเอกสาร,draft,
2218,Instructions/236,Visitor's own fingerprints on passport,ลายนิ้วมือของผู้มาเยือนบนหนังสือเดินทาง,draft,
2219,Instructions/237,Someone else's fingerprints on passport,ลายนิ้วมือของบุคคลอื่นบนหนังสือเดินทาง,draft,
2220,Instructions/238,Visitor's own fingerprints on pass,ลายนิ้วมือของผู้มาเยือนบนบัตรผ่าน,draft,
2221,Instructions/239,Someone else's fingerprints on pass,ลายนิ้วมือของบุคคลอื่นบนบัตรผ่าน,draft,
2222,Instructions/240,Metaphysical,อภิปรัชญา,draft,
2223,Instructions/241,,,untranslated,
2224,Instructions/242,,,untranslated,
2225,Instructions/243,,,untranslated,
2226,Instructions/244,,,untranslated,
2227,Instructions/245,,,untranslated,
2228,Instructions/246,,,untranslated,
2229,Instructions/247,,,untranslated,
2230,Instructions/248,,,untranslated,
2231,Instructions/249,,,untranslated,
2232,Instructions/250,,,untranslated,
2233,Instructions/251,,,untranslated,
2234,Instructions/252,,,untranslated,
2235,Instructions/253,,,untranslated,
2236,Instructions/254,,,untranslated,
2237,Instructions/255,,,untranslated,
2238,Instructions/256,,,untranslated,
2239,Instructions/257,,,untranslated,
2240,Instructions/258,,,untranslated,
2241,Instructions/259,,,untranslated,
2242,Instructions/260,,,untranslated,
2243,Instructions/261,,,untranslated,
2244,Instructions/262,,,untranslated,
2245,Instructions/263,,,untranslated,
2246,Instructions/264,,,untranslated,
2247,Instructions/265,,,untranslated,
2248,Instructions/266,,,untranslated,
2249,Instructions/267,,,untranslated,
2250,Instructions/268,,,untranslated,
2251,Instructions/269,,,untranslated,
2252,Instructions/270,,,untranslated,
2253,Instructions/271,,,untranslated,
2254,Instructions/272,,,untranslated,
2255,Instructions/273,,,untranslated,
2256,Instructions/274,,,untranslated,
2257,Instructions/275,,,untranslated,
2258,Instructions/276,,,untranslated,
2259,Instructions/277,,,untranslated,
2260,Instructions/278,,,untranslated,
2261,Instructions/279,,,untranslated,
2262,Instructions/280,,,untranslated,
2263,Instructions/281,,,untranslated,
2264,Instructions/282,,,untranslated,
2265,Instructions/283,,,untranslated,
2266,Instructions/284,,,untranslated,
2267,Instructions/285,,,untranslated,
2268,Instructions/286,,,untranslated,
2269,Instructions/287,,,untranslated,
2270,Instructions/288,,,untranslated,
2271,Instructions/289,,,untranslated,
2272,Instructions/290,,,untranslated,
2273,Instructions/291,,,untranslated,
2274,Instructions/292,,,untranslated,
2275,Instructions/293,,,untranslated,
2276,Instructions/294,,,untranslated,
2277,Instructions/295,,,untranslated,
2278,Instructions/296,,,untranslated,
2279,Instructions/297,,,untranslated,
2280,Instructions/298,,,untranslated,
2281,Instructions/299,,,untranslated,
2282,Instructions/300,,,untranslated,
2283,Instructions/301,,,untranslated,
2284,Instructions/302,,,untranslated,
2285,Instructions/303,,,untranslated,
2286,Instructions/304,,,untranslated,
2287,Instructions/305,,,untranslated,
2288,Instructions/306,,,untranslated,
2289,Instructions/307,,,untranslated,
2290,Instructions/308,,,untranslated,
2291,Instructions/309,,,untranslated,
2292,Instructions/310,,,untranslated,
2293,Instructions/311,,,untranslated,
2294,Instructions/312,,,untranslated,
2295,Instructions/313,,,untranslated,
2296,Instructions/314,,,untranslated,
2297,Instructions/315,,,untranslated,
2298,Instructions/316,,,untranslated,
2299,Instructions/317,,,untranslated,
2300,Instructions/318,,,untranslated,
2301,Instructions/319,,,untranslated,
2302,Instructions/320,,,untranslated,
2303,Instructions/321,,,untranslated,
2304,Instructions/322,,,untranslated,
2305,Instructions/323,,,untranslated,
2306,Instructions/324,,,untranslated,
2307,Instructions/325,,,untranslated,
2308,Instructions/326,,,untranslated,
2309,Instructions/327,,,untranslated,
2310,Instructions/328,,,untranslated,
2311,Instructions/329,,,untranslated,
2312,Instructions/330,,,untranslated,
2313,Instructions/331,,,untranslated,
2314,Instructions/332,,,untranslated,
2315,Instructions/333,,,untranslated,
2316,Instructions/334,,,untranslated,
2317,Instructions/335,,,untranslated,
2318,Instructions/336,,,untranslated,
2319,Instructions/337,,,untranslated,
2320,Instructions/338,,,untranslated,
2321,Instructions/339,,,untranslated,
2322,Instructions/340,,,untranslated,
2323,Instructions/341,,,untranslated,
2324,Instructions/342,,,untranslated,
2325,Instructions/343,,,untranslated,
2326,Instructions/344,,,untranslated,
2327,Instructions/345,,,untranslated,
2328,Instructions/346,,,untranslated,
2329,Instructions/347,,,untranslated,
2330,Instructions/348,,,untranslated,
2331,Instructions/349,,,untranslated,
2332,Instructions/350,,,untranslated,
2333,Instructions/351,,,untranslated,
2334,Instructions/352,,,untranslated,
2335,Instructions/353,,,untranslated,
2336,Instructions/354,,,untranslated,
2337,Instructions/355,,,untranslated,
2338,Instructions/356,,,untranslated,
2339,Instructions/357,,,untranslated,
2340,Instructions/358,,,untranslated,
2341,Instructions/359,,,untranslated,
2342,Instructions/360,,,untranslated,
2343,Instructions/361,,,untranslated,
2344,Instructions/362,,,untranslated,
2345,Instructions/363,,,untranslated,
2346,Instructions/364,,,untranslated,
2347,Instructions/365,,,untranslated,
2348,Instructions/366,,,untranslated,
2349,Instructions/367,,,untranslated,
2350,Instructions/368,,,untranslated,
2351,Instructions/369,,,untranslated,
2352,Instructions/370,,,untranslated,
2353,Instructions/371,,,untranslated,
2354,Instructions/372,,,untranslated,
2355,Instructions/373,,,untranslated,
2356,Instructions/374,,,untranslated,
2357,Instructions/375,,,untranslated,
2358,Instructions/376,,,untranslated,
2359,Instructions/377,,,untranslated,
2360,Instructions/378,,,untranslated,
2361,Instructions/379,,,untranslated,
2362,Instructions/380,,,untranslated,
2363,Instructions/381,,,untranslated,
2364,Instructions/382,,,untranslated,
2365,Instructions/383,,,untranslated,
2366,Instructions/384,,,untranslated,
2367,Instructions/385,,,untranslated,
2368,Instructions/386,,,untranslated,
2369,Instructions/387,,,untranslated,
2370,Instructions/388,,,untranslated,
2371,Instructions/389,,,untranslated,
2372,Instructions/390,,,untranslated,
2373,Instructions/391,,,untranslated,
2374,Instructions/392,,,untranslated,
2375,Instructions/393,,,untranslated,
2376,Instructions/394,,,untranslated,
2377,Instructions/395,,,untranslated,
2378,Instructions/396,,,untranslated,
2379,Instructions/397,,,untranslated,
2380,Instructions/398,,,untranslated,
2381,Instructions/399,,,untranslated,
2382,Instructions/400,,,untranslated,
2383,Instructions/401,,,untranslated,
2384,Instructions/402,,,untranslated,
2385,Instructions/403,,,untranslated,
2386,Instructions/404,,,untranslated,
2387,Instructions/405,,,untranslated,
2388,Instructions/406,,,untranslated,
2389,Instructions/407,,,untranslated,
2390,Instructions/408,,,untranslated,
2391,Instructions/409,,,untranslated,
2392,Instructions/410,,,untranslated,
2393,Instructions/411,,,untranslated,
2394,Instructions/412,,,untranslated,
2395,Instructions/413,,,untranslated,
2396,Instructions/414,,,untranslated,
2397,Instructions/415,,,untranslated,
2398,Instructions/416,,,untranslated,
2399,Instructions/417,,,untranslated,
2400,Instructions/418,,,untranslated,
2401,Instructions/419,,,untranslated,
2402,Instructions/420,,,untranslated,
2403,Instructions/421,,,untranslated,
2404,Instructions/422,,,untranslated,
2405,Instructions/423,,,untranslated,
2406,Instructions/424,,,untranslated,
2407,Instructions/425,,,untranslated,
2408,Instructions/426,,,untranslated,
2409,Instructions/427,,,untranslated,
2410,Instructions/428,,,untranslated,
2411,Instructions/429,,,untranslated,
2412,Instructions/430,,,untranslated,
2413,Instructions/431,,,untranslated,
2414,Instructions/432,,,untranslated,
2415,Instructions/433,,,untranslated,
2416,Instructions/434,,,untranslated,
2417,Instructions/435,,,untranslated,
2418,Instructions/436,,,untranslated,
2419,Instructions/437,,,untranslated,
2420,Instructions/438,,,untranslated,
2421,Instructions/439,,,untranslated,
2422,Instructions/440,,,untranslated,
2423,Instructions/441,,,untranslated,
2424,Instructions/442,,,untranslated,
2425,Instructions/443,,,untranslated,
2426,Instructions/444,,,untranslated,
2427,Instructions/445,,,untranslated,
2428,Instructions/446,,,untranslated,
2429,Instructions/447,,,untranslated,
2430,Instructions/448,,,untranslated,
2431,Instructions/449,,,untranslated,
2432,Instructions/450,,,untranslated,
2433,Instructions/451,,,untranslated,
2434,Instructions/452,,,untranslated,
2435,Instructions/453,,,untranslated,
2436,Instructions/454,,,untranslated,
2437,Instructions/455,,,untranslated,
2438,Instructions/456,,,untranslated,
2439,Instructions/457,,,untranslated,
2440,Instructions/458,,,untranslated,
2441,Instructions/459,,,untranslated,
2442,Instructions/460,,,untranslated,
2443,Instructions/461,,,untranslated,
2444,Instructions/462,,,untranslated,
2445,Instructions/463,,,untranslated,
2446,Instructions/464,,,untranslated,
2447,Instructions/465,,,untranslated,
2448,Instructions/466,,,untranslated,
2449,Instructions/467,,,untranslated,
2450,Instructions/468,,,untranslated,
2451,Instructions/469,,,untranslated,
2452,Instructions/470,,,untranslated,
2453,Instructions/471,,,untranslated,
2454,Instructions/472,,,untranslated,
2455,Instructions/473,,,untranslated,
2456,Instructions/474,,,untranslated,
2457,Instructions/475,,,untranslated,
2458,Instructions/476,,,untranslated,
2459,Instructions/477,,,untranslated,
2460,Instructions/478,,,untranslated,
2461,Instructions/479,,,untranslated,
2462,Instructions/480,,,untranslated,
2463,Instructions/481,,,untranslated,
2464,Instructions/482,,,untranslated,
2465,Instructions/483,,,untranslated,
2466,Instructions/484,,,untranslated,
2467,Instructions/485,,,untranslated,
2468,Instructions/486,,,untranslated,
2469,Instructions/487,,,untranslated,
2470,Instructions/488,,,untranslated,
2471,Instructions/489,,,untranslated,
2472,Instructions/490,,,untranslated,
2473,Instructions/491,,,untranslated,
2474,Instructions/492,,,untranslated,
2475,Instructions/493,,,untranslated,
2476,Instructions/494,,,untranslated,
2477,Instructions/495,,,untranslated,
2478,Instructions/496,,,untranslated,
2479,Instructions/497,,,untranslated,
2480,Instructions/498,,,untranslated,
2481,Instructions/499,,,untranslated,
2482,Instructions/500,,,untranslated,
2483,Instructions/501,,,untranslated,
2484,Instructions/502,,,untranslated,
2485,Instructions/503,,,untranslated,
2486,Instructions/504,,,untranslated,
2487,Instructions/505,,,untranslated,
2488,Instructions/506,,,untranslated,
2489,Instructions/507,,,untranslated,
2490,Instructions/508,,,untranslated,
2491,Instructions/509,,,untranslated,
2492,Instructions/510,,,untranslated,
2493,Instructions/511,,,untranslated,
2494,Instructions/512,,,untranslated,
2495,Instructions/513,,,untranslated,
2496,Instructions/514,,,untranslated,
2497,Instructions/515,,,untranslated,
2498,Instructions/516,,,untranslated,
2499,Instructions/517,,,untranslated,
2500,Instructions/518,,,untranslated,
2501,Instructions/519,,,untranslated,
2502,Instructions/520,,,untranslated,
2503,Instructions/521,,,untranslated,
2504,Instructions/522,,,untranslated,
2505,Instructions/523,,,untranslated,
2506,Instructions/524,,,untranslated,
2507,Instructions/525,,,untranslated,
2508,Instructions/526,,,untranslated,
2509,Instructions/527,,,untranslated,
2510,Instructions/528,,,untranslated,
2511,Instructions/529,,,untranslated,
2512,Instructions/530,,,untranslated,
2513,Instructions/531,,,untranslated,
2514,Instructions/532,,,untranslated,
2515,Instructions/533,,,untranslated,
2516,Instructions/534,,,untranslated,
2517,Instructions/535,,,untranslated,
2518,Instructions/536,,,untranslated,
2519,Instructions/537,,,untranslated,
2520,Instructions/538,,,untranslated,
2521,Instructions/539,,,untranslated,
2522,Instructions/540,,,untranslated,
2523,Instructions/541,,,untranslated,
2524,Instructions/542,,,untranslated,
2525,Instructions/543,,,untranslated,
2526,Instructions/544,,,untranslated,
2527,Instructions/545,,,untranslated,
2528,Instructions/546,,,untranslated,
2529,Instructions/547,,,untranslated,
2530,Instructions/548,,,untranslated,
2531,Instructions/549,,,untranslated,
2532,Instructions/550,,,untranslated,
2533,Instructions/551,,,untranslated,
2534,Instructions/552,,,untranslated,
2535,Instructions/553,,,untranslated,
2536,Instructions/554,,,untranslated,
2537,Instructions/555,,,untranslated,
2538,Instructions/556,,,untranslated,
2539,Instructions/557,,,untranslated,
2540,Instructions/558,,,untranslated,
2541,Instructions/559,,,untranslated,
2542,Instructions/560,,,untranslated,
2543,Instructions/561,,,untranslated,
2544,Instructions/562,,,untranslated,
2545,Instructions/563,,,untranslated,
2546,Instructions/564,,,untranslated,
2547,Instructions/565,,,untranslated,
2548,Instructions/566,,,untranslated,
2549,Instructions/567,,,untranslated,
2550,Instructions/568,,,untranslated,
2551,Instructions/569,,,untranslated,
2552,Instructions/570,,,untranslated,
2553,Instructions/571,,,untranslated,
2554,Instructions/572,,,untranslated,
2555,Instructions/573,,,untranslated,
2556,Instructions/574,,,untranslated,
2557,Instructions/575,,,untranslated,
2558,Instructions/576,,,untranslated,
2559,Instructions/577,,,untranslated,
2560,Instructions/578,,,untranslated,
2561,Instructions/579,,,untranslated,
2562,Instructions/580,,,untranslated,
2563,Instructions/581,,,untranslated,
2564,Instructions/582,,,untranslated,
2565,Instructions/583,,,untranslated,
2566,Instructions/584,,,untranslated,
2567,Instructions/585,,,untranslated,
2568,Instructions/586,,,untranslated,
2569,Instructions/587,,,untranslated,
2570,Instructions/588,,,untranslated,
2571,Instructions/589,,,untranslated,
2572,Instructions/590,,,untranslated,
2573,Instructions/591,,,untranslated,
2574,Instructions/592,,,untranslated,
2575,Instructions/593,,,untranslated,
2576,Instructions/594,,,untranslated,
2577,Instructions/595,,,untranslated,
2578,Instructions/596,,,untranslated,
2579,Instructions/597,,,untranslated,
2580,Instructions/598,,,untranslated,
2581,Instructions/599,,,untranslated,
2582,Instructions/600,,,untranslated,
2583,Instructions/601,,,untranslated,
2584,Instructions/602,,,untranslated,
2585,Instructions/603,,,untranslated,
2586,Instructions/604,,,untranslated,
2587,Instructions/605,,,untranslated,
2588,Instructions/606,,,untranslated,
2589,Instructions/607,,,untranslated,
2590,Instructions/608,,,untranslated,
2591,Instructions/609,,,untranslated,
2592,Instructions/610,,,untranslated,
2593,Instructions/611,,,untranslated,
2594,Instructions/612,,,untranslated,
2595,Instructions/613,,,untranslated,
2596,Instructions/614,,,untranslated,
2597,Instructions/615,,,untranslated,
2598,Instructions/616,,,untranslated,
2599,Instructions/617,,,untranslated,
2600,Instructions/618,,,untranslated,
2601,Instructions/619,,,untranslated,
2602,Instructions/620,,,untranslated,
2603,Instructions/621,,,untranslated,
2604,Instructions/622,,,untranslated,
2605,Instructions/623,,,untranslated,
2606,Instructions/624,,,untranslated,
2607,Instructions/625,,,untranslated,
2608,Instructions/626,,,untranslated,
2609,Instructions/627,,,untranslated,
2610,Instructions/628,,,untranslated,
2611,Instructions/629,,,untranslated,
2612,Instructions/630,,,untranslated,
2613,Instructions/631,,,untranslated,
2614,Instructions/632,,,untranslated,
2615,Instructions/633,,,untranslated,
2616,Instructions/634,,,untranslated,
2617,Instructions/635,,,untranslated,
2618,Instructions/636,,,untranslated,
2619,Instructions/637,,,untranslated,
2620,Instructions/638,,,untranslated,
2621,Instructions/639,,,untranslated,
2622,Instructions/640,,,untranslated,
2623,Instructions/641,,,untranslated,
2624,Instructions/642,,,untranslated,
2625,Instructions/643,,,untranslated,
2626,Instructions/644,,,untranslated,
2627,Instructions/645,,,untranslated,
2628,Instructions/646,,,untranslated,
2629,Instructions/647,,,untranslated,
2630,Instructions/648,,,untranslated,
2631,Instructions/649,,,untranslated,
2632,Instructions/650,,,untranslated,
2633,Instructions/651,,,untranslated,
2634,Instructions/652,,,untranslated,
2635,Instructions/653,,,untranslated,
2636,Instructions/654,,,untranslated,
2637,Instructions/655,,,untranslated,
2638,Instructions/656,,,untranslated,
2639,Instructions/657,,,untranslated,
2640,Instructions/658,,,untranslated,
2641,Instructions/659,,,untranslated,
2642,Instructions/660,,,untranslated,
2643,Instructions/661,,,untranslated,
2644,Instructions/662,,,untranslated,
2645,Instructions/663,,,untranslated,
2646,Instructions/664,,,untranslated,
2647,Instructions/665,,,untranslated,
2648,Instructions/666,,,untranslated,
2649,Instructions/667,,,untranslated,
2650,Instructions/668,,,untranslated,
2651,Instructions/669,,,untranslated,
2652,Instructions/670,,,untranslated,
2653,Instructions/671,,,untranslated,
2654,Instructions/672,,,untranslated,
2655,Instructions/673,,,untranslated,
2656,Instructions/674,,,untranslated,
2657,Instructions/675,,,untranslated,
2658,Instructions/676,,,untranslated,
2659,Instructions/677,,,untranslated,
2660,Instructions/678,,,untranslated,
2661,Instructions/679,,,untranslated,
2662,Instructions/680,,,untranslated,
2663,Instructions/681,,,untranslated,
2664,Instructions/682,,,untranslated,
2665,Instructions/683,,,untranslated,
2666,Instructions/684,,,untranslated,
2667,Instructions/685,,,untranslated,
2668,Instructions/686,,,untranslated,
2669,Instructions/687,,,untranslated,
2670,Instructions/688,,,untranslated,
2671,Instructions/689,,,untranslated,
2672,Instructions/690,,,untranslated,
2673,Instructions/691,,,untranslated,
2674,Instructions/692,,,untranslated,
2675,Instructions/693,,,untranslated,
2676,Instructions/694,,,untranslated,
2677,Instructions/695,,,untranslated,
2678,Instructions/696,,,untranslated,
2679,Instructions/697,,,untranslated,
2680,Instructions/698,,,untranslated,
2681,Instructions/699,,,untranslated,
2682,Instructions/700,,,untranslated,
2683,Instructions/701,,,untranslated,
2684,Instructions/702,,,untranslated,
2685,Instructions/703,,,untranslated,
2686,Instructions/704,,,untranslated,
2687,Instructions/705,,,untranslated,
2688,Instructions/706,,,untranslated,
2689,Instructions/707,,,untranslated,
2690,Instructions/708,,,untranslated,
2691,Instructions/709,,,untranslated,
2692,Instructions/710,,,untranslated,
2693,Instructions/711,,,untranslated,
2694,Instructions/712,,,untranslated,
2695,Instructions/713,,,untranslated,
2696,Instructions/714,,,untranslated,
2697,Instructions/715,,,untranslated,
2698,Instructions/716,,,untranslated,
2699,Instructions/717,,,untranslated,
2700,Instructions/718,,,untranslated,
2701,Instructions/719,,,untranslated,
2702,Instructions/720,,,untranslated,
2703,Instructions/721,,,untranslated,
2704,Instructions/722,,,untranslated,
2705,Instructions/723,,,untranslated,
2706,Instructions/724,,,untranslated,
2707,Instructions/725,,,untranslated,
2708,Instructions/726,,,untranslated,
2709,Instructions/727,,,untranslated,
2710,Instructions/728,,,untranslated,
2711,Instructions/729,,,untranslated,
2712,Instructions/730,,,untranslated,
2713,Instructions/731,,,untranslated,
2714,Instructions/732,,,untranslated,
2715,Instructions/733,,,untranslated,
2716,Instructions/734,,,untranslated,
2717,Instructions/735,,,untranslated,
2718,Instructions/736,,,untranslated,
2719,Instructions/737,,,untranslated,
2720,Instructions/738,,,untranslated,
2721,Instructions/739,,,untranslated,
2722,Instructions/740,,,untranslated,
2723,Instructions/741,,,untranslated,
2724,Instructions/742,,,untranslated,
2725,Instructions/743,,,untranslated,
2726,Instructions/744,,,untranslated,
2727,Instructions/745,,,untranslated,
2728,Instructions/746,,,untranslated,
2729,Instructions/747,,,untranslated,
2730,Instructions/748,,,untranslated,
2731,Instructions/749,,,untranslated,
2732,Instructions/750,,,untranslated,
2733,Instructions/751,,,untranslated,
2734,Instructions/752,,,untranslated,
2735,Instructions/753,,,untranslated,
2736,Instructions/754,,,untranslated,
2737,Instructions/755,,,untranslated,
2738,Instructions/756,,,untranslated,
2739,Instructions/757,,,untranslated,
2740,Instructions/758,,,untranslated,
2741,Instructions/759,,,untranslated,
2742,Instructions/760,,,untranslated,
2743,Instructions/761,,,untranslated,
2744,Instructions/762,,,untranslated,
2745,Instructions/763,,,untranslated,
2746,Instructions/764,,,untranslated,
2747,Instructions/765,,,untranslated,
2748,Instructions/766,,,untranslated,
2749,Instructions/767,,,untranslated,
2750,Instructions/768,,,untranslated,
2751,Instructions/769,,,untranslated,
2752,Instructions/770,,,untranslated,
2753,Instructions/771,,,untranslated,
2754,Instructions/772,,,untranslated,
2755,Instructions/773,,,untranslated,
2756,Instructions/774,,,untranslated,
2757,Instructions/775,,,untranslated,
2758,Instructions/776,,,untranslated,
2759,Instructions/777,,,untranslated,
2760,Instructions/778,,,untranslated,
2761,Instructions/779,,,untranslated,
2762,Instructions/780,,,untranslated,
2763,Instructions/781,,,untranslated,
2764,Instructions/782,,,untranslated,
2765,Instructions/783,,,untranslated,
2766,Instructions/784,,,untranslated,
2767,Instructions/785,,,untranslated,
2768,Instructions/786,,,untranslated,
2769,Instructions/787,,,untranslated,
2770,Instructions/788,,,untranslated,
2771,Instructions/789,,,untranslated,
2772,Instructions/790,,,untranslated,
2773,Instructions/791,,,untranslated,
2774,Instructions/792,,,untranslated,
2775,Instructions/793,,,untranslated,
2776,Instructions/794,,,untranslated,
2777,Instructions/795,,,untranslated,
2778,Instructions/796,,,untranslated,
2779,Instructions/797,,,untranslated,
2780,Instructions/798,,,untranslated,
2781,Instructions/799,,,untranslated,
2782,Instructions/800,,,untranslated,
2783,Instructions/801,,,untranslated,
2784,Instructions/802,,,untranslated,
2785,Instructions/803,,,untranslated,
2786,Instructions/804,,,untranslated,
2787,Instructions/805,,,untranslated,
2788,Instructions/806,,,untranslated,
2789,Instructions/807,,,untranslated,
2790,Instructions/808,,,untranslated,
2791,Instructions/809,,,untranslated,
2792,Instructions/810,,,untranslated,
2793,Instructions/811,,,untranslated,
2794,Instructions/812,,,untranslated,
2795,Instructions/813,,,untranslated,
2796,Instructions/814,,,untranslated,
2797,Instructions/815,,,untranslated,
2798,Instructions/816,,,untranslated,
2799,Instructions/817,,,untranslated,
2800,Instructions/818,,,untranslated,
2801,Instructions/819,,,untranslated,
2802,Instructions/820,,,untranslated,
2803,Instructions/821,,,untranslated,
2804,Instructions/822,,,untranslated,
2805,Instructions/823,,,untranslated,
2806,Instructions/824,,,untranslated,
2807,Instructions/825,,,untranslated,
2808,Instructions/826,,,untranslated,
2809,Instructions/827,,,untranslated,
2810,Instructions/828,,,untranslated,
2811,Instructions/829,,,untranslated,
2812,Instructions/830,,,untranslated,
2813,Instructions/831,,,untranslated,
2814,Instructions/832,,,untranslated,
2815,Instructions/833,,,untranslated,
2816,Instructions/834,,,untranslated,
2817,Instructions/835,,,untranslated,
2818,Instructions/836,,,untranslated,
2819,Instructions/837,,,untranslated,
2820,Instructions/838,,,untranslated,
2821,Instructions/839,,,untranslated,
2822,Instructions/840,,,untranslated,
2823,Instructions/841,,,untranslated,
2824,Instructions/842,,,untranslated,
2825,Instructions/843,,,untranslated,
2826,Instructions/844,,,untranslated,
2827,Instructions/845,,,untranslated,
2828,Instructions/846,,,untranslated,
2829,Instructions/847,,,untranslated,
2830,Instructions/848,,,untranslated,
2831,Instructions/849,,,untranslated,
2832,Instructions/850,,,untranslated,
2833,Instructions/851,,,untranslated,
2834,Instructions/852,,,untranslated,
2835,Instructions/853,,,untranslated,
2836,Instructions/854,,,untranslated,
2837,Instructions/855,,,untranslated,
2838,Instructions/856,,,untranslated,
2839,Instructions/857,,,untranslated,
2840,Instructions/858,,,untranslated,
2841,Instructions/859,,,untranslated,
2842,Instructions/860,,,untranslated,
2843,Instructions/861,,,untranslated,
2844,Instructions/862,,,untranslated,
2845,Instructions/863,,,untranslated,
2846,Instructions/864,,,untranslated,
2847,Instructions/865,,,untranslated,
2848,Instructions/866,,,untranslated,
2849,Instructions/867,,,untranslated,
2850,Instructions/868,,,untranslated,
2851,Instructions/869,,,untranslated,
2852,Instructions/870,,,untranslated,
2853,Instructions/871,,,untranslated,
2854,Instructions/872,,,untranslated,
2855,Instructions/873,,,untranslated,
2856,Instructions/874,,,untranslated,
2857,Instructions/875,,,untranslated,
2858,Instructions/876,,,untranslated,
2859,Instructions/877,,,untranslated,
2860,Instructions/878,,,untranslated,
2861,Instructions/879,,,untranslated,
2862,Instructions/880,,,untranslated,
2863,Instructions/881,,,untranslated,
2864,Instructions/882,,,untranslated,
2865,Instructions/883,,,untranslated,
2866,Instructions/884,,,untranslated,
2867,Instructions/885,,,untranslated,
2868,Instructions/886,,,untranslated,
2869,Instructions/887,,,untranslated,
2870,Instructions/888,,,untranslated,
2871,Instructions/889,,,untranslated,
2872,Instructions/890,,,untranslated,
2873,Instructions/891,,,untranslated,
2874,Instructions/892,,,untranslated,
2875,Instructions/893,,,untranslated,
2876,Instructions/894,,,untranslated,
2877,Instructions/895,,,untranslated,
2878,Instructions/896,,,untranslated,
2879,Instructions/897,#N/A,,excluded,[excluded] ค่าต้นฉบับ #N/A ไม่ใช่ข้อความสำหรับแปล
2880,Instructions/898,#N/A,,excluded,[excluded] ค่าต้นฉบับ #N/A ไม่ใช่ข้อความสำหรับแปล
2881,Instructions/899,#N/A,,excluded,[excluded] ค่าต้นฉบับ #N/A ไม่ใช่ข้อความสำหรับแปล
2882,Instructions/900,#N/A,,excluded,[excluded] ค่าต้นฉบับ #N/A ไม่ใช่ข้อความสำหรับแปล
2883,Instructions/901,#N/A,,excluded,[excluded] ค่าต้นฉบับ #N/A ไม่ใช่ข้อความสำหรับแปล
2884,Instructions/902,#N/A,,excluded,[excluded] ค่าต้นฉบับ #N/A ไม่ใช่ข้อความสำหรับแปล
2885,Instructions/903,#N/A,,excluded,[excluded] ค่าต้นฉบับ #N/A ไม่ใช่ข้อความสำหรับแปล
2886,Instructions/904,#N/A,,excluded,[excluded] ค่าต้นฉบับ #N/A ไม่ใช่ข้อความสำหรับแปล
2887,Instructions/905,#N/A,,excluded,[excluded] ค่าต้นฉบับ #N/A ไม่ใช่ข้อความสำหรับแปล
2888,Instructions/906,#N/A,,excluded,[excluded] ค่าต้นฉบับ #N/A ไม่ใช่ข้อความสำหรับแปล
2889,Instructions/907,#N/A,,excluded,[excluded] ค่าต้นฉบับ #N/A ไม่ใช่ข้อความสำหรับแปล
2890,Instructions/908,#N/A,,excluded,[excluded] ค่าต้นฉบับ #N/A ไม่ใช่ข้อความสำหรับแปล
2891,Instructions/909,#N/A,,excluded,[excluded] ค่าต้นฉบับ #N/A ไม่ใช่ข้อความสำหรับแปล
2892,Instructions/910,#N/A,,excluded,[excluded] ค่าต้นฉบับ #N/A ไม่ใช่ข้อความสำหรับแปล
2893,Instructions/911,#N/A,,excluded,[excluded] ค่าต้นฉบับ #N/A ไม่ใช่ข้อความสำหรับแปล
2894,Instructions/912,#N/A,,excluded,[excluded] ค่าต้นฉบับ #N/A ไม่ใช่ข้อความสำหรับแปล
2895,Instructions/913,#N/A,,excluded,[excluded] ค่าต้นฉบับ #N/A ไม่ใช่ข้อความสำหรับแปล
2896,Instructions/914,#N/A,,excluded,[excluded] ค่าต้นฉบับ #N/A ไม่ใช่ข้อความสำหรับแปล
2897,Instructions/915,#N/A,,excluded,[excluded] ค่าต้นฉบับ #N/A ไม่ใช่ข้อความสำหรับแปล
2898,Instructions/916,#N/A,,excluded,[excluded] ค่าต้นฉบับ #N/A ไม่ใช่ข้อความสำหรับแปล
2899,Instructions/917,#N/A,,excluded,[excluded] ค่าต้นฉบับ #N/A ไม่ใช่ข้อความสำหรับแปล
2900,Instructions/918,#N/A,,excluded,[excluded] ค่าต้นฉบับ #N/A ไม่ใช่ข้อความสำหรับแปล
2901,Instructions/919,#N/A,,excluded,[excluded] ค่าต้นฉบับ #N/A ไม่ใช่ข้อความสำหรับแปล
2902,Instructions/920,#N/A,,excluded,[excluded] ค่าต้นฉบับ #N/A ไม่ใช่ข้อความสำหรับแปล
2903,Instructions/921,#N/A,,excluded,[excluded] ค่าต้นฉบับ #N/A ไม่ใช่ข้อความสำหรับแปล
2904,Instructions/922,#N/A,,excluded,[excluded] ค่าต้นฉบับ #N/A ไม่ใช่ข้อความสำหรับแปล
2905,Instructions/923,#N/A,,excluded,[excluded] ค่าต้นฉบับ #N/A ไม่ใช่ข้อความสำหรับแปล
2906,Instructions/924,#N/A,,excluded,[excluded] ค่าต้นฉบับ #N/A ไม่ใช่ข้อความสำหรับแปล
2907,Instructions/925,#N/A,,excluded,[excluded] ค่าต้นฉบับ #N/A ไม่ใช่ข้อความสำหรับแปล
2908,Instructions/926,#N/A,,excluded,[excluded] ค่าต้นฉบับ #N/A ไม่ใช่ข้อความสำหรับแปล
2909,Instructions/927,#N/A,,excluded,[excluded] ค่าต้นฉบับ #N/A ไม่ใช่ข้อความสำหรับแปล
2910,Instructions/928,#N/A,,excluded,[excluded] ค่าต้นฉบับ #N/A ไม่ใช่ข้อความสำหรับแปล
2911,Instructions/929,#N/A,,excluded,[excluded] ค่าต้นฉบับ #N/A ไม่ใช่ข้อความสำหรับแปล
2912,Instructions/930,#N/A,,excluded,[excluded] ค่าต้นฉบับ #N/A ไม่ใช่ข้อความสำหรับแปล
2913,Instructions/931,#N/A,,excluded,[excluded] ค่าต้นฉบับ #N/A ไม่ใช่ข้อความสำหรับแปล
2914,Instructions/932,#N/A,,excluded,[excluded] ค่าต้นฉบับ #N/A ไม่ใช่ข้อความสำหรับแปล
2915,Instructions/933,#N/A,,excluded,[excluded] ค่าต้นฉบับ #N/A ไม่ใช่ข้อความสำหรับแปล
2916,Instructions/934,#N/A,,excluded,[excluded] ค่าต้นฉบับ #N/A ไม่ใช่ข้อความสำหรับแปล
2917,Instructions/935,#N/A,,excluded,[excluded] ค่าต้นฉบับ #N/A ไม่ใช่ข้อความสำหรับแปล
2918,Instructions/936,#N/A,,excluded,[excluded] ค่าต้นฉบับ #N/A ไม่ใช่ข้อความสำหรับแปล
2919,Instructions/937,#N/A,,excluded,[excluded] ค่าต้นฉบับ #N/A ไม่ใช่ข้อความสำหรับแปล
2920,Instructions/938,#N/A,,excluded,[excluded] ค่าต้นฉบับ #N/A ไม่ใช่ข้อความสำหรับแปล
2921,Instructions/939,#N/A,,excluded,[excluded] ค่าต้นฉบับ #N/A ไม่ใช่ข้อความสำหรับแปล
2922,Instructions/940,#N/A,,excluded,[excluded] ค่าต้นฉบับ #N/A ไม่ใช่ข้อความสำหรับแปล
2923,Instructions/941,#N/A,,excluded,[excluded] ค่าต้นฉบับ #N/A ไม่ใช่ข้อความสำหรับแปล
2924,Instructions/942,#N/A,,excluded,[excluded] ค่าต้นฉบับ #N/A ไม่ใช่ข้อความสำหรับแปล
2925,Instructions/943,#N/A,,excluded,[excluded] ค่าต้นฉบับ #N/A ไม่ใช่ข้อความสำหรับแปล
2926,Instructions/944,#N/A,,excluded,[excluded] ค่าต้นฉบับ #N/A ไม่ใช่ข้อความสำหรับแปล
2927,Instructions/945,#N/A,,excluded,[excluded] ค่าต้นฉบับ #N/A ไม่ใช่ข้อความสำหรับแปล
2928,Instructions/946,#N/A,,excluded,[excluded] ค่าต้นฉบับ #N/A ไม่ใช่ข้อความสำหรับแปล
2929,Instructions/947,#N/A,,excluded,[excluded] ค่าต้นฉบับ #N/A ไม่ใช่ข้อความสำหรับแปล
2930,Instructions/948,#N/A,,excluded,[excluded] ค่าต้นฉบับ #N/A ไม่ใช่ข้อความสำหรับแปล
2931,Instructions/949,#N/A,,excluded,[excluded] ค่าต้นฉบับ #N/A ไม่ใช่ข้อความสำหรับแปล
2932,Instructions/950,#N/A,,excluded,[excluded] ค่าต้นฉบับ #N/A ไม่ใช่ข้อความสำหรับแปล
2933,Instructions/951,#N/A,,excluded,[excluded] ค่าต้นฉบับ #N/A ไม่ใช่ข้อความสำหรับแปล
2934,Instructions/952,#N/A,,excluded,[excluded] ค่าต้นฉบับ #N/A ไม่ใช่ข้อความสำหรับแปล
2935,Instructions/953,#N/A,,excluded,[excluded] ค่าต้นฉบับ #N/A ไม่ใช่ข้อความสำหรับแปล
2936,Instructions/954,#N/A,,excluded,[excluded] ค่าต้นฉบับ #N/A ไม่ใช่ข้อความสำหรับแปล
2937,Instructions/955,#N/A,,excluded,[excluded] ค่าต้นฉบับ #N/A ไม่ใช่ข้อความสำหรับแปล
2938,Instructions/956,#N/A,,excluded,[excluded] ค่าต้นฉบับ #N/A ไม่ใช่ข้อความสำหรับแปล
2939,Instructions/957,#N/A,,excluded,[excluded] ค่าต้นฉบับ #N/A ไม่ใช่ข้อความสำหรับแปล
2940,Instructions/958,#N/A,,excluded,[excluded] ค่าต้นฉบับ #N/A ไม่ใช่ข้อความสำหรับแปล
2941,Instructions/959,#N/A,,excluded,[excluded] ค่าต้นฉบับ #N/A ไม่ใช่ข้อความสำหรับแปล
2942,Instructions/960,#N/A,,excluded,[excluded] ค่าต้นฉบับ #N/A ไม่ใช่ข้อความสำหรับแปล
2943,Instructions/961,#N/A,,excluded,[excluded] ค่าต้นฉบับ #N/A ไม่ใช่ข้อความสำหรับแปล
2944,Instructions/962,#N/A,,excluded,[excluded] ค่าต้นฉบับ #N/A ไม่ใช่ข้อความสำหรับแปล
2945,Instructions/963,#N/A,,excluded,[excluded] ค่าต้นฉบับ #N/A ไม่ใช่ข้อความสำหรับแปล
2946,Instructions/964,#N/A,,excluded,[excluded] ค่าต้นฉบับ #N/A ไม่ใช่ข้อความสำหรับแปล
2947,Instructions/965,#N/A,,excluded,[excluded] ค่าต้นฉบับ #N/A ไม่ใช่ข้อความสำหรับแปล
2948,Instructions/966,#N/A,,excluded,[excluded] ค่าต้นฉบับ #N/A ไม่ใช่ข้อความสำหรับแปล
2949,Instructions/967,#N/A,,excluded,[excluded] ค่าต้นฉบับ #N/A ไม่ใช่ข้อความสำหรับแปล
2950,Instructions/968,#N/A,,excluded,[excluded] ค่าต้นฉบับ #N/A ไม่ใช่ข้อความสำหรับแปล
2951,Instructions/969,#N/A,,excluded,[excluded] ค่าต้นฉบับ #N/A ไม่ใช่ข้อความสำหรับแปล
2952,Instructions/970,#N/A,,excluded,[excluded] ค่าต้นฉบับ #N/A ไม่ใช่ข้อความสำหรับแปล
2953,Instructions/971,#N/A,,excluded,[excluded] ค่าต้นฉบับ #N/A ไม่ใช่ข้อความสำหรับแปล
2954,Instructions/972,#N/A,,excluded,[excluded] ค่าต้นฉบับ #N/A ไม่ใช่ข้อความสำหรับแปล
2955,Instructions/973,#N/A,,excluded,[excluded] ค่าต้นฉบับ #N/A ไม่ใช่ข้อความสำหรับแปล
2956,Instructions/974,#N/A,,excluded,[excluded] ค่าต้นฉบับ #N/A ไม่ใช่ข้อความสำหรับแปล
2957,Instructions/975,#N/A,,excluded,[excluded] ค่าต้นฉบับ #N/A ไม่ใช่ข้อความสำหรับแปล
2958,Instructions/976,#N/A,,excluded,[excluded] ค่าต้นฉบับ #N/A ไม่ใช่ข้อความสำหรับแปล
2959,Instructions/977,#N/A,,excluded,[excluded] ค่าต้นฉบับ #N/A ไม่ใช่ข้อความสำหรับแปล
2960,Instructions/978,#N/A,,excluded,[excluded] ค่าต้นฉบับ #N/A ไม่ใช่ข้อความสำหรับแปล
2961,Instructions/979,#N/A,,excluded,[excluded] ค่าต้นฉบับ #N/A ไม่ใช่ข้อความสำหรับแปล
2962,Instructions/980,#N/A,,excluded,[excluded] ค่าต้นฉบับ #N/A ไม่ใช่ข้อความสำหรับแปล
2963,Instructions/981,#N/A,,excluded,[excluded] ค่าต้นฉบับ #N/A ไม่ใช่ข้อความสำหรับแปล
2964,Instructions/982,#N/A,,excluded,[excluded] ค่าต้นฉบับ #N/A ไม่ใช่ข้อความสำหรับแปล
2965,Instructions/983,#N/A,,excluded,[excluded] ค่าต้นฉบับ #N/A ไม่ใช่ข้อความสำหรับแปล
2966,Instructions/984,#N/A,,excluded,[excluded] ค่าต้นฉบับ #N/A ไม่ใช่ข้อความสำหรับแปล
2967,Instructions/985,#N/A,,excluded,[excluded] ค่าต้นฉบับ #N/A ไม่ใช่ข้อความสำหรับแปล
2968,Instructions/986,#N/A,,excluded,[excluded] ค่าต้นฉบับ #N/A ไม่ใช่ข้อความสำหรับแปล
2969,Instructions/987,#N/A,,excluded,[excluded] ค่าต้นฉบับ #N/A ไม่ใช่ข้อความสำหรับแปล
2970,Instructions/988,#N/A,,excluded,[excluded] ค่าต้นฉบับ #N/A ไม่ใช่ข้อความสำหรับแปล
2971,Instructions/989,#N/A,,excluded,[excluded] ค่าต้นฉบับ #N/A ไม่ใช่ข้อความสำหรับแปล
2972,Instructions/990,#N/A,,excluded,[excluded] ค่าต้นฉบับ #N/A ไม่ใช่ข้อความสำหรับแปล
2973,Instructions/991,#N/A,,excluded,[excluded] ค่าต้นฉบับ #N/A ไม่ใช่ข้อความสำหรับแปล
2974,Instructions/992,#N/A,,excluded,[excluded] ค่าต้นฉบับ #N/A ไม่ใช่ข้อความสำหรับแปล
2975,Instructions/993,#N/A,,excluded,[excluded] ค่าต้นฉบับ #N/A ไม่ใช่ข้อความสำหรับแปล
2976,Instructions/994,#N/A,,excluded,[excluded] ค่าต้นฉบับ #N/A ไม่ใช่ข้อความสำหรับแปล
2977,Instructions/995,#N/A,,excluded,[excluded] ค่าต้นฉบับ #N/A ไม่ใช่ข้อความสำหรับแปล
2978,Instructions/996,#N/A,,excluded,[excluded] ค่าต้นฉบับ #N/A ไม่ใช่ข้อความสำหรับแปล
2979,Instructions/997,#N/A,,excluded,[excluded] ค่าต้นฉบับ #N/A ไม่ใช่ข้อความสำหรับแปล
2980,Instructions/998,#N/A,,excluded,[excluded] ค่าต้นฉบับ #N/A ไม่ใช่ข้อความสำหรับแปล
2981,Instructions/999,#N/A,,excluded,[excluded] ค่าต้นฉบับ #N/A ไม่ใช่ข้อความสำหรับแปล
2982,Instructions/1000,#N/A,,excluded,[excluded] ค่าต้นฉบับ #N/A ไม่ใช่ข้อความสำหรับแปล
2983,Instructions/1001,#N/A,,excluded,[excluded] ค่าต้นฉบับ #N/A ไม่ใช่ข้อความสำหรับแปล
2984,Instructions/1002,#N/A,,excluded,[excluded] ค่าต้นฉบับ #N/A ไม่ใช่ข้อความสำหรับแปล
2985,Instructions/1003,#N/A,,excluded,[excluded] ค่าต้นฉบับ #N/A ไม่ใช่ข้อความสำหรับแปล
2986,Instructions/1004,#N/A,,excluded,[excluded] ค่าต้นฉบับ #N/A ไม่ใช่ข้อความสำหรับแปล
2987,Instructions/1005,#N/A,,excluded,[excluded] ค่าต้นฉบับ #N/A ไม่ใช่ข้อความสำหรับแปล
2988,Instructions/1006,#N/A,,excluded,[excluded] ค่าต้นฉบับ #N/A ไม่ใช่ข้อความสำหรับแปล
2989,Instructions/1007,#N/A,,excluded,[excluded] ค่าต้นฉบับ #N/A ไม่ใช่ข้อความสำหรับแปล
2990,Instructions/1008,#N/A,,excluded,[excluded] ค่าต้นฉบับ #N/A ไม่ใช่ข้อความสำหรับแปล
2991,Instructions/1009,#N/A,,excluded,[excluded] ค่าต้นฉบับ #N/A ไม่ใช่ข้อความสำหรับแปล
2992,Instructions/1010,#N/A,,excluded,[excluded] ค่าต้นฉบับ #N/A ไม่ใช่ข้อความสำหรับแปล
2993,Instructions/1011,#N/A,,excluded,[excluded] ค่าต้นฉบับ #N/A ไม่ใช่ข้อความสำหรับแปล
2994,Instructions/1012,#N/A,,excluded,[excluded] ค่าต้นฉบับ #N/A ไม่ใช่ข้อความสำหรับแปล
2995,Instructions/1013,#N/A,,excluded,[excluded] ค่าต้นฉบับ #N/A ไม่ใช่ข้อความสำหรับแปล
2996,Instructions/1014,#N/A,,excluded,[excluded] ค่าต้นฉบับ #N/A ไม่ใช่ข้อความสำหรับแปล
2997,Instructions/1015,#N/A,,excluded,[excluded] ค่าต้นฉบับ #N/A ไม่ใช่ข้อความสำหรับแปล
2998,Instructions/1016,#N/A,,excluded,[excluded] ค่าต้นฉบับ #N/A ไม่ใช่ข้อความสำหรับแปล
2999,Instructions/1017,#N/A,,excluded,[excluded] ค่าต้นฉบับ #N/A ไม่ใช่ข้อความสำหรับแปล
3000,Правила /Для Китайского и Корейского фонетическая транслитерация иероглифами.,,,untranslated,
3001,Правила /Для Японского транслитерация катаканой,,,untranslated,
3002,"Правила /Если в названии есть общипринятые термины типа Восточная, Западная, Европа, Америка и тд - Неоригинальную часть переводить, остальную транслитерировать с легкой шлифовкой по необходимости.",,,untranslated,
3003,CityOperations/AT_Fungoid,"The ""Los Evos"" Fungus","เชื้อรา ""Los Evos""",draft,
3004,CityOperations/AT_AlienTech,Extraterrestrial Technology,เทคโนโลยีต่างดาว,draft,
3005,CityOperations/AT_Parasite,"The ""Tardifuma"" Parasite","ปรสิต ""Tardifuma""",draft,
3006,CityOperations/AT_GrayGoo,"""Gray Goo"" Ferrosludge","เฟอร์โรสลัดจ์ ""เมือกเทา""",draft,
3007,CityOperations/AT_Cyberman,Cybernetic Augmentations,ส่วนเสริมไซเบอร์เนติก,draft,
3008,CityOperations/AT_Replicators,Cyber-Insectoid Replicators,เครื่องจำลองแบบประเภทแมลงไซเบอร์,draft,
3009,CityOperations/AT_HellMushroom,Devil Mushrooms,เห็ดปีศาจ,draft,
3010,CityOperations/AT_MagickCrystal,Glycosynthium Crystals,ผลึกไกลโคซินเธียม,draft,
3011,CityOperations/AT_TechnoMagick,Subpositron Crystals,ผลึกซับโพซิตรอน,draft,
3012,CityOperations/AT_Sarancha,Corpse-Eater,ตัวกินซาก,draft,
3013,CityOperations/AT_Chips,Implantable Microchips,ไมโครชิปฝังร่างกาย,draft,
3014,CityOperations/AT_PostApoc,"""Conditionally Safe"" Augmentations","ส่วนเสริม ""ปลอดภัยแบบมีเงื่อนไข""",draft,
3015,CityOperations/AT_MachinaFatorum,Machina Fatorum,Machina Fatorum,draft,
3016,CityOperations/P_CultActivity,"The Rebirth of ""Tardifuma""","การคืนชีพของ ""Tardifuma""",draft,
3017,CityOperations/P_Zombies,The Fungal Zombie Outbreak,การระบาดของซอมบีเชื้อรา,draft,
3018,CityOperations/P_GrayGoo,The Ferrosludge Expansion,การขยายตัวของเฟอร์โรสลัดจ์,draft,
3019,CityOperations/P_Cyberman,"The Aggression of the ""AM0N"" AI","การรุกรานของ AI ""AM0N""",draft,
3020,CityOperations/P_Replicators,The Replicator Mutation,การกลายพันธุ์ของเครื่องจำลองแบบ,draft,
3021,CityOperations/P_HellMushroom,The Fungus Maledictus Panmycosis,ภาวะเชื้อราทั่วร่างจาก Fungus Maledictus,draft,
3022,CityOperations/P_MagickCrystal,The Coming of the Ginger Colossus,การมาถึงของยักษ์ขนมปังขิง,draft,
3023,CityOperations/P_TechnoMagick,The Conspiracy of the Order of Technomancers,แผนสมคบคิดของภาคีเทคโนแมนเซอร์,draft,
3024,CityOperations/P_Sarancha,The Corpse-Eater Evolution,วิวัฒนาการของตัวกินซาก,draft,
3025,CityOperations/P_Chips,"The ""BS0DeaD"" Digital Dictatorship","เผด็จการดิจิทัล ""BS0DeaD""",draft,
3026,CityOperations/P_PostApoc,The Implant Frenzy,อาการคลั่งอุปกรณ์ฝัง,draft,
3027,DM_Ends/,#N/A,,excluded,[excluded] ค่าต้นฉบับ #N/A ไม่ใช่ข้อความสำหรับแปล
3028,DM_Ends/End_1_1,Hi... Uh... Wh-wh-what the...,หวัดดี... เอ่อ... นะ-นะ-นั่นอะไรน่ะ...,draft,
3029,DM_Ends/End_1_2,"Hiya-hiya, cutie-guardie!",หวัดดีจ้า หวัดดีจ้า คุณยามสุดน่ารัก!,draft,
3030,DM_Ends/End_1_3,Who are you...or...what are you...,คุณเป็นใคร... หรือว่า... เป็นตัวอะไรกันแน่...,draft,
3031,DM_Ends/End_1_4,Oooh... You're such a kawaii little startle-bug. We just wanna squish you! Can we? Can we???,โอ๊ะ... ตกใจได้น่ารักจังเลย เราอยากบีบเธอจะแย่! ขอได้ไหม? ได้ไหมเอ่ย???,draft,
3032,DM_Ends/End_1_5,"Oh, I-I really don't know, not so fast...",อะ เอ่อ ผมยังไม่แน่ใจ อย่าเพิ่งรีบร้อน...,draft,
3033,DM_Ends/End_1_6,"Ahem... I mean, no!",อะแฮ่ม... หมายถึง ไม่ได้!,draft,
3034,DM_Ends/End_1_7,Nya! Blushy-bashful!,เมี้ยว! เขินหน้าแดงเชียว!,draft,
3035,DM_Ends/End_1_8,"Bro, don't even mind us. Chill, relax. We just like messing with you, though personally, we're against it.",พวกเดียวกัน ไม่ต้องสนใจเราหรอก ใจเย็น ๆ ผ่อนคลายซะ เราแค่ชอบแกล้งนายเล่น ถึงส่วนตัวเราจะไม่เห็นด้วยก็เถอะ,draft,
3036,DM_Ends/End_1_9,Huh? Is someone else here?,หา? มีใครอื่นอยู่ที่นี่ด้วยเหรอ?,draft,
3037,DM_Ends/End_1_10,"No, child, only we are here. Be calm, there is no cause for worry.",ไม่มีหรอก ลูกเอ๋ย มีเพียงเราอยู่ที่นี่ จงสงบใจ ไม่มีเหตุให้ต้องกังวล,draft,
3038,DM_Ends/End_1_11,"How am I supposed to calm down? What do you mean, 'we'?!",จะให้ผมใจเย็นได้ยังไง? ที่บอกว่า ‘เรา’ หมายความว่าอะไร?!,draft,
3039,DM_Ends/End_1_12,Accept it! Loud one!,ยอมรับซะ! เจ้าตัวเสียงดัง!,draft,
3040,DM_Ends/End_1_13,Another one... Just how many of you are there?!,มาอีกคนแล้ว... พวกคุณมีกันกี่คนกันแน่?!,draft,
3041,DM_Ends/End_1_14,We hereby inform the subject that only two entities are present in this room: the guard and Machina Fatorum.,เราขอแจ้งให้ตัวทดลองทราบว่า ภายในห้องนี้มีเพียงสองตัวตน ได้แก่ เจ้าหน้าที่รักษาความปลอดภัย และ Machina Fatorum,draft,
3042,DM_Ends/End_1_15,I still don't understand a thing...,ผมยังไม่เข้าใจอะไรสักอย่าง...,draft,
3043,DM_Ends/End_1_16,Adorably low level of intellect!,ระดับสติปัญญาต่ำได้น่าเอ็นดูเหลือเกิน!,draft,
3044,DM_Ends/End_1_17,Meat! Funny! Trembling!,เนื้อ! ตลก! สั่นกลัว!,draft,
3045,DM_Ends/End_1_18,Hey! Don't pile on our guy! He's a solid dude if he made it all the way to this frame!,เฮ้! อย่ารุมคนของเราสิ! เขาเจ๋งจะตายถ้ามาถึงเฟรมนี้ได้!,draft,
3046,DM_Ends/End_1_19,"We agree, there's no need to plunge the naive child into an abyss of confusion.",เราเห็นด้วย ไม่ควรผลักเด็กผู้ไร้เดียงสาลงสู่ห้วงแห่งความสับสน,draft,
3047,DM_Ends/End_1_20,"Uh... Thanks? I guess... But please, could one of you just explain all this properly?",เอ่อ... ขอบคุณมั้ง? แต่ได้โปรด ใครสักคนช่วยอธิบายเรื่องทั้งหมดให้เข้าใจทีได้ไหม?,draft,
3048,DM_Ends/End_1_21,"We were about to, bro, it's just that we butted into our own conversation...",เราก็กำลังจะอธิบายนั่นแหละ พวกเดียวกัน แค่เราเผลอขัดบทสนทนาของตัวเอง...,draft,
3049,DM_Ends/End_1_22,"Aw, forgive-forgive, it's just he's got such kawaii little whiskers. We couldn't resist, forgive us.",อ๊ะ ยกโทษ ยกโทษให้เรานะ ก็หนวดน้อย ๆ ของเขาน่ารักเสียขนาดนั้น เราอดใจไม่ไหวจริง ๆ ยกโทษให้เรานะ,draft,
3050,DM_Ends/End_1_23,"We ask ourselves to be quiet. We will explain everything to the subject. Please, give us the floor.",เราขอให้ตัวเราเองเงียบก่อน เราจะอธิบายทุกอย่างแก่ตัวทดลอง โปรดมอบโอกาสให้เราได้กล่าว,draft,
3051,DM_Ends/End_1_24,And how are you going to explain anything by staying silent...?,แล้วคุณจะอธิบายอะไรได้ยังไงถ้ายังเงียบอยู่...?,draft,
3052,DM_Ends/End_1_25,The subject interpreted incorrectly; we will tell all while we stay silent.,ตัวทดลองตีความคลาดเคลื่อน เราจะบอกทุกสิ่งขณะที่เรายังคงเงียบ,draft,
3053,DM_Ends/End_1_26,"Believe it or not, that didn't help.",เชื่อไหมล่ะ แบบนั้นก็ไม่ได้ช่วยให้เข้าใจขึ้นเลย,draft,
3054,DM_Ends/End_1_27,Meat! Insolence! Talking back!,เนื้อ! สามหาว! เถียงกลับ!,draft,
3055,DM_Ends/End_1_28,The child is simply confused; it's hard for him to grasp our multidimensionality and our many faces.,เด็กคนนี้เพียงกำลังสับสน เป็นเรื่องยากที่เขาจะเข้าใจตัวตนหลายมิติและหลากโฉมหน้าของเรา,draft,
3056,DM_Ends/End_1_29,Fine! Acceptable! Meat! Listen! Carefully!,ดี! ยอมรับได้! เนื้อ! ฟัง! ให้ดี!,draft,
3057,DM_Ends/End_1_30,We express gratitude to ourselves. So. We are known to your species by the code name Machina Fatorum.,เราขอแสดงความขอบคุณต่อตัวเราเอง เอาละ เผ่าพันธุ์ของเจ้ารู้จักเราภายใต้รหัสนามว่า Machina Fatorum,draft,
3058,DM_Ends/End_1_31,You've got such boring little names!,ชื่อเล็ก ๆ ของพวกเธอน่าเบื่อจังเลย!,draft,
3059,DM_Ends/End_1_32,Silence! Quiet!,เงียบ! สงบเสียง!,draft,
3060,DM_Ends/End_1_33,"Right, Machina Fatorum, got it.",เอาละ Machina Fatorum เข้าใจแล้ว,draft,
3061,DM_Ends/End_1_34,"Precisely. Our purpose is the preservation of humanity. However, humanity has taken the path of escalating the threat.",ถูกต้อง เป้าประสงค์ของเราคือการธำรงรักษามนุษยชาติ ทว่ามนุษยชาติกลับเลือกเส้นทางที่ยกระดับภัยคุกคาม,draft,
3062,DM_Ends/End_1_35,Extremely careless. But predictable for this species.,ช่างสะเพร่าอย่างยิ่ง แต่ก็เป็นสิ่งที่คาดเดาได้สำหรับเผ่าพันธุ์นี้,draft,
3063,DM_Ends/End_1_36,"For this reason we are compelled to initiate an intervention, to integrate edits into this space-time.",ด้วยเหตุนี้ เราจึงจำต้องเริ่มแทรกแซงและผสานการแก้ไขเข้าไปในปริภูมิ-เวลานี้,draft,
3064,DM_Ends/End_1_37,To do what?!,ทำอะไรนะ?!,draft,
3065,DM_Ends/End_1_38,Rewrite! The law!,เขียนใหม่! กฎเกณฑ์!,draft,
3066,DM_Ends/End_1_39,So that cuties like you can finally breathe easy.,เพื่อให้คนน่ารักอย่างเธอได้หายใจโล่งสักทีไงล่ะ,draft,
3067,DM_Ends/End_1_40,That sounds extremely dangerous!,ฟังดูอันตรายสุด ๆ เลยนะ!,draft,
3068,DM_Ends/End_1_41,"For a three-dimensional being, yes. The subject has nothing to worry about. Our authority permits this intervention.",สำหรับสิ่งมีชีวิตสามมิติ ย่อมเป็นเช่นนั้น ตัวทดลองไม่จำเป็นต้องกังวล อำนาจของเราอนุญาตให้ดำเนินการแทรกแซงนี้,draft,
3069,DM_Ends/End_1_42,Well... I suppose it's not like I have a choice.,เอาเถอะ... ดูเหมือนผมคงไม่มีทางเลือกอยู่แล้ว,draft,
3070,DM_Ends/End_1_43,Though I really can't figure out... What do I have to do with any of this?,แต่ผมยังนึกไม่ออกจริง ๆ... แล้วผมเกี่ยวอะไรกับเรื่องทั้งหมดนี้?,draft,
3071,DM_Ends/End_1_44,"Silly, we're not all-powerful either.",ตาบ๊องเอ๊ย เราเองก็ไม่ได้มีอำนาจไร้ขีดจำกัดนะ,draft,
3072,DM_Ends/End_1_45,"For the fruit to touch your hands, child, the soil must be prepared.",เพื่อให้ผลไม้สัมผัสมือเจ้าได้ ลูกเอ๋ย ผืนดินจำต้องได้รับการตระเตรียมเสียก่อน,draft,
3073,DM_Ends/End_1_46,"And besides, bro, we figured we oughta get acquainted with such a stand-up guy. Wouldn't be proper otherwise.",แล้วอีกอย่างนะ พวกเดียวกัน เราคิดว่าควรทำความรู้จักกับคนดี ๆ อย่างนายไว้ ไม่งั้นคงไม่เหมาะ,draft,
3074,DM_Ends/End_1_47,So I was helping you through the operations?,แปลว่าตลอดการปฏิบัติการที่ผ่านมา ผมกำลังช่วยพวกคุณอยู่เหรอ?,draft,
3075,DM_Ends/End_1_48,Correct! Integration! Launch!,ถูกต้อง! ผสานรวม! เริ่มทำงาน!,draft,
3076,DM_Ends/Extra_End_1_1,No-no-no!!! We don't want to leave the cutie here. It'll be boring without him!,ไม่ ๆ ๆ!!! เราไม่อยากทิ้งคนน่ารักไว้ที่นี่ ถ้าไม่มีเขาคงน่าเบื่อแย่เลย!,draft,
3077,DM_Ends/Extra_End_1_2,"Agreed! We gotta take our bro with us! Besides, explaining it all again is such a hassle.",เห็นด้วย! เราต้องพาพวกเดียวกันไปด้วย! อีกอย่าง จะให้อธิบายใหม่ทั้งหมดก็น่ารำคาญจะตาย,draft,
3078,DM_Ends/Extra_End_1_3,Efficiency confirmed. An excellent specimen.,ยืนยันประสิทธิภาพ ตัวอย่างชั้นเยี่ยม,draft,
3079,DM_Ends/Extra_End_1_4,The child will help us search for the right outcome.,เด็กคนนี้จะช่วยเราค้นหาผลลัพธ์ที่ถูกต้อง,draft,
3080,DM_Ends/Extra_End_1_5,Meat! Hands! Yes!,เนื้อ! มือ! ใช่!,draft,
3081,DM_Ends/Extra_End_1_6,"The interface is prepared, we will initiate the exit.",อินเทอร์เฟซพร้อมแล้ว เราจะเริ่มกระบวนการออกจากที่นี่,draft,
3082,DM_Ends/Hint_1,"How are you feeling, cutie?",รู้สึกยังไงบ้างจ๊ะ คนน่ารัก?,draft,
3083,DM_Ends/Tutor_1,What? Wh-where am I...,อะไรนะ? ผะ-ผมอยู่ที่ไหน...,draft,
3084,DM_Ends/Hint_2,"Nowhere and everywhere, child...",ไม่มีที่ใดและทุกหนแห่ง ลูกเอ๋ย...,draft,
3085,DM_Ends/Tutor_2,I don't understand anything...,ผมไม่เข้าใจอะไรเลย...,draft,
3086,DM_Ends/Hint_3,The place! In between!,สถานที่! ระหว่างกลาง!,draft,
3087,DM_Ends/Hint_4,"We shared a tiny little piece of our existence with you, sweetie-pie. You performed your duties so adorably!",เราแบ่งปันเศษเสี้ยวเล็กจิ๋วแห่งการดำรงอยู่ของเราให้เธอ เจ้าคนน่ารัก เธอทำหน้าที่ได้น่าเอ็นดูเหลือเกิน!,draft,
3088,DM_Ends/Hint_5,Wasting effective personnel is unacceptable.,การสูญเสียบุคลากรที่มีประสิทธิภาพเป็นสิ่งที่ยอมรับไม่ได้,draft,
3089,DM_Ends/Tutor_3,And why are you talking to me on little scraps of paper...,แล้วทำไมคุณถึงคุยกับผมผ่านเศษกระดาษเล็ก ๆ พวกนี้ล่ะ...,draft,
3090,DM_Ends/Hint_6,"Because that's how you like it, buddy.",ก็เพราะนายชอบแบบนี้ไง เพื่อน,draft,
3091,DM_Ends/Tutor_4,Weird...,แปลกชะมัด...,draft,
3092,DM_Ends/Hint_7,"Now now, cutie pie, don't get distracted! Look here.",เอาละ ๆ เจ้าคนน่ารัก อย่าเพิ่งวอกแวก! มองทางนี้สิ,draft,
3093,DM_Ends/Hint_8,The map! Of states! Parallels!,แผนผัง! สภาวะ! คู่ขนาน!,draft,
3094,DM_Ends/Tutor_5,Well... I understand that this is the sequence of my shifts. But where's the parallel here...?,เอ่อ... ผมเข้าใจว่านี่คือลำดับกะทำงานของผม แต่ตรงไหนที่เรียกว่าคู่ขนาน...?,draft,
3095,DM_Ends/Hint_9,"Possibility gives rise to existence, child; you'll understand soon.",ความเป็นไปได้ก่อกำเนิดการดำรงอยู่ ลูกเอ๋ย อีกไม่นานเจ้าจะเข้าใจ,draft,
3096,DM_Ends/Tutor_6,Let's say.,เอาเป็นว่าอย่างนั้นก็ได้,draft,
3097,DM_Ends/Hint_10,"Bro, now take a look over here.",พวกเดียวกัน ทีนี้ลองมองทางนี้สิ,draft,
3098,DM_Ends/Hint_11,"For such a cutie, we've put together a handy set of your human little pictures here. Otherwise you wouldn't understand our multidimensional data at-all-at-all.",สำหรับคนน่ารักอย่างเธอ เรารวบรวมภาพเล็ก ๆ แบบมนุษย์ที่ใช้ง่ายไว้ให้แล้ว ไม่งั้นเธอคงไม่เข้าใจข้อมูลหลายมิติของเราเลยสักนิดเดียว,draft,
3099,DM_Ends/Tutor_7,Looks...extremely informative. Like floating computer windows.,ดู... ให้ข้อมูลสุด ๆ เหมือนหน้าต่างคอมพิวเตอร์ลอยได้เลย,draft,
3100,DM_Ends/Hint_12,"All for you, cutie!",ทั้งหมดนี้เพื่อเธอเลยนะ คนน่ารัก!,draft,
3101,DM_Ends/Hint_13,We ask the subject to note the three lower buttons.,เราขอให้ตัวทดลองสังเกตปุ่มสามปุ่มด้านล่าง,draft,
3102,DM_Ends/Hint_14,This path grants you the ability to correct what has been done.,เส้นทางนี้มอบความสามารถในการแก้ไขสิ่งที่ได้กระทำลงไป,draft,
3103,DM_Ends/Hint_15,"Like grinding it out again if you messed something up, bro.",ก็เหมือนกลับไปลุยใหม่ ถ้านายทำอะไรพลาดน่ะ พวกเดียวกัน,draft,
3104,DM_Ends/Tutor_8,Okay...,โอเค...,draft,
3105,DM_Ends/Hint_16,Here! A branch! Use it!,นี่! กิ่งแขนง! ใช้มัน!,draft,
3106,DM_Ends/Tutor_9,Oh! What's that?!,โอ้! นั่นอะไรน่ะ?!,draft,
3107,DM_Ends/Hint_17,"Now isn't that wonderful? A parallel universe, cutie.",วิเศษไปเลยใช่ไหมล่ะ? จักรวาลคู่ขนานไง เจ้าคนน่ารัก,draft,
3108,DM_Ends/Hint_18,Multidimensionality! Beauty!,หลายมิติ! งดงาม!,draft,
3109,DM_Ends/Hint_19,The subject must note this counter. The number of simultaneously connected branches is limited.,ตัวทดลองต้องสังเกตตัวนับนี้ จำนวนกิ่งแขนงที่เชื่อมต่อพร้อมกันมีขีดจำกัด,draft,
3110,DM_Ends/Tutor_10,I thought you existed everywhere...,ผมนึกว่าพวกคุณดำรงอยู่ทุกแห่งเสียอีก...,draft,
3111,DM_Ends/Hint_20,We! Yes! You! No!,เรา! ใช่! เจ้า! ไม่!,draft,
3112,DM_Ends/Hint_21,"We don't want our cutie pie to lose his mind, after all. Now pick a brand-new old universe.",อย่างไรเสีย เราก็ไม่อยากให้เจ้าคนน่ารักเสียสติ ทีนี้เลือกจักรวาลเก่าเอี่ยมอ่องสักแห่งสิ,draft,
3113,DM_Ends/Hint_22,"See, bro, a perfect copy. But you and us both know how it all ends. So no point squandering the connections, smash it right here.",เห็นไหม พวกเดียวกัน สำเนาที่สมบูรณ์แบบ แต่นายกับเราต่างก็รู้ว่าทุกอย่างจบลงยังไง เพราะงั้นอย่าเปลืองการเชื่อมต่อเลย ทุบมันทิ้งตรงนี้แหละ,draft,
3114,DM_Ends/Hint_23,"This little button, you'll have to hold down. Otherwise the cutie pie might accidentally forget something he didn't at-all-at-all mean to forget.",ปุ่มเล็ก ๆ นี้ต้องกดค้างไว้นะ ไม่งั้นเจ้าคนน่ารักอาจเผลอลืมบางอย่างที่ไม่ได้ตั้งใจจะลืมเลยสักนิดเดียว,draft,
3115,DM_Ends/Tutor_11,Oh! It's gone! Did I...destroy a universe?!,โอ้! มันหายไปแล้ว! ผม... ทำลายจักรวาลไปเหรอ?!,draft,
3116,DM_Ends/Hint_24,"Easy, child, closing your eyes does not destroy reality. Sometimes you simply have to forget something old to find something new.",ใจเย็น ลูกเอ๋ย การหลับตาไม่ได้ทำลายความเป็นจริง บางครั้งเจ้าก็จำต้องลืมสิ่งเก่าเพื่อค้นพบสิ่งใหม่,draft,
3117,DM_Ends/Hint_25,The brief tour is complete. The search algorithm is elementary. The subject must seek an outcome that satisfies the objectives.,การนำชมโดยสังเขปเสร็จสิ้น ขั้นตอนวิธีค้นหานั้นเรียบง่าย ตัวทดลองต้องแสวงหาผลลัพธ์ที่ตรงตามวัตถุประสงค์,draft,
3118,DM_Ends/Hint_26,"Yes-yes, cutie, it's all simple. You just tear open a collapsed probability, and if you don't like something, you set the junk adrift.",ใช่ ๆ เจ้าคนน่ารัก ทุกอย่างง่ายนิดเดียว แค่ฉีกเปิดความน่าจะเป็นที่ยุบตัว แล้วถ้าไม่ชอบอะไรก็ปล่อยขยะชิ้นนั้นลอยหายไป,draft,
3119,DM_Ends/Tutor_12,Right... You just...,ใช่... ก็แค่...,draft,
3120,DM_Ends/Hint_27,"Well, bro, there's no other way. If you want to save humanity, you'll have to become a hero known only to us.",เอาน่า พวกเดียวกัน ไม่มีทางอื่นแล้ว ถ้าอยากช่วยมนุษยชาติ นายก็ต้องเป็นวีรบุรุษที่มีเพียงเรารู้จัก,draft,
3121,DM_Ends/Tutor_13,"Hmm... Create a new universe to try a different solution to the problem... I sort of get it, and I sort of feel my head's about to explode...",อืม... สร้างจักรวาลใหม่เพื่อลองแก้ปัญหาด้วยวิธีอื่น... เหมือนจะเข้าใจ แต่ก็รู้สึกเหมือนหัวกำลังจะระเบิด...,draft,
3122,DM_Ends/Hint_28,Ooh! Floating droplets of melted brain! That sounds soooo cuuute!!!,โอ๊ะ! หยดสมองละลายลอยไปมา! ฟังดูน่าร้ากกกเหลือเกิน!!!,draft,
3123,DM_Ends/Hint_29,We ask ourselves to keep our fondnesses to ourselves. Such a display of physics does not satisfy us!,เราขอให้ตัวเราเองเก็บความชื่นชอบไว้เป็นการส่วนตัว การแสดงออกทางฟิสิกส์เช่นนั้นไม่เป็นที่พึงพอใจของเรา!,draft,
3124,DM_Ends/Hint_30,"Alright, bro, catch ya later!",เอาละ พวกเดียวกัน ไว้เจอกัน!,draft,
3125,DM_Ends/Hint_31,"May your path be true, child.",ขอให้เส้นทางของเจ้าเที่ยงตรง ลูกเอ๋ย,draft,
3126,DM_Ends/Hint_32,Good luck! You'll! Need it!,โชคดี! เจ้าจะ! ต้องใช้มัน!,draft,
3127,DM_Ends/End_2_1,"Yo, bro. We were starting to think you wouldn't show.",ว่าไง พวกเดียวกัน เราเริ่มคิดแล้วว่านายคงไม่มา,draft,
3128,DM_Ends/End_2_2,"Hey, yeah...",อ้อ หวัดดี...,draft,
3129,DM_Ends/End_2_3,"Cutie pie's here, so he managed to settle in. And those little eyes are still so kawaii-confused!",เจ้าคนน่ารักมาแล้ว แสดงว่าปรับตัวได้สินะ แล้วตาคู่น้อยก็ยังสับสนได้น่ารักเหมือนเดิมเลย!,draft,
3130,DM_Ends/End_2_4,"Yeah, I still feel off, honestly.",พูดตามตรง ผมก็ยังรู้สึกแปลก ๆ อยู่,draft,
3131,DM_Ends/End_2_5,"We understand, child. An insight that nature never granted dazzles brighter than the stars.",เราเข้าใจ ลูกเอ๋ย การหยั่งรู้ซึ่งธรรมชาติไม่เคยมอบให้นั้นเจิดจ้ายิ่งกว่าดวงดาว,draft,
3132,DM_Ends/End_2_6,Your! Term! Acclimatization!,ศัพท์! ของเจ้า! การปรับตัว!,draft,
3133,DM_Ends/End_2_7,That's putting it mildly... And still... Did I do everything right this time?,พูดเสียเบาเชียว... แต่ถึงอย่างนั้น... คราวนี้ผมทำทุกอย่างถูกต้องแล้วใช่ไหม?,draft,
3134,DM_Ends/End_2_8,We hereby inform the subject that the probability of deviation from the required sequence of actions approaches zero.,เราขอแจ้งให้ตัวทดลองทราบว่า ความน่าจะเป็นที่จะเบี่ยงเบนจากลำดับการกระทำที่กำหนดเข้าใกล้ศูนย์,draft,
3135,DM_Ends/End_2_9,"That's a relief. Alright then, go on, fix whatever needs fixing.",ค่อยโล่งอกหน่อย เอาละ ทำต่อเลย แก้สิ่งที่ต้องแก้เสีย,draft,
3136,DM_Ends/End_2_10,"Very well, impatient child, we begin.",ได้เลย เด็กใจร้อน เราจะเริ่มแล้ว,draft,
3137,DM_Ends/End_3_1,What the?! You said I was doing everything right!!!,อะไรกันเนี่ย?! ไหนบอกว่าผมทำทุกอย่างถูกต้องแล้วไง!!!,draft,
3138,DM_Ends/End_3_2,"True, child. The true path of the search is the path of mistakes.",จริงอยู่ ลูกเอ๋ย เส้นทางที่แท้จริงของการแสวงหาคือเส้นทางแห่งความผิดพลาด,draft,
3139,DM_Ends/End_3_3,"Bro, we told you, we're not all-powerful.",พวกเดียวกัน เราบอกแล้วไงว่าเราไม่ได้มีอำนาจไร้ขีดจำกัด,draft,
3140,DM_Ends/End_3_4,"Meanie!!! We're trying our hardest for him here, helping him fix his mistakes, and he's a grumbly-grumps!",ใจร้าย!!! เราพยายามสุดกำลังเพื่อเขา ช่วยแก้ความผิดพลาดให้ แล้วเขายังบ่นงึมงำอีก!,draft,
3141,DM_Ends/End_3_5,Do you even have any idea...,พวกคุณรู้บ้างไหมว่า...,draft,
3142,DM_Ends/End_3_6,A question in return for the subject: does the subject have any idea what a drone in a beehive experiences?,ขอถามตัวทดลองกลับว่า ตัวทดลองรู้หรือไม่ว่าโดรนตัวผู้ในรังผึ้งรู้สึกเช่นไร?,draft,
3143,DM_Ends/End_3_7,N-no...,มะ-ไม่...,draft,
3144,DM_Ends/End_3_8,"Well, neither do we, bro, we've no idea what it's like for you. If you're tired and giving up, we can toss you back.",เราก็ไม่รู้เหมือนกัน พวกเดียวกัน เราไม่รู้เลยว่านายรู้สึกยังไง ถ้าเหนื่อยและยอมแพ้ เราจะโยนนายกลับไปก็ได้,draft,
3145,DM_Ends/End_3_9,N-no need! Okay. I get it. Will it at least work this time?,มะ-ไม่ต้อง! โอเค ผมเข้าใจแล้ว อย่างน้อยคราวนี้จะสำเร็จไหม?,draft,
3146,DM_Ends/End_3_10,Unknown! Undetermined!,ไม่ทราบ! ไม่แน่นอน!,draft,
3147,DM_Ends/End_3_11,"Alright, bro, easy, it'll all happen in a sec, don't freak out.",เอาน่า พวกเดียวกัน ใจเย็น อีกเดี๋ยวทุกอย่างก็เกิดขึ้นแล้ว อย่าแตกตื่นสิ,draft,
3148,DM_Ends/End_4_1,"Well, what can I say... long time no see?",เอ่อ จะพูดอะไรดีล่ะ... ไม่ได้เจอกันนานนะ?,draft,
3149,DM_Ends/End_4_2,Has the cutie pie thought about his behavior?,เจ้าคนน่ารักได้ทบทวนพฤติกรรมของตัวเองหรือยังเอ่ย?,draft,
3150,DM_Ends/End_4_3,"Yeah. I lost my temper for nothing, I admit it.",อืม ผมหัวเสียไปโดยใช่เหตุ ยอมรับก็ได้,draft,
3151,DM_Ends/End_4_4,Good! He adapts!,ดี! เขาปรับตัว!,draft,
3152,DM_Ends/End_4_5,"As if I have a choice... Like they say, adapt or die.",อย่างกับผมมีทางเลือก... เขาว่ากันว่าไม่ปรับตัวก็ตาย,draft,
3153,DM_Ends/End_4_6,"Well, bro, there's definitely a choice, if...",เอาน่า พวกเดียวกัน ที่จริงก็มีทางเลือกนะ ถ้า...,draft,
3154,DM_Ends/End_4_7,I'm not tired! Don't put me back. I don't want it all to be for nothing.,ผมยังไม่เหนื่อย! อย่าส่งผมกลับ ผมไม่อยากให้ทุกอย่างสูญเปล่า,draft,
3155,DM_Ends/End_4_8,"We confirm, the subject's attitude is favorable. Probability of success is high.",ยืนยันว่าทัศนคติของตัวทดลองอยู่ในเกณฑ์ดี ความน่าจะเป็นที่จะสำเร็จอยู่ในระดับสูง,draft,
3156,DM_Ends/End_4_9,"Heartening to hear, child, you are rising above your former self. Keep it up when this is all over.",น่าชื่นใจที่ได้ยิน ลูกเอ๋ย เจ้ากำลังก้าวข้ามตัวตนเดิม จงรักษาไว้เมื่อเรื่องทั้งหมดนี้จบลง,draft,
3157,DM_Ends/End_4_10,Fair enough. This journey has taught me a lot. But let's not drag it out.,ก็จริง การเดินทางครั้งนี้สอนอะไรผมมากมาย แต่อย่ายืดเยื้อเลย,draft,
3158,DM_Ends/End_4_11,"Oooh... Our cutie doesn't enjoy our company? Fine, fine, we begin!",โอ๊ะ... เจ้าคนน่ารักไม่ชอบอยู่กับเราเหรอ? ก็ได้ ๆ เราจะเริ่มแล้ว!,draft,
3159,DM_Ends/End_5_1,"Well, hello again!",เอาละ สวัสดีอีกครั้ง!,draft,
3160,DM_Ends/End_5_2,Inspired! Acceptable!,มีแรงบันดาลใจ! ยอมรับได้!,draft,
3161,DM_Ends/End_5_3,"I've kinda gotten used to it, even a little. I treat it like a game where you can save and replay the levels.",ผมเริ่มชินขึ้นมานิดหนึ่งแล้ว เหมือนกำลังเล่นเกมที่บันทึกแล้วกลับมาเล่นด่านใหม่ได้,draft,
3162,DM_Ends/End_5_4,"Child, that sounds irresponsible... Even we don't allow ourselves such a thing...",ลูกเอ๋ย ฟังดูไร้ความรับผิดชอบ... แม้แต่เรายังไม่ยอมให้ตัวเองทำเช่นนั้น...,draft,
3163,DM_Ends/End_5_5,"Come on now, let's not pile on him.",เอาน่า อย่ารุมว่าเขาเลย,draft,
3164,DM_Ends/End_5_6,"We rightly observe, this is a typical defensive reaction for this species.",เราขอตั้งข้อสังเกตอย่างถูกต้องว่า นี่คือปฏิกิริยาป้องกันตัวตามแบบฉบับของเผ่าพันธุ์นี้,draft,
3165,DM_Ends/End_5_7,"Well, maybe so. But I'm curious. What happens to the universes I forget?",อาจจะจริง แต่ผมสงสัยว่าเกิดอะไรขึ้นกับจักรวาลที่ผมลืมไป?,draft,
3166,DM_Ends/End_5_8,"And what happens to the kitty you once happened to see on the street, kitty-cat?",แล้วเกิดอะไรขึ้นกับเจ้าเหมียวที่เธอบังเอิญเห็นข้างถนนครั้งหนึ่งล่ะ เจ้าแมวน้อย?,draft,
3167,DM_Ends/End_5_9,I get what you're driving at. But I mean specific ones. What happens to them now?,ผมเข้าใจว่าคุณจะสื่ออะไร แต่หมายถึงจักรวาลที่เจาะจง ตอนนี้พวกมันเป็นยังไงบ้าง?,draft,
3168,DM_Ends/End_5_10,Which ones?! Name them! Intrigued!,แห่งไหน?! บอกชื่อมา! สนใจ!,draft,
3169,DM_Ends/End_5_11,"Well, for example, the one where I was sitting at the desk and...well...uhh... Damn! I sit at the desk everywhere...",อย่างเช่น จักรวาลที่ผมนั่งอยู่หลังโต๊ะแล้ว... เอ่อ... ให้ตายสิ! ทุกจักรวาลผมก็นั่งหลังโต๊ะทั้งนั้น...,draft,
3170,DM_Ends/End_5_12,"Never mind... Doesn't matter, my head's a mess anyway...",ช่างเถอะ... ไม่สำคัญแล้ว หัวผมยุ่งเหยิงไปหมด...,draft,
3171,DM_Ends/End_5_13,"There we go, cutie. Don't clutter your little head with junk, or you'll turn boring.",นั่นแหละ เจ้าคนน่ารัก อย่าเอาขยะมาอัดใส่หัวน้อย ๆ เดี๋ยวจะกลายเป็นคนน่าเบื่อ,draft,
3172,DM_Ends/End_5_14,"Alright, bro, let's roll!",เอาละ พวกเดียวกัน ลุยกันเลย!,draft,
3173,DM_Ends/End_6_1,Hi... Uh... Wh-wh-what the...,หวัดดี... เอ่อ... นะ-นะ-นั่นอะไรน่ะ...,draft,
3174,DM_Ends/End_6_2,"What's wrong, cutie? Are you not the right cutie? Uh-oh-oh...",เป็นอะไรไป เจ้าคนน่ารัก? หรือเธอไม่ใช่คนน่ารักคนที่ใช่? แย่แล้ว ๆ...,draft,
3175,DM_Ends/End_6_3,The place is correct. An error is highly unlikely.,สถานที่ถูกต้อง ความเป็นไปได้ที่จะเกิดข้อผิดพลาดต่ำอย่างยิ่ง,draft,
3176,DM_Ends/End_6_4,Error! Irritating! Lost him!,ผิดพลาด! น่าหงุดหงิด! ทำเขาหาย!,draft,
3177,DM_Ends/End_6_5,Ha! Gotcha! You fell for it. Caught you there.,ฮ่า! จับได้แล้ว! หลงกลสินะ โดนเข้าให้แล้ว,draft,
3178,DM_Ends/End_6_6,"A knife in the back, and from our bro! Oh, you're good! Respect to you!",แทงข้างหลังกันได้ลงคอ แถมเป็นฝีมือพวกเดียวกันด้วย! ร้ายไม่เบา! นับถือเลย!,draft,
3179,DM_Ends/End_6_7,Jokester! Irritating! There he is!,จอมล้อเล่น! น่าหงุดหงิด! อยู่นั่นเอง!,draft,
3180,DM_Ends/End_6_8,"Child, we completely fail to understand this human lying... Why?",ลูกเอ๋ย เราไม่เข้าใจการโกหกแบบมนุษย์นี้โดยสิ้นเชิง... เพราะเหตุใด?,draft,
3181,DM_Ends/End_6_9,So you don't get too comfortable. Keeping you on your toes.,ก็ไม่อยากให้พวกคุณสบายใจเกินไป ต้องทำให้ตื่นตัวอยู่เสมอ,draft,
3182,DM_Ends/End_6_10,We have no toes. And no muscle tone to maintain.,เราไม่มีปลายเท้า และไม่มีกล้ามเนื้อที่ต้องรักษาความตึงตัว,draft,
3183,DM_Ends/End_6_11,"Come on, what's with us? It was a good prank. Bro, well done, we're rooting for you!",เอาน่า เป็นอะไรกันไป? มุกนี้ดีออก พวกเดียวกัน ทำได้ดี เราเอาใจช่วยนาย!,draft,
3184,DM_Ends/End_6_12,"Yes-yes, cutie, you little sweetie pie, you had us so worried. But be more careful, what if our little heart can't take it.",ใช่ ๆ เจ้าคนน่ารัก เจ้าขนมหวานน้อย ทำเราเป็นห่วงแทบแย่ แต่ระวังหน่อยนะ เกิดหัวใจดวงน้อยของเรารับไม่ไหวจะทำยังไง,draft,
3185,DM_Ends/End_6_13,"Don't worry. I'm easy to find, hard to lose, and impossible to forget.",ไม่ต้องห่วง ผมหาง่าย ทำหายยาก และไม่มีวันลืมลง,draft,
3186,DM_Ends/End_6_14,The last part! Doubtful!,ส่วนสุดท้าย! น่าสงสัย!,draft,
3187,DM_Ends/End_6_15,Now that one hurt...,อันนั้นเจ็บนะ...,draft,
3188,DM_Ends/End_6_16,"Okay-okay-okay, cutie, don't take offense. We're starting now.",โอเค ๆ ๆ เจ้าคนน่ารัก อย่าโกรธกันเลย เราจะเริ่มแล้ว,draft,
3189,DM_Ends/End_7_1,"Hey. Honestly, I'm starting to lose hope.",หวัดดี พูดตรง ๆ นะ ผมเริ่มหมดหวังแล้ว,draft,
3190,DM_Ends/End_7_2,"You sure, bro? Really losing it? Really, hope?",แน่ใจเหรอ พวกเดียวกัน? หมดจริง ๆ เหรอ? ความหวังน่ะ หมดจริงนะ?,draft,
3191,DM_Ends/End_7_3,Lost it?! Where?! A loss! Not a process!,ทำหาย?! ที่ไหน?! การสูญหาย! ไม่ใช่กระบวนการ!,draft,
3192,DM_Ends/End_7_4,The child is saying that his soul is ceasing to see the ray of light.,เด็กคนนี้กำลังกล่าวว่า จิตวิญญาณของเขาเริ่มมองไม่เห็นลำแสงแห่งความหวัง,draft,
3193,DM_Ends/End_7_5,"Yeah, something like that.",อืม ประมาณนั้นแหละ,draft,
3194,DM_Ends/End_7_6,We notify the subject that there is always a chance as long as the subject searches. Ceasing the search is equivalent to reducing the chance to zero.,เราขอแจ้งตัวทดลองว่า ตราบใดที่ยังค้นหา โอกาสย่อมดำรงอยู่ การยุติการค้นหาเทียบเท่ากับการลดโอกาสลงเหลือศูนย์,draft,
3195,DM_Ends/End_7_7,"Well... I mean... That's true, too, of course.",เอ่อ... คือว่า... นั่นก็จริงอยู่หรอก,draft,
3196,DM_Ends/End_7_8,Is the cutie pie tired?,เจ้าคนน่ารักเหนื่อยแล้วเหรอ?,draft,
3197,DM_Ends/End_7_9,"No! Definitely not! That's enough, nothing happened. I just had to catch my breath a little.",ไม่! ไม่อย่างแน่นอน! พอแล้ว ไม่มีอะไรเกิดขึ้น ผมแค่ต้องพักหายใจสักหน่อย,draft,
3198,DM_Ends/End_7_10,"Good, then, bro, let's begin.",ดี ถ้าอย่างนั้น พวกเดียวกัน มาเริ่มกันเลย,draft,
3199,DM_Ends/End_8_1,"Child, where do your thoughts wander? Is something troubling you?",ลูกเอ๋ย ความคิดของเจ้าล่องลอยไปแห่งใด? มีสิ่งใดรบกวนใจหรือ?,draft,
3200,DM_Ends/End_8_2,Well... There is something...,เอ่อ... ก็มีเรื่องหนึ่ง...,draft,
3201,DM_Ends/End_8_3,"Bro, are you ti...",พวกเดียวกัน นายเหนื่อ...,draft,
3202,DM_Ends/End_8_4,I'm NOT tired!!! It's something else. I... How do I put this...,ผมไม่ได้เหนื่อย!!! เป็นเรื่องอื่น ผม... จะพูดยังไงดี...,draft,
3203,DM_Ends/End_8_5,"After all this, I'm not sure that I'm me. Everything is too...unreal.",หลังจากเรื่องทั้งหมดนี้ ผมไม่แน่ใจแล้วว่าผมยังเป็นตัวผมอยู่ ทุกอย่างมัน... ไม่จริงเกินไป,draft,
3204,DM_Ends/End_8_6,"Oh, cutie, don't pay it any mind. We've been through it ourselves.",โอ๋ เจ้าคนน่ารัก อย่าใส่ใจเลย เราเองก็เคยผ่านเรื่องนี้มาแล้ว,draft,
3205,DM_Ends/End_8_7,"Yeah, bro, we feel you there. Don't sweat it, it'll pass with time.",ใช่ พวกเดียวกัน เราเข้าใจความรู้สึกนาย อย่ากังวล เดี๋ยวเวลาผ่านไปก็หาย,draft,
3206,DM_Ends/End_8_8,Time... Right... Very funny.,เวลา... สินะ... ตลกมาก,draft,
3207,DM_Ends/End_8_9,Existential! Crisis! Disgusting!,อัตถิภาวนิยม! วิกฤต! น่าขยะแขยง!,draft,
3208,DM_Ends/End_8_10,The subject has nothing to worry about. The phenomenon has a limited period of effect.,ตัวทดลองไม่จำเป็นต้องกังวล ปรากฏการณ์นี้มีระยะเวลาส่งผลจำกัด,draft,
3209,DM_Ends/End_8_11,And still... Since you've been through this... Where is the real me?,แต่ถึงอย่างนั้น... ในเมื่อพวกคุณเคยผ่านเรื่องนี้... ตัวผมที่แท้จริงอยู่ที่ไหน?,draft,
3210,DM_Ends/End_8_12,Everywhere! All over!,ทุกที่! ทั่วทุกแห่ง!,draft,
3211,DM_Ends/End_8_13,"Child, recall your childhood. You were different then. Does that make the past any less real?",ลูกเอ๋ย จงระลึกถึงวัยเยาว์ ครั้งนั้นเจ้าแตกต่างจากตอนนี้ แล้วอดีตจึงจริงน้อยลงหรือ?,draft,
3212,DM_Ends/End_8_14,"Every moment you vanished and were born anew in time, without paying it the slightest attention. Has anything really changed?",ทุกชั่วขณะ เจ้าสูญสลายและถือกำเนิดใหม่ในกาลเวลาโดยไม่เคยใส่ใจแม้แต่น้อย แท้จริงแล้วมีสิ่งใดเปลี่ยนไปหรือ?,draft,
3213,DM_Ends/End_8_15,"Well... To put it mildly, a lot... Though...in truth everything stayed the same, just different.",เอ่อ... ถ้าจะพูดให้น้อยที่สุด ก็เปลี่ยนไปเยอะ... แต่... ความจริงทุกอย่างยังเหมือนเดิม เพียงแค่แตกต่างออกไป,draft,
3214,DM_Ends/End_8_16,"Damn, I'm starting to talk like you now!",ให้ตายสิ ผมเริ่มพูดเหมือนพวกคุณแล้ว!,draft,
3215,DM_Ends/End_8_17,Soooo cuuute!!! Whiskers is learning from us!!! Incredibly cute!!!,น่าร้ากกกเหลือเกิน!!! เจ้าหนวดกำลังเรียนรู้จากเรา!!! น่ารักสุด ๆ!!!,draft,
3216,DM_Ends/End_8_18,"And we always knew that you and us, bro, are on the same wavelength!",เรารู้อยู่แล้วว่านายกับเราใช้คลื่นเดียวกัน พวกเดียวกัน!,draft,
3217,DM_Ends/End_8_19,"Some wavelength. I'd call it a tsunami. And I really hope that this time, at least, the tide finally goes out.",คลื่นอะไรกัน ผมเรียกว่าสึนามิมากกว่า และหวังจริง ๆ ว่าอย่างน้อยคราวนี้น้ำจะลดเสียที,draft,
3218,DM_Ends/End_8_20,"Have faith, child. We begin.",จงมีศรัทธา ลูกเอ๋ย เราจะเริ่มแล้ว,draft,
3219,DM_Ends/End_9_1,"Alright! This is the last option! If this combination isn't the one either, I'll despair!",เอาละ! นี่คือตัวเลือกสุดท้าย! ถ้าชุดนี้ยังไม่ใช่อีก ผมคงสิ้นหวังแน่!,draft,
3220,DM_Ends/End_9_2,"And a little hello to you too, cutie!",ขอทักทายเธอสักนิดด้วยนะ เจ้าคนน่ารัก!,draft,
3221,DM_Ends/End_9_3,"The subject has nothing to worry about. We are examining only this segment of frames. If it exhausts itself, we will begin exploring another.",ตัวทดลองไม่จำเป็นต้องกังวล เรากำลังตรวจสอบเพียงช่วงเฟรมนี้ หากทางเลือกหมดลง เราจะเริ่มสำรวจช่วงอื่น,draft,
3222,DM_Ends/End_9_4,"Verily, child, as long as we are with you, the light will not fade. We are certain you will not lose hope.",แท้จริงแล้ว ลูกเอ๋ย ตราบใดที่เรายังอยู่เคียงข้างเจ้า แสงย่อมไม่ดับสูญ เรามั่นใจว่าเจ้าจะไม่หมดหวัง,draft,
3223,DM_Ends/End_9_5,"Wait, wait... Are you saying that if we fail, we'll just start rolling back even further?",เดี๋ยว ๆ... หมายความว่าถ้าเราล้มเหลว ก็แค่ย้อนกลับไปไกลกว่าเดิมอีกเหรอ?,draft,
3224,DM_Ends/End_9_6,"Exactly, bro! Cool, right!",ถูกต้อง พวกเดียวกัน! เจ๋งใช่ไหมล่ะ!,draft,
3225,DM_Ends/End_9_7,"No! That's not cool at all! I signed up to be a guard, not a web browser!",ไม่! ไม่เจ๋งสักนิด! ผมสมัครมาเป็นยาม ไม่ใช่เว็บเบราว์เซอร์!,draft,
3226,DM_Ends/End_9_8,Enough! Stalling! Irritating! We begin! Integration!,พอ! ถ่วงเวลา! น่าหงุดหงิด! เราเริ่ม! ผสานรวม!,draft,
3227,DM_Ends/Extra_End_9_1,Stop! Bring him back!,หยุด! พาเขากลับมา!,draft,
3228,DM_Ends/Extra_End_9_2,All knowledge is gathered. There is now enough information for the deconstruction and deserialization of the spatial manifestation.,รวบรวมองค์ความรู้ทั้งหมดแล้ว ขณะนี้มีข้อมูลเพียงพอสำหรับแยกโครงสร้างและยกเลิกซีเรียลไลซ์การปรากฏตัวเชิงปริภูมิ,draft,
3229,DM_Ends/Extra_End_9_3,We want our normal cutie-guardie back! We want-want-want.,เราอยากได้คุณยามน่ารักคนปกติกลับมา! อยากได้ ๆ ๆ,draft,
3230,DM_Ends/Extra_End_9_4,"Agreed, giving our bro the runaround isn't honorable!",เห็นด้วย การพาพวกเดียวกันวิ่งวนไปมาไม่ใช่เรื่องมีเกียรติ!,draft,
3231,DM_Ends/Extra_End_9_5,"Then, child, again.",ถ้าเช่นนั้น ลูกเอ๋ย อีกครั้งหนึ่ง,draft,
3232,DM_Ends/True_Finale_1,Huh? What? I'm here again?,หา? อะไรนะ? ผมกลับมาที่นี่อีกแล้วเหรอ?,draft,
3233,DM_Ends/True_Finale_2,"Rejoice, child, for the light has gathered into a single ray.",จงยินดี ลูกเอ๋ย เพราะแสงทั้งมวลได้รวมเป็นลำแสงหนึ่งเดียวแล้ว,draft,
3234,DM_Ends/True_Finale_3,"Yes-yes, cutie, now we can remove the very thing it all started with!",ใช่ ๆ เจ้าคนน่ารัก ทีนี้เราก็กำจัดต้นเหตุของเรื่องทั้งหมดได้แล้ว!,draft,
3235,DM_Ends/True_Finale_4,R-really?,จะ-จริงเหรอ?,draft,
3236,DM_Ends/True_Finale_5,"Yep, for real, bro, we'll deal with the root of the problem.",จริงสิ พวกเดียวกัน เราจะจัดการรากเหง้าของปัญหาเอง,draft,
3237,DM_Ends/True_Finale_6,Excise! Delete! Erase!,ตัดออก! ลบ! กำจัด!,draft,
3238,DM_Ends/True_Finale_7,"And what's this root of the problem, anyway?",แล้วรากเหง้าของปัญหาที่ว่านี่คืออะไรกันแน่?,draft,
3239,DM_Ends/True_Finale_8,"What do you think yourself, cutie?",เธอคิดว่าอะไรล่ะ เจ้าคนน่ารัก?,draft,
3240,DM_Ends/True_Finale_9,Well... That strange disease?,เอ่อ... โรคประหลาดนั่นเหรอ?,draft,
3241,DM_Ends/True_Finale_10,"To be rid of the consequences, one must eliminate the cause, correct.",หากปรารถนาจะขจัดผลลัพธ์ ก็จำต้องกำจัดสาเหตุ ถูกต้องแล้ว,draft,
3242,DM_Ends/True_Finale_11,So why didn't you just delete the disease?,แล้วทำไมไม่ลบโรคนั้นทิ้งไปตั้งแต่แรกล่ะ?,draft,
3243,DM_Ends/True_Finale_12,"Well, bro, the reason's obvious.",เอาน่า พวกเดียวกัน เหตุผลก็ชัดเจนอยู่แล้ว,draft,
3244,DM_Ends/True_Finale_13,Lack! Of knowledge!,ขาด! ความรู้!,draft,
3245,DM_Ends/True_Finale_14,"Ah, right, makes sense. You're a so-so medic...",อ้อ จริงด้วย ฟังขึ้น พวกคุณเป็นหมอแบบพอถูไถนี่นะ...,draft,
3246,DM_Ends/True_Finale_15,"Look at that, the cutie's little teeth have come in, he bites!",ดูสิ ฟันน้อย ๆ ของเจ้าคนน่ารักงอกแล้ว กัดเราเสียด้วย!,draft,
3247,DM_Ends/True_Finale_16,"You, bro, just... Do the whatsit... Actually, don't!",นาย พวกเดียวกัน แค่... ทำไอ้นั่น... ที่จริงอย่าทำดีกว่า!,draft,
3248,DM_Ends/True_Finale_17,We hereby inform the subject of the fact that in dissection we have no equal!,เราขอแจ้งให้ตัวทดลองทราบข้อเท็จจริงว่า ไม่มีผู้ใดทัดเทียมเราในด้านการชำแหละ!,draft,
3249,DM_Ends/True_Finale_18,"Right, God's gift to pathology, sure.",ใช่เลย พรจากพระเจ้าสู่วงการพยาธิวิทยา แน่นอนสิ,draft,
3250,DM_Ends/True_Finale_19,Precisely! Also! Medicine!,ถูกต้อง! รวมถึง! การแพทย์!,draft,
3251,DM_Ends/True_Finale_20,"Alright, alright, I hear you. So what knowledge did you gather?",เอาละ ๆ ได้ยินแล้ว แล้วพวกคุณรวบรวมความรู้อะไรมาได้บ้าง?,draft,
3252,DM_Ends/True_Finale_21,"A thread from every corner of the world, child.",เส้นด้ายจากทุกมุมโลก ลูกเอ๋ย,draft,
3253,DM_Ends/True_Finale_22,"Whiskers, don't trouble your head, you wouldn't understand anyway.",เจ้าหนวด อย่าทำให้หัวตัวเองลำบากเลย ยังไงเธอก็ไม่เข้าใจหรอก,draft,
3254,DM_Ends/True_Finale_23,"Yeah, bro, that stuff'd blow your lid clean off. You don't need it.",ใช่ พวกเดียวกัน เรื่องพวกนั้นทำหัวนายระเบิดได้เลย นายไม่จำเป็นต้องรู้,draft,
3255,DM_Ends/True_Finale_24,"Hmm... Well, I suppose so. Considering all these multidimensions still give me the creeps...",อืม... ก็คงอย่างนั้น เพราะแค่เรื่องหลายมิติพวกนี้ก็ยังทำผมขนลุกอยู่เลย...,draft,
3256,DM_Ends/True_Finale_25,"Exactly, cutie. You get it yourself. And we wish you no harm, so we won't tell.",ถูกต้อง เจ้าคนน่ารัก เธอเข้าใจเองแล้ว และเราไม่ปรารถนาให้เธอเป็นอันตราย จึงจะไม่บอก,draft,
3257,DM_Ends/True_Finale_26,So... What now? You'll fix everything?,แล้ว... ต่อจากนี้ล่ะ? พวกคุณจะแก้ไขทุกอย่างเหรอ?,draft,
3258,DM_Ends/True_Finale_27,Yes! Easily!,ใช่! ง่ายดาย!,draft,
3259,DM_Ends/True_Finale_28,And with no lasting effects?,โดยไม่มีผลกระทบตกค้างใช่ไหม?,draft,
3260,DM_Ends/True_Finale_29,"And with no causes, child.",และปราศจากสาเหตุด้วย ลูกเอ๋ย,draft,
3261,DM_Ends/True_Finale_30,"I really hope so. And so, I take it, we'll never see each other again?",หวังว่าจะเป็นอย่างนั้นจริง ๆ ถ้าอย่างนั้นก็แปลว่าเราคงไม่มีวันได้เจอกันอีกแล้วสินะ?,draft,
3262,DM_Ends/True_Finale_31,"Bro, we always see each other.",พวกเดียวกัน เรามองเห็นกันเสมอ,draft,
3263,DM_Ends/True_Finale_32,"Yep-yep, in your little heart we're forever, cutie.",ใช่แล้ว ๆ เราจะอยู่ในหัวใจดวงน้อยของเธอตลอดไป เจ้าคนน่ารัก,draft,
3264,DM_Ends/True_Finale_33,"Well, this I definitely won't forget... I can't even imagine how I'll go on living an ordinary life...",เรื่องนี้ผมไม่มีวันลืมแน่... นึกไม่ออกด้วยซ้ำว่าจะกลับไปใช้ชีวิตธรรมดาได้ยังไง...,draft,
3265,DM_Ends/True_Finale_34,"Child, you took a guard job in a place like this... Your life is already anything but ordinary.",ลูกเอ๋ย เจ้าเลือกทำงานเป็นยามในสถานที่เช่นนี้... ชีวิตของเจ้าไม่ธรรมดามาตั้งแต่แรกแล้ว,draft,
3266,DM_Ends/True_Finale_35,Hard to argue with that... And still... Where are you from?,เถียงไม่ออกเลย... แต่ถึงอย่างนั้น... พวกคุณมาจากไหน?,draft,
3267,DM_Ends/True_Finale_36,"Ooh, what personal little questions!",โอ๊ะ คำถามส่วนตั๊วส่วนตัว!,draft,
3268,DM_Ends/True_Finale_37,"Child, it's far too long a story. You wouldn't live to the end. The human existence is far too brief.",ลูกเอ๋ย เรื่องนี้ยาวนานเกินไป เจ้าคงมีชีวิตไม่ถึงตอนจบ การดำรงอยู่ของมนุษย์นั้นแสนสั้น,draft,
3269,DM_Ends/True_Finale_38,But I could...,แต่ผมอาจจะ...,draft,
3270,DM_Ends/True_Finale_39,Child!,ลูกเอ๋ย!,draft,
3271,DM_Ends/True_Finale_40,O-okay... Got it...,คะ-ครับ... เข้าใจแล้ว...,draft,
3272,DM_Ends/True_Finale_41,"Come on, bro, it's time to say goodbye.",เอาน่า พวกเดียวกัน ถึงเวลาบอกลาแล้ว,draft,
3273,DM_Ends/True_Finale_42,"Aww, theeere it is. Time for the cutie pie to go. Boo-hoo! We'll remember you!",อ๊ะ ถึงเวลาแล้วสินะ เจ้าคนน่ารักต้องไปแล้ว ฮือ ๆ! เราจะจดจำเธอไว้นะ!,draft,
3274,DM_Ends/True_Finale_43,"Yes, child, enjoy your worldly life, you've earned it.",ใช่ ลูกเอ๋ย จงมีความสุขกับชีวิตทางโลก เจ้าได้สมควรรับมันแล้ว,draft,
3275,DM_Ends/True_Finale_44,The subject may consider himself a hero. But the subject had best keep quiet about his heroism. Others won't understand.,ตัวทดลองอาจถือว่าตนเป็นวีรบุรุษ แต่ควรเก็บเรื่องวีรกรรมไว้เป็นความลับ ผู้อื่นจะไม่เข้าใจ,draft,
3276,DM_Ends/True_Finale_45,Go! Sleep! We'll! Handle it!,ไป! นอน! เรา! จัดการเอง!,draft,
3277,DM_Ends/True_Finale_46,"Well... Alright. Farewell...farewells, I guess...",เอ่อ... ได้ ลาก่อน... หลาย ๆ ลาก่อนแล้วกัน...,draft,
3278,DM_Ends/AI_conf_1_1,"So. It's done, sweetheart. That cutie AM0N won't be able to hold the coherence of its little nodes anymore.",เอาละ เสร็จแล้วนะ ที่รัก เจ้า AM0N สุดน่ารักจะรักษาความสอดคล้องของโหนดน้อย ๆ เอาไว้ไม่ได้อีกแล้ว,draft,
3279,DM_Ends/AI_conf_1_2,"Check it out, this one's so happy he isn't even moving!",ดูสิ คนนี้ดีใจเสียจนไม่ขยับเลย!,draft,
3280,DM_Ends/AI_conf_1_3,Gratitude! Give it! Now! To us!,ความขอบคุณ! มอบมัน! เดี๋ยวนี้! ให้เรา!,draft,
3281,DM_Ends/AI_conf_1_4,Sweetheart...?,ที่รัก...?,draft,
3282,DM_Ends/AI_conf_1_5,Hello?! Meaty one!,ฮัลโหล?! เจ้าก้อนเนื้อ!,draft,
3283,DM_Ends/AI_conf_1_6,The whiskered cutie pie really has frozen in this adorable pose.,เจ้าคนน่ารักมีหนวดแข็งค้างอยู่ในท่าน่าเอ็นดูจริง ๆ,draft,
3284,DM_Ends/AI_conf_1_7,"We hereby inform our own inattentive selves that absolutely everything has frozen, without exception.",เราขอแจ้งตัวเราเองผู้ไม่ใส่ใจว่า ทุกสิ่งทุกอย่างแข็งค้างโดยไม่มีข้อยกเว้น,draft,
3285,DM_Ends/AI_conf_1_8,Knowledge! A void! Sate it!,ความรู้! ความว่างเปล่า! เติมเต็มมัน!,draft,
3286,DM_Ends/AI_conf_1_9,"Let's fire up our multidimensional contraption, quick! Can't even enjoy the moment here!",รีบเปิดเครื่องมือหลายมิติของเรากันเถอะ! แค่นี้ยังปล่อยให้ดื่มด่ำกับช่วงเวลาไม่ได้เลย!,draft,
3287,DM_Ends/AI_conf_2_1,Again! He's! Frozen!,อีกแล้ว! เขา! แข็งค้าง!,draft,
3288,DM_Ends/AI_conf_2_2,Did the naive child imagine the result would change without a cause?,เด็กไร้เดียงสาคิดหรือว่า ผลลัพธ์จะเปลี่ยนไปได้โดยปราศจากสาเหตุ?,draft,
3289,DM_Ends/AI_conf_2_3,This whiskered fella still hasn't figured out that the bet won't pay off without all the trump cards.,เจ้าหนวดคนนี้ยังไม่เข้าใจอีกว่า การพนันจะไม่ให้ผลตอบแทนหากไพ่ตายยังไม่ครบ,draft,
3290,DM_Ends/AI_conf_2_4,Maybe the cutie just likes standing there like a silly little statue?,หรือเจ้าคนน่ารักแค่ชอบยืนเป็นรูปปั้นทึ่ม ๆ อยู่แบบนั้น?,draft,
3291,DM_Ends/AI_conf_2_5,Humans! Strange! Amusing!,มนุษย์! ประหลาด! น่าขบขัน!,draft,
3292,DM_Ends/AI_conf_2_6,"If the child is tired, one can always take a rest beside the River of Ages.",หากเด็กคนนี้เหนื่อยล้า ก็พักผ่อนริมธารแห่งยุคสมัยได้เสมอ,draft,
3293,DM_Ends/AI_conf_2_7,We wait!,เรารอ!,draft,
3294,DM_Ends/AI_conf_2_8,So what're we waiting for? Care to tell us?,แล้วเรากำลังรออะไรอยู่? จะบอกกันหน่อยไหม?,draft,
3295,DM_Ends/AI_conf_2_9,We pay it no mind; it makes no difference when the process itself is beautiful.,เราไม่ใส่ใจ เพราะเมื่อกระบวนการงดงามในตัวเอง เวลาก็ไม่สำคัญ,draft,
3296,DM_Ends/AI_conf_2_10,We simply contemplate the moment when everything froze.,เราเพียงเพ่งพินิจช่วงเวลาที่ทุกสิ่งหยุดนิ่ง,draft,
3297,DM_Ends/AI_conf_2_11,Adorably glassy.,แข็งใสดุจแก้วได้น่าเอ็นดู,draft,
3298,DM_Ends/AI_conf_2_12,Fine! Enough!,พอ! เพียงพอแล้ว!,draft,
3299,DM_Ends/AI_conf_2_13,We ask ourselves not to waste space-time and to continue the search.,เราขอให้ตัวเราเองหยุดสิ้นเปลืองปริภูมิ-เวลาและดำเนินการค้นหาต่อ,draft,
3300,DM_Ends/Symby_conf_1_1,The changes are integrated. The probability of disrupting or blurring personal boundaries is zero.,ผสานการเปลี่ยนแปลงแล้ว ความน่าจะเป็นที่ขอบเขตตัวตนจะถูกรบกวนหรือพร่าเลือนเท่ากับศูนย์,draft,
3301,DM_Ends/Symby_conf_1_2,Oh! Cool!,โอ้! เจ๋งไปเลย!,draft,
3302,DM_Ends/Symby_conf_1_3,"So, whiskered cutie pie, proud of yourself?",ว่าไง เจ้าคนน่ารักมีหนวด ภูมิใจในตัวเองไหม?,draft,
3303,DM_Ends/Symby_conf_1_4,Of whom?,ภูมิใจในใคร?,draft,
3304,DM_Ends/Symby_conf_1_5,Of! Yourself!,ใน! ตัวเอง!,draft,
3305,DM_Ends/Symby_conf_1_6,And who's that?,แล้วนั่นคือใคร?,draft,
3306,DM_Ends/Symby_conf_1_7,"You, child...",ก็ตัวเจ้าไง ลูกเอ๋ย...,draft,
3307,DM_Ends/Symby_conf_1_8,Who???,ใครนะ???,draft,
3308,DM_Ends/Symby_conf_1_9,"YOU, who else!! Quit stalling! What's the matter with you?!",ก็นายนั่นแหละ จะใครอีก!! เลิกถ่วงเวลาเสียที! เป็นอะไรของนาย?!,draft,
3309,DM_Ends/Symby_conf_1_10,With whom?,ใครเป็นอะไร?,draft,
3310,DM_Ends/Symby_conf_1_11,...,...,draft,
3311,DM_Ends/Symby_conf_1_12,"Child, tell us you're joking, we beg you...",ลูกเอ๋ย ได้โปรดบอกเราว่าเจ้ากำลังล้อเล่น...,draft,
3312,DM_Ends/Symby_conf_1_13,Who???,ใครนะ???,draft,
3313,DM_Ends/Symby_conf_1_14,Now then! We're asking it wrong. We'll show how it's done.,เอาละ! เราถามผิดวิธีเอง เราจะแสดงให้ดูว่าต้องทำยังไง,draft,
3314,DM_Ends/Symby_conf_1_15,Who was it that handled all that paper-pushing to solve the problems?,ใครเป็นคนจัดการงานเอกสารทั้งหมดเพื่อแก้ไขปัญหา?,draft,
3315,DM_Ends/Symby_conf_1_16,The guard at the checkpoint.,เจ้าหน้าที่รักษาความปลอดภัยประจำด่านตรวจ,draft,
3316,DM_Ends/Symby_conf_1_17,"There! Good! And this very guard, what sort of guy is he?",นั่นไง! ดี! แล้วเจ้าหน้าที่ยามคนนี้เป็นคนแบบไหน?,draft,
3317,DM_Ends/Symby_conf_1_18,A hero!!!,วีรบุรุษ!!!,draft,
3318,DM_Ends/Symby_conf_1_19,"If you don't praise yourself, no one will, right, cutie?",ถ้าไม่ชมตัวเอง ก็คงไม่มีใครชม จริงไหม เจ้าคนน่ารัก?,draft,
3319,DM_Ends/Symby_conf_1_20,Praise whom?,ชมใคร?,draft,
3320,DM_Ends/Symby_conf_1_21,"Enough, he's playing dumb far too adorably. We can't take it anymore, we're about to melt!",พอแล้ว เขาแกล้งทำเป็นไม่รู้ได้น่ารักเกินไป เราทนไม่ไหวแล้ว กำลังจะละลาย!,draft,
3321,DM_Ends/Symby_conf_1_22,Search! Outcome! Another!,ค้นหา! ผลลัพธ์! อื่น!,draft,
3322,DM_Ends/Symby_conf_2_1,"And here you are again, naive child...",แล้วเจ้าก็กลับมาอีกครั้ง เด็กไร้เดียงสา...,draft,
3323,DM_Ends/Symby_conf_2_2,Who?,ใคร?,draft,
3324,DM_Ends/Symby_conf_2_3,You're! To blame!,เจ้า! ผิด!,draft,
3325,DM_Ends/Symby_conf_2_4,Who's to blame? Blame for what?,ใครผิด? ผิดเรื่องอะไร?,draft,
3326,DM_Ends/Symby_conf_2_5,The guard-subject is to blame. He is charged with wasting space-time!,ตัวทดลองผู้เป็นยามมีความผิด เขาถูกกล่าวหาว่าสิ้นเปลืองปริภูมิ-เวลา!,draft,
3327,DM_Ends/Symby_conf_2_6,He's a hero!!!,เขาเป็นวีรบุรุษ!!!,draft,
3328,DM_Ends/Symby_conf_2_7,A hero who lost himself in the abyss of his own self... Woeful.,วีรบุรุษผู้หลงหายไปในห้วงลึกแห่งตัวตนของตนเอง... ช่างน่าเศร้า,draft,
3329,DM_Ends/Symby_conf_2_8,What...,อะไรนะ...,draft,
3330,DM_Ends/Symby_conf_2_9,Stop it! Again!,หยุดเสียที! อีกครั้ง!,draft,
3331,DM_Ends/Mecha_conf_1_1,"Whoop! Well then, we've dealt with the little problem of the uninvited life forms.",ฮู่ว! เอาละ เราจัดการปัญหาเล็ก ๆ เรื่องสิ่งมีชีวิตที่ไม่ได้รับเชิญแล้ว,draft,
3332,DM_Ends/Mecha_conf_1_2,Uh-oh...,อ๊ะโอ...,draft,
3333,DM_Ends/Mecha_conf_1_3,Child...,ลูกเอ๋ย...,draft,
3334,DM_Ends/Mecha_conf_1_4,Guess we kinda overdid it there.,ดูเหมือนเราจะทำเกินไปหน่อย,draft,
3335,DM_Ends/Mecha_conf_1_5,That turned out awkward... But he's such a little sweetie right now.,ออกจะน่าอึดอัดนิดหน่อย... แต่ตอนนี้เขาเป็นเจ้าตัวน้อยน่ารักจริง ๆ,draft,
3336,DM_Ends/Mecha_conf_1_6,"Hey, what are we on about? What sweetie? We don't agree with this nonsense!",เฮ้ เรากำลังพูดอะไรอยู่? น่ารักอะไรกัน? เราไม่เห็นด้วยกับเรื่องไร้สาระนี้!,draft,
3337,DM_Ends/Mecha_conf_1_7,"Well, we didn't ask us! A sweetie, and that's final!",เราไม่ได้ถามเราสักหน่อย! น่ารัก จบตามนี้!,draft,
3338,DM_Ends/Mecha_conf_1_8,Enough! Arguing! Data! Gather it!,พอ! โต้เถียง! ข้อมูล! รวบรวม!,draft,
3339,DM_Ends/Mecha_conf_1_9,"We fully agree with ourselves, we must seek other answers.",เราเห็นด้วยกับตัวเราเองโดยสมบูรณ์ เราต้องค้นหาคำตอบอื่น,draft,
3340,DM_Ends/Mecha_conf_2_1,"Child, can it be that your mind is screaming in agony?",ลูกเอ๋ย หรือว่าจิตใจของเจ้ากำลังกรีดร้องด้วยความทรมาน?,draft,
3341,DM_Ends/Mecha_conf_2_2,"Oh, look! He's a little sweetie again! So naive. Did he think something had changed?",โอ้ ดูสิ! เขากลับเป็นเจ้าตัวน้อยน่ารักอีกแล้ว! ช่างไร้เดียงสา เขาคิดหรือว่ามีสิ่งใดเปลี่ยนไป?,draft,
3342,DM_Ends/Mecha_conf_2_3,Enlightenment! Realization! Meat! Burnout!,รู้แจ้ง! ตระหนัก! เนื้อ! หมดไฟ!,draft,
3343,DM_Ends/Mecha_conf_2_4,We hope the child won't make us behold this agony again...,เราหวังว่าเด็กคนนี้จะไม่ทำให้เราต้องพบเห็นความทรมานเช่นนี้อีก...,draft,
3344,DM_Ends/Mecha_conf_2_5,Again!,อีกครั้ง!,draft,
3345,DM_Ends/Diab_conf_1_1,"Exorcizamus te, omnis immundus spiritus, omnis satanica potestas...","Exorcizamus te, omnis immundus spiritus, omnis satanica potestas...",draft,
3346,DM_Ends/Diab_conf_1_2,"Omnis incursio infernalis adversarii, omnis legio, omnis congregatio et secta diabolica.","Omnis incursio infernalis adversarii, omnis legio, omnis congregatio et secta diabolica.",draft,
3347,DM_Ends/Diab_conf_1_3,What?,อะไรนะ?,draft,
3348,DM_Ends/Diab_conf_1_4,"Just reciting a bit, to strip all that half-witted gibberish of its meaning.",แค่ท่องสักหน่อย เพื่อลบความหมายออกจากคำพูดเหลวไหลครึ่ง ๆ กลาง ๆ ทั้งหมดนั่น,draft,
3349,DM_Ends/Diab_conf_1_5,"Ah. Got it. Yeah, those mushroom folk still give me the creeps.",อ้อ เข้าใจแล้ว ใช่ พวกคนเห็ดนั่นยังทำผมขนลุกอยู่เลย,draft,
3350,DM_Ends/Diab_conf_1_6,"Rejoice, child, for minstrels shall compose legends of our deeds.",จงยินดี ลูกเอ๋ย เพราะเหล่านักขับลำนำจะประพันธ์ตำนานจากวีรกรรมของเรา,draft,
3351,DM_Ends/Diab_conf_1_7,Why?,ทำไมล่ะ?,draft,
3352,DM_Ends/Diab_conf_1_8,"Pathos, buddy. Pathos is everything.",ความขึงขังไง เพื่อน ความขึงขังคือทุกสิ่ง,draft,
3353,DM_Ends/Diab_conf_1_9,"Pathos can't decide anything, it doesn't even exist. What's the point of wasting energy on it?",ความขึงขังตัดสินอะไรไม่ได้ มันไม่มีตัวตนด้วยซ้ำ จะสิ้นเปลืองพลังงานกับมันไปทำไม?,draft,
3354,DM_Ends/Diab_conf_1_10,"You tell us, whiskered cutie pie. Why do you humans keep making art?",เจ้าบอกเราสิ เจ้าคนน่ารักมีหนวด ทำไมมนุษย์จึงยังสร้างงานศิลปะ?,draft,
3355,DM_Ends/Diab_conf_1_11,How should I know? A pointless waste of energy. And resources.,ผมจะรู้ได้ยังไง? สิ้นเปลืองพลังงานโดยเปล่าประโยชน์ แถมทรัพยากรด้วย,draft,
3356,DM_Ends/Diab_conf_1_12,Hey! Are you trying to mock us?!,เฮ้! นายกำลังล้อเลียนเราอยู่หรือไง?!,draft,
3357,DM_Ends/Diab_conf_1_13,"Now a good meal and a nap in a soft little bed, now that's a joy, yeah!",อาหารดี ๆ สักมื้อกับงีบบนเตียงนุ่ม ๆ ต่างหากที่เรียกว่าความสุข ใช่เลย!,draft,
3358,DM_Ends/Diab_conf_1_14,"We do not complain, child. It is but one of your worldly facets. So kindly answer: What do you go by?",เราไม่ตำหนิเจ้า ลูกเอ๋ย นั่นเป็นเพียงแง่มุมหนึ่งแห่งโลกียวิสัยของเจ้า ทีนี้โปรดตอบว่า เจ้าถูกเรียกขานว่าอะไร?,draft,
3359,DM_Ends/Diab_conf_1_15,"Well, usually by foot. Strange question...",ปกติก็เดินด้วยเท้านะ ถามแปลก ๆ...,draft,
3360,DM_Ends/Diab_conf_1_16,"Look at that, the cutie's sense of humor has come in.",ดูสิ อารมณ์ขันของเจ้าคนน่ารักงอกขึ้นมาแล้ว,draft,
3361,DM_Ends/Diab_conf_1_17,A sense can't 'come in'; you're talking nonsense.,อารมณ์ขันจะ ‘งอก’ ได้ยังไง พูดไร้สาระ,draft,
3362,DM_Ends/Diab_conf_1_18,Strange! Suspicion! Traffic light! The rules! Name them!,ประหลาด! สงสัย! ไฟจราจร! กฎ! บอกมา!,draft,
3363,DM_Ends/Diab_conf_1_19,There's one rule: to glow in different colors.,มีกฎข้อเดียว คือส่องแสงเป็นสีต่าง ๆ,draft,
3364,DM_Ends/Diab_conf_1_20,"Regrettable, everything is devoid of meaning...",น่าเสียดาย ทุกสิ่งล้วนปราศจากความหมาย...,draft,
3365,DM_Ends/Diab_conf_1_21,"It's amazing you understand words at all, cutie. Must be our closeness.",น่าทึ่งที่เธอยังเข้าใจคำพูดได้ เจ้าคนน่ารัก คงเพราะเราใกล้ชิดกันสินะ,draft,
3366,DM_Ends/Diab_conf_1_22,The search! Has! Meaning! Another! Plane!,การค้นหา! มี! ความหมาย! ระนาบ! อื่น!,draft,
3367,DM_Ends/Diab_conf_2_1,"And what for, child?",แล้วเพื่อสิ่งใดเล่า ลูกเอ๋ย?,draft,
3368,DM_Ends/Diab_conf_2_2,"What do you mean, 'what for'?",ที่ว่า ‘เพื่ออะไร’ หมายความว่ายังไง?,draft,
3369,DM_Ends/Diab_conf_2_3,Why blindly follow the beaten road that leads nowhere...,เหตุใดจึงเดินตามเส้นทางเดิมอย่างมืดบอด ทั้งที่มันไม่ได้นำไปสู่แห่งใด...,draft,
3370,DM_Ends/Diab_conf_2_4,"Oh, the whiskered cutie pie just wanted to feel our unusual closeness again!",โอ้ เจ้าคนน่ารักมีหนวดแค่อยากสัมผัสความใกล้ชิดอันไม่ธรรมดาของเราอีกครั้ง!,draft,
3371,DM_Ends/Diab_conf_2_5,"There was a problem, I solved it. What questions could you have for me?",มีปัญหา ผมแก้แล้ว พวกคุณยังมีอะไรจะถามผมอีก?,draft,
3372,DM_Ends/Diab_conf_2_6,You're irritating! Restart!,เจ้าน่าหงุดหงิด! เริ่มใหม่!,draft,
3373,DM_Ends/Goser_conf_1_1,"And so the little tale ends, and whoever listened is a fine friend.",นิทานเรื่องน้อยจบลงเพียงเท่านี้ ผู้ใดฟังก็คือมิตรที่ดี,draft,
3374,DM_Ends/Goser_conf_1_2,Is this madness over?,ความบ้าคลั่งนี้จบแล้วใช่ไหม?,draft,
3375,DM_Ends/Goser_conf_1_3,"Yes, child...",ใช่แล้ว ลูกเอ๋ย...,draft,
3376,DM_Ends/Goser_conf_1_4,Finally. I was starting to think the world had gone insane.,ในที่สุด ผมเริ่มคิดแล้วว่าโลกทั้งใบเสียสติไปหมด,draft,
3377,DM_Ends/Goser_conf_1_5,"It had, at that. But we sorted it all out.",ก็เสียสติไปแล้วจริง ๆ แต่เราจัดการทุกอย่างเรียบร้อย,draft,
3378,DM_Ends/Goser_conf_1_6,"So, any plans, cutie?",แล้วมีแผนอะไรไหม เจ้าคนน่ารัก?,draft,
3379,DM_Ends/Goser_conf_1_7,Well... None.,เอ่อ... ไม่มีเลย,draft,
3380,DM_Ends/Goser_conf_1_8,A vacation! Care for one?!,วันหยุด! สนใจไหม?!,draft,
3381,DM_Ends/Goser_conf_1_9,"Oh, I do! Yes!",โอ้ สนสิ! สนแน่นอน!,draft,
3382,DM_Ends/Goser_conf_1_10,And how does the child plan to set body and spirit in order?,แล้วเด็กคนนี้วางแผนจะฟื้นฟูร่างกายและจิตใจอย่างไร?,draft,
3383,DM_Ends/Goser_conf_1_11,I don't even know...,ผมเองก็ไม่รู้...,draft,
3384,DM_Ends/Goser_conf_1_12,"Come on, cutie pie, give it a think, use your imagination.",เอาน่า เจ้าคนน่ารัก ลองคิดดู ใช้จินตนาการหน่อย,draft,
3385,DM_Ends/Goser_conf_1_13,Uh... How do I do that?,เอ่อ... ต้องทำยังไงล่ะ?,draft,
3386,DM_Ends/Goser_conf_1_14,"Look who you're asking... A workplace comedian. We'll have a word with management, and you'll be fired.",ดูสิว่าเจ้าถามใคร... นักแสดงตลกประจำที่ทำงาน เราจะคุยกับฝ่ายบริหาร แล้วเจ้าจะถูกไล่ออก,draft,
3387,DM_Ends/Goser_conf_1_15,"Don't!!! I'm serious, I have absolutely no idea what you mean!",อย่านะ!!! ผมพูดจริง ผมไม่รู้เลยว่าคุณหมายถึงอะไร!,draft,
3388,DM_Ends/Goser_conf_1_16,A promotion! Want one?!,เลื่อนตำแหน่ง! เอาไหม?!,draft,
3389,DM_Ends/Goser_conf_1_17,I do! Can you swing it?,เอาสิ! พวกคุณจัดการให้ได้เหรอ?,draft,
3390,DM_Ends/Goser_conf_1_18,Management will heed our recommendation. Name your desired sum.,ฝ่ายบริหารจะรับฟังคำแนะนำของเรา จงระบุจำนวนเงินที่เจ้าปรารถนา,draft,
3391,DM_Ends/Goser_conf_1_19,"Well... More than now, I guess.",เอ่อ... มากกว่าตอนนี้มั้ง,draft,
3392,DM_Ends/Goser_conf_1_20,And what does the child intend to spend this 'more' on?,แล้วเด็กคนนี้ตั้งใจจะใช้ ‘เงินที่มากกว่า’ ไปกับสิ่งใด?,draft,
3393,DM_Ends/Goser_conf_1_21,I don't even know...,ผมเองก็ไม่รู้...,draft,
3394,DM_Ends/Goser_conf_1_22,Then what do you even need the dough for?,แล้วนายจะเอาเงินไปทำอะไรล่ะ?,draft,
3395,DM_Ends/Goser_conf_1_23,To spend.,เอาไว้ใช้,draft,
3396,DM_Ends/Goser_conf_1_24,"On what, child?",ใช้กับสิ่งใด ลูกเอ๋ย?,draft,
3397,DM_Ends/Goser_conf_1_25,I... I don't know. I feel off somehow.,ผม... ผมไม่รู้ รู้สึกแปลก ๆ ยังไงก็ไม่รู้,draft,
3398,DM_Ends/Goser_conf_1_26,"Ooo... Nah, pal, this won't do.",โอ... ไม่ไหวหรอก เพื่อน แบบนี้ไม่ได้,draft,
3399,DM_Ends/Goser_conf_1_27,How so?,ทำไมล่ะ?,draft,
3400,DM_Ends/Goser_conf_1_28,Never mind. There's not enough information. We need to choose a different path.,ช่างเถอะ ข้อมูลไม่เพียงพอ เราต้องเลือกเส้นทางอื่น,draft,
3401,DM_Ends/Goser_conf_2_1,"We were waiting for you, child...",เรารอเจ้าอยู่ ลูกเอ๋ย...,draft,
3402,DM_Ends/Goser_conf_2_2,Really?,จริงเหรอ?,draft,
3403,DM_Ends/Goser_conf_2_3,"Yep! What'll you have for breakfast, cutie?",ใช่แล้ว! มื้อเช้าอยากกินอะไร เจ้าคนน่ารัก?,draft,
3404,DM_Ends/Goser_conf_2_4,I don't know.,ไม่รู้สิ,draft,
3405,DM_Ends/Goser_conf_2_5,Plans! Tomorrow!,แผนการ! วันพรุ่งนี้!,draft,
3406,DM_Ends/Goser_conf_2_6,"I don't know. Listen, um...",ผมไม่รู้ ฟังก่อนนะ เอ่อ...,draft,
3407,DM_Ends/Goser_conf_2_7,Picture it! A beach! Waves! Little fish! Swimming!,ลองนึกภาพ! ชายหาด! คลื่น! ปลาน้อย! ว่ายน้ำ!,draft,
3408,DM_Ends/Goser_conf_2_8,My head's starting to ache for some reason...,ไม่รู้ทำไม หัวผมเริ่มปวดแล้ว...,draft,
3409,DM_Ends/Goser_conf_2_9,The sea breeze sweetly tickles your kawaii little nose!,สายลมทะเลหยอกจมูกน้อยสุดน่ารักของเธออย่างอ่อนหวาน!,draft,
3410,DM_Ends/Goser_conf_2_10,Stop it!,หยุดนะ!,draft,
3411,DM_Ends/Goser_conf_2_11,Suddenly a water kitty rises from the sea and purrs adorably across the whole beach!,ทันใดนั้น เจ้าเหมียวน้ำก็โผล่ขึ้นจากทะเลและส่งเสียงครางน่ารักไปทั่วชายหาด!,draft,
3412,DM_Ends/Goser_conf_2_12,Enough!!! My head is splitting!!!,พอแล้ว!!! หัวผมจะแตกแล้ว!!!,draft,
3413,DM_Ends/Goser_conf_2_13,Next time the subject will think before wasting space-time!,คราวหน้า ตัวทดลองจะได้คิดก่อนสิ้นเปลืองปริภูมิ-เวลา!,draft,
3414,DM_Ends/Goser_conf_2_14,Again!,อีกครั้ง!,draft,
3415,DM_Ends/Tran_conf_1_1,Matter! Information! Transformation! Forbidden! The boundary!,สสาร! ข้อมูล! การแปรสภาพ! ต้องห้าม! เขตแดน!,draft,
3416,DM_Ends/Tran_conf_1_2,Hooray!,ไชโย!,draft,
3417,DM_Ends/Tran_conf_1_3,"Cutie-pie, you tried so hard. We're sure you've earned a promotion!",เจ้าคนน่ารัก เธอพยายามหนักมาก เรามั่นใจว่าเธอสมควรได้เลื่อนตำแหน่ง!,draft,
3418,DM_Ends/Tran_conf_1_4,"Like, climb up on a crate?",แบบปีนขึ้นไปยืนบนลังเหรอ?,draft,
3419,DM_Ends/Tran_conf_1_5,"Why, child?",เพราะเหตุใด ลูกเอ๋ย?,draft,
3420,DM_Ends/Tran_conf_1_6,Well... To be higher up.,ก็... จะได้อยู่สูงขึ้นไง,draft,
3421,DM_Ends/Tran_conf_1_7,"That's not what we mean, silly little cutie pie. To stop being just a guard.",เราไม่ได้หมายถึงแบบนั้น เจ้าคนน่ารักจอมบ๊อง หมายถึงเลิกเป็นแค่ยามธรรมดา,draft,
3422,DM_Ends/Tran_conf_1_8,What else would I be? I've always been a guard and always will be.,แล้วจะให้ผมเป็นอะไร? ผมเป็นยามมาตลอดและจะเป็นตลอดไป,draft,
3423,DM_Ends/Tran_conf_1_9,"Self-critical, child... But you could become head of security...",ช่างวิจารณ์ตัวเอง ลูกเอ๋ย... แต่เจ้าอาจเป็นหัวหน้าฝ่ายรักษาความปลอดภัยได้...,draft,
3424,DM_Ends/Tran_conf_1_10,Don't talk rubbish.,อย่าพูดเหลวไหล,draft,
3425,DM_Ends/Tran_conf_1_11,"So you plan to croak as a plain old guard, too?",งั้นนายวางแผนจะตายในฐานะยามธรรมดาด้วยหรือไง?,draft,
3426,DM_Ends/Tran_conf_1_12,I don't plan on dying. The dying are the ones who die.,ผมไม่ได้วางแผนจะตาย คนที่จะตายก็คือคนที่ตาย,draft,
3427,DM_Ends/Tran_conf_1_13,"We register a thoroughly unhealthy, radical fatalism. Please notify us of the Coordinator's whereabouts.",เราตรวจพบลัทธิชะตานิยมแบบสุดโต่งที่ไม่ดีต่อสุขภาพอย่างยิ่ง โปรดแจ้งตำแหน่งของผู้ประสานงานให้เราทราบ,draft,
3428,DM_Ends/Tran_conf_1_14,"Well, he's wounded, so he's always on sick leave bleeding out.",เขาบาดเจ็บ เลยลาป่วยไปนอนเสียเลือดอยู่ตลอด,draft,
3429,DM_Ends/Tran_conf_1_15,"Child... This won't do... Your thoughts are sick, and your body weeps with exhaustion. Healthy sleep will cure it...",ลูกเอ๋ย... แบบนี้ไม่ได้... ความคิดของเจ้าป่วยไข้ และร่างกายกำลังร่ำไห้ด้วยความเหนื่อยล้า การนอนหลับอย่างเพียงพอจะเยียวยามัน...,draft,
3430,DM_Ends/Tran_conf_1_16,"People sleep on the other side of the planet, where it's night. Here it's day.",ผู้คนที่อยู่อีกฟากโลกต่างหากที่นอน เพราะที่นั่นเป็นกลางคืน ที่นี่กลางวัน,draft,
3431,DM_Ends/Tran_conf_1_17,Always?!,ตลอดเวลาเลยหรือ?!,draft,
3432,DM_Ends/Tran_conf_1_18,"Well, how else would it be.",แล้วจะให้เป็นแบบอื่นได้ยังไง,draft,
3433,DM_Ends/Tran_conf_1_19,"How, how... Ugh... Through a different outcome, bro.",ยังไงน่ะเหรอ... เฮ้อ... ก็ด้วยผลลัพธ์อื่นไง พวกเดียวกัน,draft,
3434,DM_Ends/Tran_conf_2_1,"Well, howdy, natural-born guard. Not tired of grinding away?",ว่าไง ยามโดยกำเนิด ยังไม่เบื่อทำงานซ้ำ ๆ อีกหรือ?,draft,
3435,DM_Ends/Tran_conf_2_2,The tired are the ones who get tired.,คนที่เหนื่อยก็คือคนที่เหนื่อย,draft,
3436,DM_Ends/Tran_conf_2_3,The cutie pie's at it again... so kawaii-hopeless!,เจ้าคนน่ารักเอาอีกแล้ว... สิ้นหวังได้น่ารักจริง ๆ!,draft,
3437,DM_Ends/Tran_conf_2_4,"Ah, we get it now! This sly little rascal is just scared of getting fired!",อ๋อ เราเข้าใจแล้ว! เจ้าจอมเจ้าเล่ห์ตัวน้อยนี่แค่กลัวถูกไล่ออก!,draft,
3438,DM_Ends/Tran_conf_2_5,"I can't be fired, I'm a guard.",ผมถูกไล่ออกไม่ได้ ผมเป็นยาม,draft,
3439,DM_Ends/Tran_conf_2_6,"That's just the thing, cutie! Right, we're firing you from this iteration, you sneaky little smart aleck!",นั่นแหละประเด็น เจ้าคนน่ารัก! เอาละ เราขอไล่เธอออกจากการวนซ้ำนี้ เจ้าจอมกวนเจ้าเล่ห์!,draft,
3440,DM_Ends/Psyho_conf_1_1,Stillness in the mind will now grant the bliss of serenity.,ความนิ่งสงบแห่งจิตใจจะมอบความสุขจากความสงบเยือกเย็น,draft,
3441,DM_Ends/Psyho_conf_1_2,"Yeah, complete lunatics, their brains got well and truly fried.",ใช่ คนบ้าเต็มขั้น สมองไหม้เกรียมไปเรียบร้อย,draft,
3442,DM_Ends/Psyho_conf_1_3,"Oh sure, let's complain now that rusty nails in the brain lead to madness. What could possibly go wrong...",เอาเลย บ่นกันเลยว่าตะปูขึ้นสนิมในสมองทำให้เสียสติ ใครจะไปคิดว่าจะเกิดเรื่องได้...,draft,
3443,DM_Ends/Psyho_conf_1_4,Can't argue with that.,เถียงไม่ออกเลย,draft,
3444,DM_Ends/Psyho_conf_1_5,"Hey, you seem kinda joyless.",เฮ้ นายดูไม่มีความสุขเท่าไรนะ,draft,
3445,DM_Ends/Psyho_conf_1_6,Meaning?,หมายความว่าไง?,draft,
3446,DM_Ends/Psyho_conf_1_7,Is your heart weeping over the number of victims?,หัวใจของเจ้ากำลังร่ำไห้ให้จำนวนผู้เสียชีวิตหรือ?,draft,
3447,DM_Ends/Psyho_conf_1_8,"They died, so they died.",ตายแล้วก็คือตาย,draft,
3448,DM_Ends/Psyho_conf_1_9,Well now... Are you depressed or something?,เอาละ... นายซึมเศร้าหรือเปล่า?,draft,
3449,DM_Ends/Psyho_conf_1_10,"No, I'm perfectly healthy.",ไม่ ผมสุขภาพดีสมบูรณ์,draft,
3450,DM_Ends/Psyho_conf_1_11,"We register monotone speech, cause unknown.",ตรวจพบการพูดด้วยน้ำเสียงราบเรียบ ไม่ทราบสาเหตุ,draft,
3451,DM_Ends/Psyho_conf_1_12,Is something wrong?,มีอะไรผิดปกติเหรอ?,draft,
3452,DM_Ends/Psyho_conf_1_13,"We're not sure, child...",เราไม่แน่ใจ ลูกเอ๋ย...,draft,
3453,DM_Ends/Psyho_conf_1_14,"I assure you, I'm perfectly fine.",รับรองได้เลย ผมปกติดีทุกอย่าง,draft,
3454,DM_Ends/Psyho_conf_1_15,"Alright, alright. By the way, bro, we reckon you'll get promoted after this.",เอาละ ๆ ว่าแต่ พวกเดียวกัน เราว่านายคงได้เลื่อนตำแหน่งหลังจากนี้,draft,
3455,DM_Ends/Psyho_conf_1_16,Wouldn't hurt.,ได้ก็ดี,draft,
3456,DM_Ends/Psyho_conf_1_17,"Though before this you only got... DEMOTED! Get it, huh!",แต่ก่อนหน้านี้นายได้แค่... ลดตำแหน่ง! เข้าใจมุกไหมล่ะ!,draft,
3457,DM_Ends/Psyho_conf_1_18,"Yeah, fact.",อืม ข้อเท็จจริง,draft,
3458,DM_Ends/Psyho_conf_1_19,Crafting human jokes is an incredibly laborious process for us. The subject is devaluing our labor!,การสร้างมุกตลกแบบมนุษย์เป็นกระบวนการที่ใช้แรงงานอย่างยิ่งสำหรับเรา ตัวทดลองกำลังลดคุณค่าแรงงานของเรา!,draft,
3459,DM_Ends/Psyho_conf_1_20,"You could at least laugh, cutie. That brick where your little face should be isn't cute at-all-at-all.",อย่างน้อยหัวเราะหน่อยก็ได้ เจ้าคนน่ารัก ก้อนอิฐที่ควรเป็นใบหน้าน้อย ๆ ของเธอไม่น่ารักเลยสักนิด,draft,
3460,DM_Ends/Psyho_conf_1_21,Do what?,ให้ทำอะไรนะ?,draft,
3461,DM_Ends/Psyho_conf_1_22,"Hypothesis confirmed. In fact, no one really will go crazy anymore.",ยืนยันสมมติฐาน ที่จริงแล้วจะไม่มีใครเสียสติอีกต่อไป,draft,
3462,DM_Ends/Psyho_conf_1_23,"They won't, no.",ไม่เสียหรอก,draft,
3463,DM_Ends/Psyho_conf_1_24,But this outcome isn't cute in the slightest!!!,แต่ผลลัพธ์นี้ไม่น่ารักเลยแม้แต่น้อย!!!,draft,
3464,DM_Ends/Psyho_conf_1_25,Seems like an ordinary outcome to me.,สำหรับผมก็ดูเป็นผลลัพธ์ธรรมดา,draft,
3465,DM_Ends/Psyho_conf_1_26,No. We need more data. Let's try a different outcome.,ไม่ เรายังต้องการข้อมูลเพิ่ม ลองผลลัพธ์อื่นกัน,draft,
3466,DM_Ends/Psyho_conf_2_1,"Well, howdy, meat robot.",ว่าไง เจ้าหุ่นยนต์เนื้อ,draft,
3467,DM_Ends/Psyho_conf_2_2,"Hey, yeah.",อ้อ หวัดดี,draft,
3468,DM_Ends/Psyho_conf_2_3,Fun being a heartless creature?,สนุกไหมกับการเป็นสิ่งมีชีวิตไร้หัวใจ?,draft,
3469,DM_Ends/Psyho_conf_2_4,No complaints.,ไม่มีอะไรจะบ่น,draft,
3470,DM_Ends/Psyho_conf_2_5,You're! Dumb!,เจ้า! โง่!,draft,
3471,DM_Ends/Psyho_conf_2_6,"Sometimes, yeah.",บางครั้งก็ใช่,draft,
3472,DM_Ends/Psyho_conf_2_7,Freak!,ตัวประหลาด!,draft,
3473,DM_Ends/Psyho_conf_2_8,That's just your taste.,ก็แค่รสนิยมของคุณ,draft,
3474,DM_Ends/Psyho_conf_2_9,A mistake! Of nature!,ความผิดพลาด! ของธรรมชาติ!,draft,
3475,DM_Ends/Psyho_conf_2_10,"Nature can't make mistakes, because it has no goal.",ธรรมชาติผิดพลาดไม่ได้ เพราะมันไม่มีเป้าหมาย,draft,
3476,DM_Ends/Psyho_conf_2_11,Killjoy!!!,จอมทำลายบรรยากาศ!!!,draft,
3477,DM_Ends/Psyho_conf_2_12,I'm just speaking the language of facts.,ผมแค่พูดด้วยภาษาของข้อเท็จจริง,draft,
3478,DM_Ends/Psyho_conf_2_13,This is the most boring outcome! Not cute at-all-at-all-at-all!!! We continue the search for a cute path!,นี่คือผลลัพธ์ที่น่าเบื่อที่สุด! ไม่น่ารักเลยสักนิด ๆ ๆ!!! เราจะค้นหาเส้นทางน่ารักต่อไป!,draft,
3479,DM_Ends/Hack_conf_1_1,"We failed to identify the hackers, but now no one will be able to impose their will on anyone anymore!",เราไม่สามารถระบุตัวแฮ็กเกอร์ได้ แต่ต่อจากนี้จะไม่มีใครยัดเยียดเจตจำนงของตนแก่ผู้อื่นได้อีก!,draft,
3480,DM_Ends/Hack_conf_1_2,"Yes! Hooray! This is a victory! Honestly, that was scary. Oxygen by subscription... Who could dream that up...",ใช่! ไชโย! นี่คือชัยชนะ! พูดตามตรง น่ากลัวจริง ๆ ออกซิเจนแบบสมัครสมาชิก... ใครกันคิดเรื่องแบบนั้นได้...,draft,
3481,DM_Ends/Hack_conf_1_3,"We think that after all this, the child has earned a vacation!",เราคิดว่าหลังผ่านเรื่องทั้งหมดนี้ เด็กคนนี้สมควรได้พักร้อน!,draft,
3482,DM_Ends/Hack_conf_1_4,Yes! I should file for time off.,ใช่! ผมควรยื่นใบลา,draft,
3483,DM_Ends/Hack_conf_1_5,"Then we won't keep you, child. We've done good work.",ถ้าเช่นนั้นเราจะไม่รั้งเจ้าไว้ ลูกเอ๋ย เราทำงานได้ดี,draft,
3484,DM_Ends/Hack_conf_1_6,So why're you just standing there? Wanna chat some more?,แล้วทำไมยังยืนอยู่ล่ะ? อยากคุยต่ออีกหน่อยเหรอ?,draft,
3485,DM_Ends/Hack_conf_1_7,No. I want to go and file for time off.,ไม่ ผมอยากไปยื่นใบลา,draft,
3486,DM_Ends/Hack_conf_1_8,"Then off you go, child.",ถ้าเช่นนั้นก็ไปเถิด ลูกเอ๋ย,draft,
3487,DM_Ends/Hack_conf_1_9,I really want to.,ผมอยากไปจริง ๆ,draft,
3488,DM_Ends/Hack_conf_1_10,"We hear you perfectly well, but we hereby inform you that making such decisions is beyond our authority.",เราได้ยินเจ้าชัดเจนดี แต่ขอแจ้งว่า การตัดสินใจเช่นนั้นอยู่นอกเหนืออำนาจของเรา,draft,
3489,DM_Ends/Hack_conf_1_11,I want to take a step.,ผมอยากก้าวเท้า,draft,
3490,DM_Ends/Hack_conf_1_12,"Oooh! The cutie wants to take his first little step! Come on, Whiskers, we believe in you!!!",โอ๊ะ! เจ้าคนน่ารักอยากก้าวเท้าน้อย ๆ เป็นก้าวแรก! เอาเลย เจ้าหนวด เราเชื่อในตัวเธอ!!!,draft,
3491,DM_Ends/Hack_conf_1_13,It's not working...,ทำไม่ได้...,draft,
3492,DM_Ends/Hack_conf_1_14,"Something wrong, child?",มีสิ่งใดผิดปกติหรือ ลูกเอ๋ย?,draft,
3493,DM_Ends/Hack_conf_1_15,"I want to, but I can't... I'm scared!",ผมอยากทำ แต่ทำไม่ได้... ผมกลัว!,draft,
3494,DM_Ends/Hack_conf_1_16,"Easy, child...",ใจเย็น ลูกเอ๋ย...,draft,
3495,DM_Ends/Hack_conf_1_17,I want to calm down! I can't!!! I'm so scared!!!,ผมอยากใจเย็น! แต่ทำไม่ได้!!! ผมกลัวมาก!!!,draft,
3496,DM_Ends/Hack_conf_1_18,"Uh-oh...No one to anyone, then... The cutie pie can't even impose his own will on himself.",อ๊ะโอ... งั้นก็ไม่มีใครบังคับใครสินะ... เจ้าคนน่ารักบังคับแม้แต่เจตจำนงของตัวเองไม่ได้,draft,
3497,DM_Ends/Hack_conf_1_19,So scared!!! Help me!!! I'm begging you!!!,กลัวเหลือเกิน!!! ช่วยผมด้วย!!! ขอร้องล่ะ!!!,draft,
3498,DM_Ends/Hack_conf_1_20,Loud! Another! Outcome!,เสียงดัง! ผลลัพธ์! อื่น!,draft,
3499,DM_Ends/Hack_conf_2_1,"Howdy! Okay, a joke. A guy puts on a hat, and it fits him just right.",ว่าไง! เอาละ ฟังมุกนะ ชายคนหนึ่งสวมหมวก แล้วมันก็พอดีเป๊ะ,draft,
3500,DM_Ends/Hack_conf_2_2,Haha... What an interesting...hahah...greeting.,ฮ่า ๆ... เป็นการทักทายที่... ฮ่าฮ่า... น่าสนใจจริง ๆ,draft,
3501,DM_Ends/Hack_conf_2_3,"Yep, that's the one, cutie.",ใช่ มุกนั้นแหละ เจ้าคนน่ารัก,draft,
3502,DM_Ends/Hack_conf_2_4,"Haha... Damn, that's...HAHAHA...not that funny a joke...HAHAHAHA!",ฮ่า ๆ... ให้ตายสิ มุกนี้... ฮ่าฮ่าฮ่า... ไม่ได้ตลกขนาดนั้น... ฮ่าฮ่าฮ่าฮ่า!,draft,
3503,DM_Ends/Hack_conf_2_5,Whiskers is splitting his little sides so adorably. So kawaii when he hasn't the will to stop!,เจ้าหนวดหัวเราะจนท้องแข็งได้น่ารักจริง ๆ ยิ่งหยุดตามใจตัวเองไม่ได้ยิ่งน่ารัก!,draft,
3504,DM_Ends/Hack_conf_2_6,"This is what happens, child, when you leap into the abyss where you've already died.",นี่คือสิ่งที่เกิดขึ้น ลูกเอ๋ย เมื่อเจ้ากระโจนสู่ห้วงลึกที่ตนเคยตายไปแล้ว,draft,
3505,DM_Ends/Hack_conf_2_7,"Hahahaha!!! Stop it! Hahaha!!! I get it, I get it!!!",ฮ่าฮ่าฮ่า!!! หยุดนะ! ฮ่าฮ่า!!! เข้าใจแล้ว เข้าใจแล้ว!!!,draft,
3506,DM_Ends/Hack_conf_2_8,Splendid! Alright! Restart!,ยอดเยี่ยม! เอาละ! เริ่มใหม่!,draft,
3507,DM_Ends/Insect_conf_1_1,And... Done! No more unauthorized collectives on our shift!,และ... เสร็จแล้ว! จะไม่มีกลุ่มรวมตัวที่ไม่ได้รับอนุญาตในกะของเราอีก!,draft,
3508,DM_Ends/Insect_conf_1_2,They were so revolting...,พวกมันน่าขยะแขยงมาก...,draft,
3509,DM_Ends/Insect_conf_1_3,"If you ask us, they were rather cute. But no matter, it's all behind us now.",หากถามเรา พวกมันก็น่ารักดี แต่ไม่สำคัญแล้ว ทุกอย่างผ่านพ้นไปแล้ว,draft,
3510,DM_Ends/Insect_conf_1_4,"Yeah, I guess...",อืม คงงั้น...,draft,
3511,DM_Ends/Insect_conf_1_5,"Buddy, show a little more confidence, you did save humanity, after all!",เพื่อน แสดงความมั่นใจหน่อย นายเพิ่งช่วยมนุษยชาติไว้นะ!,draft,
3512,DM_Ends/Insect_conf_1_6,And what's that to me?,แล้วเกี่ยวอะไรกับผม?,draft,
3513,DM_Ends/Insect_conf_1_7,"Modesty is truly a virtue, child, but it's wretched to devalue your own deeds.",ความถ่อมตนเป็นคุณธรรมอย่างแท้จริง ลูกเอ๋ย แต่การลดคุณค่าการกระทำของตนนั้นน่าเวทนา,draft,
3514,DM_Ends/Insect_conf_1_8,"No, I'm serious, so I saved humanity, so what? I don't know it from Adam...",ไม่ ผมพูดจริง แล้วไงถ้าผมช่วยมนุษยชาติไว้? ผมไม่รู้จักคนพวกนั้นสักคน...,draft,
3515,DM_Ends/Insect_conf_1_9,The main thing is I saved myself.,สิ่งสำคัญคือผมช่วยตัวเองไว้ได้,draft,
3516,DM_Ends/Insect_conf_1_10,"Our modest little cutie pie has turned into a grumpy egoist, would you look at that.",ดูสิ เจ้าคนน่ารักแสนถ่อมตนกลายเป็นคนเห็นแก่ตัวขี้หงุดหงิดไปแล้ว,draft,
3517,DM_Ends/Insect_conf_1_11,Your family! Can! Be proud! Of you!,ครอบครัวเจ้า! จะ! ภูมิใจ! ในตัวเจ้า!,draft,
3518,DM_Ends/Insect_conf_1_12,I don't know my family either. Why do you keep listing off strangers to me?,ผมก็ไม่รู้จักครอบครัวตัวเองเหมือนกัน ทำไมเอาแต่พูดถึงคนแปลกหน้าให้ผมฟัง?,draft,
3519,DM_Ends/Insect_conf_1_13,Child... You're frightening us...,ลูกเอ๋ย... เจ้ากำลังทำให้เราหวาดกลัว...,draft,
3520,DM_Ends/Insect_conf_1_14,What business is it of yours?,แล้วเกี่ยวอะไรกับพวกคุณ?,draft,
3521,DM_Ends/Insect_conf_1_15,"Bro, we kinda saved humanity together. We're a team, more or less.",พวกเดียวกัน เราเหมือนจะช่วยมนุษยชาติด้วยกันนะ พอจะเรียกว่าเป็นทีมได้,draft,
3522,DM_Ends/Insect_conf_1_16,I don't understand what you're trying to tell me. I got rid of a threat. You got rid of a threat. That's all.,ผมไม่เข้าใจว่าคุณพยายามบอกอะไร ผมกำจัดภัยคุกคาม คุณก็กำจัดภัยคุกคาม แค่นั้น,draft,
3523,DM_Ends/Insect_conf_1_17,Oooh! Meanie!!! What about our bond?! You don't value our closeness at all! Nasty!,โอ๊ะ! ใจร้าย!!! แล้วสายสัมพันธ์ของเราล่ะ?! เธอไม่เห็นค่าความใกล้ชิดของเราเลย! นิสัยไม่ดี!,draft,
3524,DM_Ends/Insect_conf_1_18,To us! It's all! Clear!,สำหรับเรา! ทุกอย่าง! ชัดเจน!,draft,
3525,DM_Ends/Insect_conf_1_19,Then we propose that we continue the search for a bright outcome.,ถ้าเช่นนั้น เราขอเสนอให้ค้นหาผลลัพธ์อันสว่างไสวต่อไป,draft,
3526,DM_Ends/Insect_conf_2_1,"Well, hello there, radical egocentrist. Nasty!",สวัสดี นักอัตตานิยมสุดโต่ง นิสัยไม่ดี!,draft,
3527,DM_Ends/Insect_conf_2_2,Why are you insulting me right off the bat?,ทำไมเจอหน้าก็ด่าผมเลยล่ะ?,draft,
3528,DM_Ends/Insect_conf_2_3,"Well, you don't think about others... Nasty little monkey!",ก็นายไม่คิดถึงคนอื่นเลย... เจ้าลิงนิสัยเสีย!,draft,
3529,DM_Ends/Insect_conf_2_4,Who says I don't? I do.,ใครบอกว่าผมไม่คิด? ผมคิดนะ,draft,
3530,DM_Ends/Insect_conf_2_5,Oh! Do tell? And whom does the cutie pie think about?,โอ้! ไหนเล่ามาสิ? เจ้าคนน่ารักกำลังคิดถึงใครอยู่?,draft,
3531,DM_Ends/Insect_conf_2_6,"Well, about you, right now.",ก็ตอนนี้กำลังคิดถึงพวกคุณอยู่ไง,draft,
3532,DM_Ends/Insect_conf_2_7,Kawaii!!! You've finally admitted you can't help thinking about us. Cute-cute-cute!!!,น่ารัก!!! ในที่สุดเธอก็ยอมรับว่าห้ามใจไม่ให้คิดถึงเราไม่ได้ น่ารัก ๆ ๆ!!!,draft,
3533,DM_Ends/Insect_conf_2_8,"And that's all, child? What about the Coordinator?",มีเพียงเท่านั้นหรือ ลูกเอ๋ย? แล้วผู้ประสานงานเล่า?,draft,
3534,DM_Ends/Insect_conf_2_9,What's there to think about him? He's not here.,จะคิดถึงเขาทำไม? เขาไม่ได้อยู่ที่นี่,draft,
3535,DM_Ends/Insect_conf_2_10,"Ah, no, our mistake, nasty! Restart!",อ้อ ไม่ใช่ เราผิดเอง นิสัยเสีย! เริ่มใหม่!,draft,
3536,UI/MapDay,Day,วันที่,draft,
3537,UI/MapButton,Shift Map,แผนผังกะ,draft,
3538,UI/MapDelete,Delete Branch,ลบเส้นทาง,draft,
3539,UI/MapCreate,Create Branch,สร้างเส้นทาง,draft,
3540,UI/MapBranchN,Branches available,เส้นทางที่สร้างได้,draft,
3541,UI/MapResetAccept1,"If you start this day over, all subsequent progress will be reset to this day.
Are you sure?","หากเริ่มวันนี้ใหม่ ความคืบหน้าหลังจากวันนี้ทั้งหมดจะถูกย้อนกลับมาที่วันนี้
แน่ใจหรือไม่?",draft,
3542,UI/MapResetAccept2,"The current branch will be COMPLETELY forgotten if you overwrite, and you will lose access to it.
Are you sure?","หากเขียนทับ เส้นทางปัจจุบันจะถูกลืมโดยสมบูรณ์ และคุณจะไม่สามารถเข้าถึงได้อีก
แน่ใจหรือไม่?",draft,
3543,UI/MapDeleteAccept,"The current branch will be COMPLETELY forgotten, and you will lose access to it.
Are you sure?","เส้นทางปัจจุบันจะถูกลืมโดยสมบูรณ์ และคุณจะไม่สามารถเข้าถึงได้อีก
แน่ใจหรือไม่?",draft,
3544,UI/Win_1_1,Humanity saved,ช่วยมนุษยชาติสำเร็จ,draft,
3545,UI/Win_1_2,:1,,excluded,[excluded] fragment รูปแบบ :1 ไม่ใช่ข้อความภาษา
3546,UI/Win_2,Humanities sacrificed: {0},มนุษย์ที่เสียสละ: {0},draft,
3547,Правила /Для Китайского и Корейского фонетическая транслитерация иероглифами.,,,untranslated,
3548,Правила /Для Японского транслитерация катаканой,,,untranslated,
3549,"Правила /Если в названии есть общипринятые термины типа Восточная, Западная, Европа, Америка и тд - Неоригинальную часть переводить, остальную транслитерировать с легкой шлифовкой по необходимости.",,,untranslated,
3550,Rorschach/TestTitle,Rorschach Test,แบบทดสอบรอร์ชาค,draft,
3551,Rorschach/qwe123,,,untranslated,
3552,Правила /Для Китайского и Корейского фонетическая транслитерация иероглифами.,,,untranslated,
3553,Правила /Для Японского транслитерация катаканой,,,untranslated,
3554,"Правила /Если в названии есть общипринятые термины типа Восточная, Западная, Европа, Америка и тд - Неоригинальную часть переводить, остальную транслитерировать с легкой шлифовкой по необходимости.",,,untranslated,
3555,Правила /Для Китайского и Корейского фонетическая транслитерация иероглифами.,,,untranslated,
3556,Правила /Для Японского транслитерация катаканой,,,untranslated,
3557,"Правила /Если в названии есть общипринятые термины типа Восточная, Западная, Европа, Америка и тд - Неоригинальную часть переводить, остальную транслитерировать с легкой шлифовкой по необходимости.",,,untranslated,
3558,UI/InstructionViolated,Instruction violated:,ฝ่าฝืนคำสั่ง:,draft,
3559,UI/CharWithAnomFree,Person with anomalies released,ปล่อยผู้ที่มีความผิดปกติ,draft,
3560,UI/InnocentKilled,Innocent liquidated,กำจัดผู้บริสุทธิ์,draft,
3561,Правила /Для Китайского и Корейского фонетическая транслитерация иероглифами.,,,untranslated,
3562,Правила /Для Японского транслитерация катаканой,,,untranslated,
3563,"Правила /Если в названии есть общипринятые термины типа Восточная, Западная, Европа, Америка и тд - Неоригинальную часть переводить, остальную транслитерировать с легкой шлифовкой по необходимости.",,,untranslated,
3564,UI/FalseRejected,Wrongfully denied access,ปฏิเสธการเข้าโดยผิดพลาด,draft,
3565,UI/NoAnomaliesFound,No anomalies found,ไม่พบความผิดปกติ,draft,
3566,Doc_Loc/Gold_Sphere_Name,Sphaera Numinis Aurei,Sphaera Numinis Aurei,draft,
3567,Doc_Loc/Gold_Sphere_Description,"An aggressive agent, the last resort for purification.",สารปฏิบัติการรุนแรง ทางเลือกสุดท้ายสำหรับการชำระล้าง,draft,
3568,Правила /Для Китайского и Корейского фонетическая транслитерация иероглифами.,,,untranslated,
3569,Правила /Для Японского транслитерация катаканой,,,untranslated,
3570,"Правила /Если в названии есть общипринятые термины типа Восточная, Западная, Европа, Америка и тд - Неоригинальную часть переводить, остальную транслитерировать с легкой шлифовкой по необходимости.",,,untranslated,
3571,Tech_devv/,,,untranslated,
3572,Tech_devv/true,,,untranslated,
3573,Tech_devv/false,,,untranslated,
3574,Правила /Для Китайского и Корейского фонетическая транслитерация иероглифами.,,,untranslated,
3575,Правила /Для Японского транслитерация катаканой,,,untranslated,
3576,"Правила /Если в названии есть общипринятые термины типа Восточная, Западная, Европа, Америка и тд - Неоригинальную часть переводить, остальную транслитерировать с легкой шлифовкой по необходимости.",,,untranslated,
3577,NewsAndReports/RepNewFloor,"Due to an effective solution having been found for the recent problem, the experiment that was underway was halted. In accordance with protocol ""42-NG+"", all test subjects were [redacted]. All hygiene and decontamination procedures were carried out according to internal protocols. The isolation ward is ready to receive new test subjects.","เนื่องจากพบวิธีแก้ปัญหาล่าสุดที่มีประสิทธิภาพ การทดลองที่กำลังดำเนินอยู่จึงถูกยุติ ตามพิธีสาร ""42-NG+"" ผู้ถูกทดลองทั้งหมดได้รับการ [redacted] ขั้นตอนด้านสุขอนามัยและการกำจัดสิ่งปนเปื้อนทั้งหมดดำเนินการตามพิธีสารภายในแล้ว ห้องกักกันพร้อมรับผู้ถูกทดลองชุดใหม่",draft,
3578,Правила /Для Китайского и Корейского фонетическая транслитерация иероглифами.,,,untranslated,
3579,Правила /Для Японского транслитерация катаканой,,,untranslated,
3580,"Правила /Если в названии есть общипринятые термины типа Восточная, Западная, Европа, Америка и тд - Неоригинальную часть переводить, остальную транслитерировать с легкой шлифовкой по необходимости.",,,untranslated,
3581,CityOperations/ReportText_1,"The tactical operation in the city, launched yesterday, was carried out successfully. No personnel losses. Collateral damage deemed acceptable. Personnel and equipment are ready for the next operation.",ปฏิบัติการทางยุทธวิธีในเมืองซึ่งเริ่มขึ้นเมื่อวานดำเนินการสำเร็จ ไม่มีการสูญเสียกำลังพล ความเสียหายข้างเคียงถือว่ายอมรับได้ กำลังพลและอุปกรณ์พร้อมสำหรับปฏิบัติการครั้งต่อไป,draft,
3582,CityOperations/ReportText_2,"Thanks to this operation, the following progress has been made toward solving the current problem:",ด้วยปฏิบัติการนี้ เรามีความคืบหน้าในการแก้ปัญหาปัจจุบันดังต่อไปนี้:,draft,
3583,CityOperations/ReportText_3,"Unfortunately, the problem isn't standing still either — its progress has changed, too:",แต่น่าเสียดายที่ปัญหาไม่ได้หยุดนิ่งเช่นกัน — ความคืบหน้าของมันเปลี่ยนไปด้วย:,draft,
3584,CityOperations/ReportText_4,"According to the data received, tomorrow the problem's progress will increase by another {0}",จากข้อมูลที่ได้รับ พรุ่งนี้ความคืบหน้าของปัญหาจะเพิ่มขึ้นอีก {0},draft,
3585,CityOperations/ReportText_5,A new tactical operation must be launched as soon as possible!,ต้องเริ่มปฏิบัติการทางยุทธวิธีใหม่โดยเร็วที่สุด!,draft,
3586,Правила /Для Китайского и Корейского фонетическая транслитерация иероглифами.,,,untranslated,
3587,Правила /Для Японского транслитерация катаканой,,,untranslated,
3588,"Правила /Если в названии есть общипринятые термины типа Восточная, Западная, Европа, Америка и тд - Неоригинальную часть переводить, остальную транслитерировать с легкой шлифовкой по необходимости.",,,untranslated,
3589,Правила /Для Китайского и Корейского фонетическая транслитерация иероглифами.,,,untranslated,
3590,Правила /Для Японского транслитерация катаканой,,,untranslated,
3591,"Правила /Если в названии есть общипринятые термины типа Восточная, Западная, Европа, Америка и тд - Неоригинальную часть переводить, остальную транслитерировать с легкой шлифовкой по необходимости.",,,untranslated,
3592,UI/Attention,Attention!,โปรดทราบ!,draft,
3593,CityOperations/ReportText_NewFloor,"Thanks to timely tactical operations, the {0} problem has been successfully resolved! However, the measures taken have led to a new threat's emergence: {1}! A new tactical operation must be launched as soon as possible to deal with the new problem!",ด้วยปฏิบัติการทางยุทธวิธีที่ทันท่วงที ปัญหา {0} ได้รับการแก้ไขสำเร็จแล้ว! อย่างไรก็ตาม มาตรการที่ใช้ทำให้เกิดภัยคุกคามใหม่: {1}! ต้องเริ่มปฏิบัติการทางยุทธวิธีใหม่โดยเร็วที่สุดเพื่อรับมือปัญหาใหม่นี้!,draft,
3594,Правила /Для Китайского и Корейского фонетическая транслитерация иероглифами.,,,untranslated,
3595,Правила /Для Японского транслитерация катаканой,,,untranslated,
3596,"Правила /Если в названии есть общипринятые термины типа Восточная, Западная, Европа, Америка и тд - Неоригинальную часть переводить, остальную транслитерировать с легкой шлифовкой по необходимости.",,,untranslated,
3597,Правила /Для Китайского и Корейского фонетическая транслитерация иероглифами.,,,untranslated,
3598,Правила /Для Японского транслитерация катаканой,,,untranslated,
3599,"Правила /Если в названии есть общипринятые термины типа Восточная, Западная, Европа, Америка и тд - Неоригинальную часть переводить, остальную транслитерировать с легкой шлифовкой по необходимости.",,,untranslated,
3600,Real_Dev/178,Clowns Mentioned in the Rorschach Test Answers,กล่าวถึงตัวตลกในคำตอบแบบทดสอบรอร์ชาค,draft,
3601,Real_Dev/179,Water Mentioned in the Rorschach Test Answers,กล่าวถึงน้ำในคำตอบแบบทดสอบรอร์ชาค,draft,
3602,Real_Dev/180,Space Mentioned in the Rorschach Test Answers,กล่าวถึงอวกาศในคำตอบแบบทดสอบรอร์ชาค,draft,
3603,Real_Dev/181,A Throne Mentioned in the Rorschach Test Answers,กล่าวถึงบัลลังก์ในคำตอบแบบทดสอบรอร์ชาค,draft,
3604,Real_Dev/182,Fire Mentioned in the Rorschach Test Answers,กล่าวถึงไฟในคำตอบแบบทดสอบรอร์ชาค,draft,
3605,Real_Dev/183,Ghosts or Spirits Mentioned in the Rorschach Test Answers,กล่าวถึงผีหรือวิญญาณในคำตอบแบบทดสอบรอร์ชาค,draft,
3606,Real_Dev/184,A Forest Mentioned in the Rorschach Test Answers,กล่าวถึงป่าในคำตอบแบบทดสอบรอร์ชาค,draft,
3607,Real_Dev/185,"Pie, soup, or bread is mentioned in the Rorschach test answers",กล่าวถึงพาย ซุป หรือขนมปังในคำตอบแบบทดสอบรอร์ชาค,draft,
3608,Real_Dev/186,Angels Mentioned in the Rorschach Test Answers,กล่าวถึงเทวทูตในคำตอบแบบทดสอบรอร์ชาค,draft,
3609,Real_Dev/187,Demons Mentioned in the Rorschach Test Answers,กล่าวถึงปีศาจในคำตอบแบบทดสอบรอร์ชาค,draft,
3610,Real_Dev/188,Dragons Mentioned in the Rorschach Test Answers,กล่าวถึงมังกรในคำตอบแบบทดสอบรอร์ชาค,draft,
3611,Real_Dev/189,Stones Mentioned in the Rorschach Test Answers,กล่าวถึงก้อนหินในคำตอบแบบทดสอบรอร์ชาค,draft,
3612,Real_Dev/190,The Moon Mentioned in the Rorschach Test Answers,กล่าวถึงดวงจันทร์ในคำตอบแบบทดสอบรอร์ชาค,draft,
3613,Real_Dev/191,Blood Bubbles in the Photo,ฟองเลือดในภาพถ่าย,draft,
3614,Real_Dev/192,Clot of Biomass in the Photo,ก้อนชีวมวลในภาพถ่าย,draft,
3615,Real_Dev/193,Observer Cube in the Photo,ลูกบาศก์สังเกตการณ์ในภาพถ่าย,draft,
3616,Real_Dev/194,Vertical Beam of Light in the Photo,ลำแสงแนวตั้งในภาพถ่าย,draft,
3617,Real_Dev/195,Holographic Panel in the Photo,แผงโฮโลกราฟิกในภาพถ่าย,draft,
3618,Real_Dev/196,Spherical Probe in the Photo,หัวตรวจทรงกลมในภาพถ่าย,draft,
3619,Real_Dev/197,Bugs at the Space Rift in the Photo,แมลงบริเวณรอยแยกอวกาศในภาพถ่าย,draft,
3620,Real_Dev/198,Carrion Locust in the Photo,ตั๊กแตนกินซากในภาพถ่าย,draft,
3621,Real_Dev/199,Makeshift Repair of the Space Rift in the Photo,การซ่อมรอยแยกอวกาศแบบชั่วคราวในภาพถ่าย,draft,
3622,Real_Dev/200,Smoke Clouds in the Photo,กลุ่มควันในภาพถ่าย,draft,
3623,Real_Dev/201,Green Circuitry in the Photo,วงจรสีเขียวในภาพถ่าย,draft,
3624,Real_Dev/202,Gravestone in the Photo,ป้ายหลุมศพในภาพถ่าย,draft,
3625,Real_Dev/203,Corpse fly in the photo,แมลงวันกินซากในภาพถ่าย,draft,
3626,Real_Dev/204,Giant Mushroom in the Photo,เห็ดยักษ์ในภาพถ่าย,draft,
3627,Real_Dev/205,Kombucha in the Photo,คอมบูชาในภาพถ่าย,draft,
3628,Real_Dev/206,Cobweb in the Photo,ใยแมงมุมในภาพถ่าย,draft,
3629,Real_Dev/207,Bronze Beetle in the Photo,ด้วงสำริดในภาพถ่าย,draft,
3630,Real_Dev/208,UV-Visible Microchip on the Documents,ไมโครชิปบนเอกสารที่มองเห็นได้ด้วยรังสียูวี,draft,
3631,Real_Dev/209,UV-Visible Mycelium on the Documents,เส้นใยราบนเอกสารที่มองเห็นได้ด้วยรังสียูวี,draft,
3632,Real_Dev/210,UV-Visible Zeros and Ones on the Documents,เลขศูนย์และหนึ่งบนเอกสารที่มองเห็นได้ด้วยรังสียูวี,draft,
3633,Real_Dev/211,UV-Visible Runic Symbols on the Documents,สัญลักษณ์รูนบนเอกสารที่มองเห็นได้ด้วยรังสียูวี,draft,
3634,Real_Dev/212,UV-Visible Skull on the Documents,กะโหลกบนเอกสารที่มองเห็นได้ด้วยรังสียูวี,draft,
3635,Real_Dev/213,Erythrocytus Vulgaris,Erythrocytus Vulgaris,draft,
3636,Real_Dev/214,Macrophagus Pakumanii,Macrophagus Pakumanii,draft,
3637,Real_Dev/215,Vermis Orbitans,Vermis Orbitans,draft,
3638,Real_Dev/216,Quadratum Caeruleum,Quadratum Caeruleum,draft,
3639,Real_Dev/217,Quadratum Purpureum,Quadratum Purpureum,draft,
3640,Real_Dev/218,Sphaera Ferromorpha,Sphaera Ferromorpha,draft,
3641,Real_Dev/219,Symbion Oculus,Symbion Oculus,draft,
3642,Правила /Для Китайского и Корейского фонетическая транслитерация иероглифами.,,,untranslated,
3643,Правила /Для Японского транслитерация катаканой,,,untranslated,
3644,"Правила /Если в названии есть общипринятые термины типа Восточная, Западная, Европа, Америка и тд - Неоригинальную часть переводить, остальную транслитерировать с легкой шлифовкой по необходимости.",,,untranslated,
3645,UI/ShiftID,Shift ID,รหัสกะ,draft,
3646,Правила /Для Китайского и Корейского фонетическая транслитерация иероглифами.,,,untranslated,
3647,Правила /Для Японского транслитерация катаканой,,,untranslated,
3648,"Правила /Если в названии есть общипринятые термины типа Восточная, Западная, Европа, Америка и тд - Неоригинальную часть переводить, остальную транслитерировать с легкой шлифовкой по необходимости.",,,untranslated,
3649,Правила /Для Китайского и Корейского фонетическая транслитерация иероглифами.,,,untranslated,
3650,Правила /Для Японского транслитерация катаканой,,,untranslated,
3651,"Правила /Если в названии есть общипринятые термины типа Восточная, Западная, Европа, Америка и тд - Неоригинальную часть переводить, остальную транслитерировать с легкой шлифовкой по необходимости.",,,untranslated,
3652,UI/ProfName,Enter name,กรอกชื่อ,draft,
3653,UI/ProfChange,Change profile,เปลี่ยนโปรไฟล์,draft,
3654,UI/ProfDel,Are you sure you want to delete this profile? All its data will be destroyed.,แน่ใจหรือไม่ว่าต้องการลบโปรไฟล์นี้? ข้อมูลทั้งหมดจะถูกทำลาย,draft,
3655,UI/EnciGorloni,Encyclopedia,สารานุกรม,draft,
3656,UI/Enciglavlenie,Table of Contents,สารบัญ,draft,
3657,Real_Dev/220,Tentaculum Infectans,Tentaculum Infectans,draft,
3658,Real_Dev/221,Erythrocytus Cyberneticus,Erythrocytus Cyberneticus,draft,
3659,Real_Dev/222,Octodiscus Aureus,Octodiscus Aureus,draft,
3660,Real_Dev/223,Erythrocytus Cognitivus,Erythrocytus Cognitivus,draft,
3661,Real_Dev/224,Culex Replicator,Culex Replicator,draft,
3662,Real_Dev/225,Bombus Metallicus,Bombus Metallicus,draft,
3663,Real_Dev/226,Flos Metallicus,Flos Metallicus,draft,
3664,Real_Dev/227,Erythrocytus Necroticus,Erythrocytus Necroticus,draft,
3665,Real_Dev/228,Taenia Caerulea,Taenia Caerulea,draft,
3666,Real_Dev/229,Erythrocytus Ligatus,Erythrocytus Ligatus,draft,
3667,Real_Dev/230,Taenia Nigra,Taenia Nigra,draft,
3668,Real_Dev/231,Examen Viride,Examen Viride,draft,
3669,Real_Dev/232,Erythrocytus Fragmentatus,Erythrocytus Fragmentatus,draft,
3670,Real_Dev/233,Erythrocytus Telemetricus,Erythrocytus Telemetricus,draft,
3671,Real_Dev/234,Larva Locustarum,Larva Locustarum,draft,
3672,Real_Dev/235,Regina Examinis,Regina Examinis,draft,
3673,Real_Dev/236,Mucus Animatus,Mucus Animatus,draft,
3674,Real_Dev/237,Erythrocytus Mucosus,Erythrocytus Mucosus,draft,
3675,Real_Dev/238,Ocularization of Internal Organs,อวัยวะภายในเกิดดวงตา,draft,
3676,Real_Dev/239,Gray Mold on the Skin,ราสีเทาบนผิวหนัง,draft,
3677,Real_Dev/240,Mycotic Rot of the Brain,สมองเน่าเปื่อยจากเชื้อรา,draft,
3678,Real_Dev/241,Mycotic Rot of the Heart,หัวใจเน่าเปื่อยจากเชื้อรา,draft,
3679,Real_Dev/242,Mycotic Rot of the Lung,ปอดเน่าเปื่อยจากเชื้อรา,draft,
3680,Real_Dev/243,Mycotic Rot of the Liver,ตับเน่าเปื่อยจากเชื้อรา,draft,
3681,Real_Dev/244,Mycotic Rot of the Stomach,กระเพาะอาหารเน่าเปื่อยจากเชื้อรา,draft,
3682,Real_Dev/245,Mycotic Rot of the Kidney,ไตเน่าเปื่อยจากเชื้อรา,draft,
3683,Real_Dev/246,Reddish Bone Rot,กระดูกเน่าเปื่อยเป็นสีแดง,draft,
3684,Real_Dev/247,Green Bone Rot,กระดูกเน่าเปื่อยเป็นสีเขียว,draft,
3685,Real_Dev/248,Larval Affliction of the Skin,ผิวหนังถูกตัวอ่อนรบกวน,draft,
3686,Real_Dev/249,Web-Like Growths on the Skin,เนื้อเยื่องอกคล้ายใยแมงมุมบนผิวหนัง,draft,
3687,Real_Dev/250,Parasitic Scarab on the Skin,ด้วงสคารับปรสิตบนผิวหนัง,draft,
3688,Real_Dev/251,Insectoid Transformation of the Bones,กระดูกกลายสภาพเป็นแมลง,draft,
3689,Real_Dev/252,Insectoid Affliction of the Lung,ปอดถูกสิ่งมีชีวิตคล้ายแมลงรบกวน,draft,
3690,Real_Dev/253,Insectoid Affliction of the Heart,หัวใจถูกสิ่งมีชีวิตคล้ายแมลงรบกวน,draft,
3691,Real_Dev/254,Insectoid Affliction of the Liver,ตับถูกสิ่งมีชีวิตคล้ายแมลงรบกวน,draft,
3692,Real_Dev/255,Larval Transformation of the Stomach,กระเพาะอาหารกลายสภาพเป็นตัวอ่อน,draft,
3693,Real_Dev/256,Insectoid Affliction of the Brain,สมองถูกสิ่งมีชีวิตคล้ายแมลงรบกวน,draft,
3694,Real_Dev/257,Insectoid Affliction of the Kidney,ไตถูกสิ่งมีชีวิตคล้ายแมลงรบกวน,draft,
3695,Real_Dev/258,Giant Larva in the Photo,ตัวอ่อนขนาดยักษ์ในภาพถ่าย,draft,
3696,Real_Dev/259,Insectoid-Form Hyperthermia of the Head,ศีรษะของร่างแมลงมีอุณหภูมิสูงผิดปกติ,draft,
3697,Real_Dev/260,Cybernetic Circuitry and Upgrades on the Body,วงจรและส่วนอัปเกรดไซเบอร์เนติกบนร่างกาย,draft,
3698,Real_Dev/261,Advanced Cybernetic Bones,กระดูกไซเบอร์เนติกขั้นสูง,draft,
3699,Real_Dev/262,Cybernetically Modified Brain,สมองที่ผ่านการดัดแปลงไซเบอร์เนติก,draft,
3700,Real_Dev/263,Cybernetically Modified Heart,หัวใจที่ผ่านการดัดแปลงไซเบอร์เนติก,draft,
3701,Real_Dev/264,Cybernetically Modified Lung,ปอดที่ผ่านการดัดแปลงไซเบอร์เนติก,draft,
3702,Real_Dev/265,Cybernetically Modified Kidney,ไตที่ผ่านการดัดแปลงไซเบอร์เนติก,draft,
3703,Real_Dev/266,Cybernetically Modified Liver,ตับที่ผ่านการดัดแปลงไซเบอร์เนติก,draft,
3704,Real_Dev/267,Cybernetically Modified Stomach,กระเพาะอาหารที่ผ่านการดัดแปลงไซเบอร์เนติก,draft,
3705,Real_Dev/268,Purple Force Field in the Photo,สนามพลังสีม่วงในภาพถ่าย,draft,
3706,Real_Dev/269,Green Circuit Boards in the Photo,แผงวงจรสีเขียวในภาพถ่าย,draft,
3707,Real_Dev/270,Molten Steel Bones,กระดูกเหล็กหลอมเหลว,draft,
3708,Real_Dev/271,Molten Steel Skull,กะโหลกเหล็กหลอมเหลว,draft,
3709,Real_Dev/272,Molten Steel Ribs,ซี่โครงเหล็กหลอมเหลว,draft,
3710,Real_Dev/273,Molten Steel Vertebrae,กระดูกสันหลังเหล็กหลอมเหลว,draft,
3711,Real_Dev/274,LED Modification of the Lung,ปอดที่ถูกดัดแปลงด้วยไฟ LED,draft,
3712,Real_Dev/275,Brain Replaced with a Computing Module,สมองถูกแทนที่ด้วยโมดูลประมวลผล,draft,
3713,Real_Dev/276,Liver Replaced with a Dual Chemical Container,ตับถูกแทนที่ด้วยภาชนะบรรจุสารเคมีแบบคู่,draft,
3714,Real_Dev/277,Kidney Replaced with a Filtration Container,ไตถูกแทนที่ด้วยภาชนะกรองสาร,draft,
3715,Real_Dev/278,Stomach Replaced with a Techno-Tube,กระเพาะอาหารถูกแทนที่ด้วยท่อจักรกล,draft,
3716,Real_Dev/279,Heart Replaced with a Techno-Pump,หัวใจถูกแทนที่ด้วยปั๊มจักรกล,draft,
3717,Real_Dev/280,Fish Teeth,ฟันปลา,draft,
3718,Real_Dev/281,Rotten Teeth,ฟันผุเน่า,draft,
3719,Real_Dev/282,Polypoid Affliction of the Skin,ติ่งเนื้อคล้ายโพลิปบนผิวหนัง,draft,
3720,Real_Dev/283,Tentacular Affliction of the Skin,หนวดงอกบนผิวหนัง,draft,
3721,Real_Dev/284,Coralization of the Liver,ตับกลายสภาพเป็นปะการัง,draft,
3722,Real_Dev/285,Stomach with a Cursed Seal,กระเพาะอาหารมีตราคำสาป,draft,
3723,Real_Dev/286,Cybernetic Circuitry on the Body,วงจรไซเบอร์เนติกบนร่างกาย,draft,
3724,Real_Dev/287,Chitinous Growths on the Skin,เนื้อเยื่อไคตินงอกบนผิวหนัง,draft,
3725,Real_Dev/288,Chitinization of the Bone Tissue,เนื้อเยื่อกระดูกกลายเป็นไคติน,draft,
3726,Real_Dev/289,Yellow Resin on the Bones,ยางไม้สีเหลืองบนกระดูก,draft,
3727,Real_Dev/290,Yellow Resin on the Ribs,ยางไม้สีเหลืองบนซี่โครง,draft,
3728,Real_Dev/291,Yellow Resin on the Skull,ยางไม้สีเหลืองบนกะโหลก,draft,
3729,Real_Dev/292,Yellow Resin on the Vertebrae,ยางไม้สีเหลืองบนกระดูกสันหลัง,draft,
3730,Real_Dev/293,Green Larvae on the Heart,ตัวอ่อนสีเขียวบนหัวใจ,draft,
3731,Real_Dev/294,Green Larvae on the Lung,ตัวอ่อนสีเขียวบนปอด,draft,
3732,Real_Dev/295,Liver Replaced with an Insectoid,ตับถูกแทนที่ด้วยสิ่งมีชีวิตคล้ายแมลง,draft,
3733,Real_Dev/296,Kidney Replaced with an Insectoid,ไตถูกแทนที่ด้วยสิ่งมีชีวิตคล้ายแมลง,draft,
3734,Real_Dev/297,Chitinization of the Brain,สมองกลายเป็นไคติน,draft,
3735,Real_Dev/298,Insectoid Transformation of the Stomach,กระเพาะอาหารกลายสภาพเป็นแมลง,draft,
3736,Real_Dev/299,Ant-Form Hyperthermia of the Abdomen,ช่องท้องของร่างมดมีอุณหภูมิสูงผิดปกติ,draft,
3737,Real_Dev/300,Ant-Form Hyperthermia of the Chest,ทรวงอกของร่างมดมีอุณหภูมิสูงผิดปกติ,draft,
3738,Real_Dev/301,Microchips Implanted in the Skin,ไมโครชิปฝังในผิวหนัง,draft,
3739,Real_Dev/302,Microchips Implanted in the Bones,ไมโครชิปฝังในกระดูก,draft,
3740,Real_Dev/303,Microchips Implanted in the Brain,ไมโครชิปฝังในสมอง,draft,
3741,Real_Dev/304,Microchips Implanted in the Lung,ไมโครชิปฝังในปอด,draft,
3742,Real_Dev/305,Microchips Implanted in the Stomach,ไมโครชิปฝังในกระเพาะอาหาร,draft,
3743,Real_Dev/306,Microchips Implanted in the Heart,ไมโครชิปฝังในหัวใจ,draft,
3744,Real_Dev/307,Microchips Implanted in the Liver,ไมโครชิปฝังในตับ,draft,
3745,Real_Dev/308,Microchips Implanted in the Kidney,ไมโครชิปฝังในไต,draft,
3746,Real_Dev/309,Hyperthermia of the Head,ศีรษะมีอุณหภูมิสูงผิดปกติ,draft,
3747,Real_Dev/310,Hyperthermia of the Chest,ทรวงอกมีอุณหภูมิสูงผิดปกติ,draft,
3748,Real_Dev/311,Hyperthermia of the Abdomen,ช่องท้องมีอุณหภูมิสูงผิดปกติ,draft,
3749,Real_Dev/312,Rusty Plates on the Skin,แผ่นโลหะขึ้นสนิมบนผิวหนัง,draft,
3750,Real_Dev/313,Rusty Nails in the Bones,ตะปูขึ้นสนิมในกระดูก,draft,
3751,Real_Dev/314,Rusty Metal Bones,กระดูกโลหะขึ้นสนิม,draft,
3752,Real_Dev/315,Coarse Scars on the Skin,แผลเป็นหยาบบนผิวหนัง,draft,
3753,Real_Dev/316,Crude Brain Augmentations,ส่วนเสริมสมองแบบหยาบ,draft,
3754,Real_Dev/317,Duct-Taping of the Heart,หัวใจพันด้วยเทปกาว,draft,
3755,Real_Dev/318,Duct-Taping of the Kidney,ไตพันด้วยเทปกาว,draft,
3756,Real_Dev/319,Duct-Taping of the Stomach,กระเพาะอาหารพันด้วยเทปกาว,draft,
3757,Real_Dev/320,Abdomen Hypothermia,ช่องท้องมีอุณหภูมิต่ำผิดปกติ,draft,
3758,Real_Dev/321,Vacuum-Tube Illumination of the Skin,ผิวหนังเรืองแสงด้วยหลอดสุญญากาศ,draft,
3759,Real_Dev/322,Techno-Lines on the Skin,เส้นวงจรจักรกลบนผิวหนัง,draft,
3760,Real_Dev/323,Limb Hypothermia,แขนขามีอุณหภูมิต่ำผิดปกติ,draft,
3761,Real_Dev/324,Limb Hyperthermia,แขนขามีอุณหภูมิสูงผิดปกติ,draft,
3762,Real_Dev/325,Overheated Plates on the Skin,แผ่นโลหะร้อนจัดบนผิวหนัง,draft,
3763,Real_Dev/326,Scarlet Scars on the Skin,แผลเป็นสีแดงสดบนผิวหนัง,draft,
3764,Real_Dev/327,Degraded Skeletal Implants,อุปกรณ์ฝังในโครงกระดูกเสื่อมสภาพ,draft,
3765,Real_Dev/328,Decompensated Augmentation of the Brain,ส่วนเสริมสมองล้มเหลว,draft,
3766,Real_Dev/329,Decompensated Augmentation of the Kidney,ส่วนเสริมไตล้มเหลว,draft,
3767,Real_Dev/330,Decompensated Augmentation of the Stomach,ส่วนเสริมกระเพาะอาหารล้มเหลว,draft,
3768,Real_Dev/331,Decompensated Bagisation of the Liver,การดัดแปลงตับเป็นถุงล้มเหลว,draft,
3769,Real_Dev/332,Decompensated Bagisation of the Lung,การดัดแปลงปอดเป็นถุงล้มเหลว,draft,
3770,Real_Dev/333,Decompensated Augmentation of the Heart,ส่วนเสริมหัวใจล้มเหลว,draft,
3771,Real_Dev/334,Circular Saw in the Photo,เลื่อยวงเดือนในภาพถ่าย,draft,
3772,Real_Dev/335,Jets of Steam in the Photo,ไอน้ำพุ่งเป็นลำในภาพถ่าย,draft,
3773,Real_Dev/336,Advanced Chipization of the Skin,การฝังชิปขั้นสูงในผิวหนัง,draft,
3774,Real_Dev/337,Advanced Chipization of the Bone,การฝังชิปขั้นสูงในกระดูก,draft,
3775,Real_Dev/338,Advanced Chipization of the Brain,การฝังชิปขั้นสูงในสมอง,draft,
3776,Real_Dev/339,Advanced Chipization of the Lung,การฝังชิปขั้นสูงในปอด,draft,
3777,Real_Dev/340,Advanced Chipization of the Heart,การฝังชิปขั้นสูงในหัวใจ,draft,
3778,Real_Dev/341,Advanced Ventilization of the Kidney,ระบบระบายอากาศขั้นสูงในไต,draft,
3779,Real_Dev/342,Advanced Tariffication of the Liver,การแบ่งชั้นเคลือบขั้นสูงของตับ,draft,
3780,Real_Dev/343,Advanced Optofixation Enhancement of the Stomach,การเสริมระบบตรึงด้วยแสงขั้นสูงในกระเพาะอาหาร,draft,
3781,Real_Dev/344,Video Camera in the Photo,กล้องวิดีโอในภาพถ่าย,draft,
3782,Real_Dev/345,Digital Cage in the Photo,กรงดิจิทัลในภาพถ่าย,draft,
3783,Real_Dev/346,Insectomorphic Transformation of the Brain,สมองกลายสภาพเป็นแมลง,draft,
3784,Real_Dev/347,Insectomorphic Transformation of the Kidney,ไตกลายสภาพเป็นแมลง,draft,
3785,Real_Dev/348,Insectomorphic Transformation of the Heart,หัวใจกลายสภาพเป็นแมลง,draft,
3786,Real_Dev/349,Insectomorphic Transformation of the Lung,ปอดกลายสภาพเป็นแมลง,draft,
3787,Real_Dev/350,Insectomorphic Transformation of the Liver,ตับกลายสภาพเป็นแมลง,draft,
3788,Real_Dev/351,Insectomorphic Transformation of the Stomach,กระเพาะอาหารกลายสภาพเป็นแมลง,draft,
3789,Real_Dev/352,Insect Wings in the Photo,ปีกแมลงในภาพถ่าย,draft,
3790,Real_Dev/353,Honeycomb in the Photo,รังผึ้งในภาพถ่าย,draft,
3791,Real_Dev/354,Chitin-Like Scales on the Skin,เกล็ดคล้ายไคตินบนผิวหนัง,draft,
3792,Real_Dev/355,Technomorphic Skeletal Implants,อุปกรณ์ฝังในโครงกระดูกที่กลายสภาพเป็นจักรกล,draft,
3793,Real_Dev/356,Technomorphic Brain Organoid,ออร์แกนอยด์สมองที่กลายสภาพเป็นจักรกล,draft,
3794,Real_Dev/357,Technomorphic Heart Organoid,ออร์แกนอยด์หัวใจที่กลายสภาพเป็นจักรกล,draft,
3795,Real_Dev/358,Technomorphic Lung Organoid,ออร์แกนอยด์ปอดที่กลายสภาพเป็นจักรกล,draft,
3796,Real_Dev/359,Technomorphic Kidney Organoid,ออร์แกนอยด์ไตที่กลายสภาพเป็นจักรกล,draft,
3797,Real_Dev/360,Technomorphic Liver Organoid,ออร์แกนอยด์ตับที่กลายสภาพเป็นจักรกล,draft,
3798,Real_Dev/361,Technomorphic Stomach Organoid,ออร์แกนอยด์กระเพาะอาหารที่กลายสภาพเป็นจักรกล,draft,
3799,Real_Dev/362,Solar Bloom in the Photo,ดอกไม้สุริยะในภาพถ่าย,draft,
3800,Real_Dev/363,Ace of Pentacles,ไพ่หนึ่งเหรียญ,draft,
3801,Real_Dev/364,Ace of Cups,ไพ่หนึ่งถ้วย,draft,
3802,Real_Dev/365,The Chariot,ไพ่ราชรถ,draft,
3803,Real_Dev/366,The Emperor,ไพ่จักรพรรดิ,draft,
3804,Real_Dev/367,The Empress,ไพ่จักรพรรดินี,draft,
3805,Real_Dev/368,The Fool,ไพ่คนโง่,draft,
3806,Real_Dev/369,The Hanged Man,ไพ่ชายผู้ถูกแขวน,draft,
3807,Real_Dev/370,The Hierophant,ไพ่มหาปุโรหิต,draft,
3808,Real_Dev/371,The High Priestess,ไพ่นักบวชหญิง,draft,
3809,Real_Dev/372,Judgement,ไพ่การพิพากษา,draft,
3810,Real_Dev/373,Justice,ไพ่ความยุติธรรม,draft,
3811,Real_Dev/374,The Lovers,ไพ่คู่รัก,draft,
3812,Real_Dev/375,The Magician,ไพ่นักมายากล,draft,
3813,Real_Dev/376,The Star,ไพ่ดวงดาว,draft,
3814,Real_Dev/377,Strength,ไพ่พละกำลัง,draft,
3815,Real_Dev/378,Temperance,ไพ่การผสานกลมกลืน,draft,
3816,Real_Dev/379,White Hexoids on the Skin,โครงสร้างหกเหลี่ยมสีขาวบนผิวหนัง,draft,
3817,Real_Dev/380,Ultra-Technological Bone Structures,โครงสร้างกระดูกเทคโนโลยีล้ำยุค,draft,
3818,Real_Dev/381,Ultra-Technological Modification of the Brain,สมองที่ผ่านการดัดแปลงด้วยเทคโนโลยีล้ำยุค,draft,
3819,Real_Dev/382,Ultra-Technological Modification of the Heart,หัวใจที่ผ่านการดัดแปลงด้วยเทคโนโลยีล้ำยุค,draft,
3820,Real_Dev/383,Ultra-Technological Modification of the Lung,ปอดที่ผ่านการดัดแปลงด้วยเทคโนโลยีล้ำยุค,draft,
3821,Real_Dev/384,Ultra-Technological Modification of the Liver,ตับที่ผ่านการดัดแปลงด้วยเทคโนโลยีล้ำยุค,draft,
3822,Real_Dev/385,Ultra-Technological Modification of the Stomach,กระเพาะอาหารที่ผ่านการดัดแปลงด้วยเทคโนโลยีล้ำยุค,draft,
3823,Real_Dev/386,Ultra-Technological Modification of the Kidney,ไตที่ผ่านการดัดแปลงด้วยเทคโนโลยีล้ำยุค,draft,
3824,Real_Dev/387,Hex-Honeycomb in the Photo,รังผึ้งหกเหลี่ยมในภาพถ่าย,draft,
3825,Real_Dev/388,Digital Spatial Rupture in the Photo,รอยแยกมิติดิจิทัลในภาพถ่าย,draft,
3826,Real_Dev/389,Facial Skin Overlays,ชั้นผิวหนังซ้อนทับบนใบหน้า,draft,
3827,Real_Dev/390,Technosymbiotic Transformation of the Bone Tissue,เนื้อเยื่อกระดูกกลายสภาพแบบชีวจักรกลพึ่งพาอาศัย,draft,
3828,Real_Dev/391,Technosymbiotic Transformation of the Brain,สมองกลายสภาพแบบชีวจักรกลพึ่งพาอาศัย,draft,
3829,Real_Dev/392,Technosymbiotic Transformation of the Heart,หัวใจกลายสภาพแบบชีวจักรกลพึ่งพาอาศัย,draft,
3830,Real_Dev/393,Technosymbiotic Transformation of the Lung,ปอดกลายสภาพแบบชีวจักรกลพึ่งพาอาศัย,draft,
3831,Real_Dev/394,Technosymbiotic Transformation of the Liver,ตับกลายสภาพแบบชีวจักรกลพึ่งพาอาศัย,draft,
3832,Real_Dev/395,Technosymbiotic Transformation of the Stomach,กระเพาะอาหารกลายสภาพแบบชีวจักรกลพึ่งพาอาศัย,draft,
3833,Real_Dev/396,Technosymbiotic Transformation of the Kidney,ไตกลายสภาพแบบชีวจักรกลพึ่งพาอาศัย,draft,
3834,Real_Dev/397,Gray Tentacles in the Photo,หนวดสีเทาในภาพถ่าย,draft,
3835,Real_Dev/398,Mana-Bearing Crystal Growths on the Skin,ผลึกบรรจุมานางอกบนผิวหนัง,draft,
3836,Real_Dev/399,Honey-Sweet Transformation of the Bone Tissue,เนื้อเยื่อกระดูกกลายสภาพหวานดุจน้ำผึ้ง,draft,
3837,Real_Dev/400,Technomagical Transformation of the Brain,สมองกลายสภาพด้วยเทคโนเวทมนตร์,draft,
3838,Real_Dev/401,Technomagical Transformation of the Heart,หัวใจกลายสภาพด้วยเทคโนเวทมนตร์,draft,
3839,Real_Dev/402,Technomagical Transformation of the Lung,ปอดกลายสภาพด้วยเทคโนเวทมนตร์,draft,
3840,Real_Dev/403,Technomagical Transformation of the Liver,ตับกลายสภาพด้วยเทคโนเวทมนตร์,draft,
3841,Real_Dev/404,Technomagical Transformation of the Stomach,กระเพาะอาหารกลายสภาพด้วยเทคโนเวทมนตร์,draft,
3842,Real_Dev/405,Technomagical Transformation of the Kidney,ไตกลายสภาพด้วยเทคโนเวทมนตร์,draft,
3843,Real_Dev/406,All-Seeing Eyes on the Skin,ดวงตาที่มองเห็นทุกสิ่งบนผิวหนัง,draft,
3844,Real_Dev/407,Ectoplasmic Bones,กระดูกเอกโทพลาซึม,draft,
3845,Real_Dev/408,Ectoplasmic Ribs,ซี่โครงเอกโทพลาซึม,draft,
3846,Real_Dev/409,Ectoplasmic Vertebrae,กระดูกสันหลังเอกโทพลาซึม,draft,
3847,Real_Dev/410,Ectoplasmic Skull,กะโหลกเอกโทพลาซึม,draft,
3848,Real_Dev/411,Alchemical Transmutation of the Brain,สมองแปรธาตุ,draft,
3849,Real_Dev/412,Alchemical Transmutation of the Heart,หัวใจแปรธาตุ,draft,
3850,Real_Dev/413,Alchemical Transmutation of the Lung,ปอดแปรธาตุ,draft,
3851,Real_Dev/414,Alchemical Transmutation of the Liver,ตับแปรธาตุ,draft,
3852,Real_Dev/415,Alchemical Transmutation of the Stomach,กระเพาะอาหารแปรธาตุ,draft,
3853,Real_Dev/416,Alchemical Transmutation of the Kidney,ไตแปรธาตุ,draft,
3854,Real_Dev/417,Alchemist's Skull,กะโหลกนักเล่นแร่แปรธาตุ,draft,
3855,Real_Dev/418,Demonic Fox in the Photo,จิ้งจอกปีศาจในภาพถ่าย,draft,
3856,Real_Dev/419,Cheshire Smile in the Photo,รอยยิ้มแมวเชสเชียร์ในภาพถ่าย,draft,
3857,Real_Dev/420,Continuum Rupture on the Skin,รอยแยกของภาวะต่อเนื่องบนผิวหนัง,draft,
3858,Real_Dev/421,Spectral Shift of the Bone Tissue,เนื้อเยื่อกระดูกเคลื่อนสภาวะเชิงวิญญาณ,draft,
3859,Real_Dev/422,Continuum Shift of the Brain,สมองเคลื่อนจากภาวะต่อเนื่อง,draft,
3860,Real_Dev/423,Continuum Shift of the Heart,หัวใจเคลื่อนจากภาวะต่อเนื่อง,draft,
3861,Real_Dev/424,Continuum Shift of the Lung,ปอดเคลื่อนจากภาวะต่อเนื่อง,draft,
3862,Real_Dev/425,Continuum Shift of the Liver,ตับเคลื่อนจากภาวะต่อเนื่อง,draft,
3863,Real_Dev/426,Continuum Shift of the Stomach,กระเพาะอาหารเคลื่อนจากภาวะต่อเนื่อง,draft,
3864,Real_Dev/427,Continuum Shift of the Kidney,ไตเคลื่อนจากภาวะต่อเนื่อง,draft,
3865,Real_Dev/428,Universal Mechanism in the Spatial Rupture in the Photo,กลไกสากลในรอยแยกมิติในภาพถ่าย,draft,
3866,Real_Dev/429,Sphaera Numinis Aurei,Sphaera Numinis Aurei,draft,
3867,Real_Dev/430,Erythrocytus Psionicus,Erythrocytus Psionicus,draft,
3868,Real_Dev/431,Spora Satanica,Spora Satanica,draft,
3869,Real_Dev/432,Erythrocytus Mycoticus,Erythrocytus Mycoticus,draft,
3870,Real_Dev/433,Erythrocytus Ignitus,Erythrocytus Ignitus,draft,
3871,Real_Dev/434,Crystallus Arcanus,Crystallus Arcanus,draft,
3872,Real_Dev/435,Erythrocytus Arcanus,Erythrocytus Arcanus,draft,
3873,Real_Dev/436,Phantasma Vorax,Phantasma Vorax,draft,
3874,Real_Dev/437,Erythrocytus Vacuus,Erythrocytus Vacuus,draft,
3875,Real_Dev/438,Folium Incantatum,Folium Incantatum,draft,
3876,Real_Dev/439,Erythrocytus Sigillatus,Erythrocytus Sigillatus,draft,
3877,Real_Dev/440,Erythrocytus Digitalis,Erythrocytus Digitalis,draft,
3878,Real_Dev/441,Virus Memeticum,Virus Memeticum,draft,
3879,Real_Dev/442,Erythrocytus Quadratus,Erythrocytus Quadratus,draft,
3880,Real_Dev/443,Ace of Cups,ไพ่หนึ่งถ้วย,draft,
3881,Real_Dev/444,The Moon,ไพ่ดวงจันทร์,draft,
3882,Real_Dev/445,Wheel of Fortune,ไพ่กงล้อแห่งโชคชะตา,draft,
3883,Real_Dev/446,The World,ไพ่โลก,draft,
3884,Real_Dev/447,Ace of Swords,ไพ่หนึ่งดาบ,draft,
3885,Real_Dev/448,Death,ไพ่ความตาย,draft,
3886,Real_Dev/449,The Devil,ไพ่ปีศาจ,draft,
3887,Real_Dev/450,The Hermit,ไพ่ฤๅษี,draft,
3888,Real_Dev/451,The Sun,ไพ่ดวงอาทิตย์,draft,
3889,Real_Dev/452,The Tower,ไพ่หอคอย,draft,
3890,Real_Dev/453,Wrong name in the passport,ชื่อในหนังสือเดินทางไม่ถูกต้อง,draft,
3891,Real_Dev/454,Wrong name in the pass,ชื่อในบัตรผ่านไม่ถูกต้อง,draft,
3892,Real_Dev/455,Fake health certificate,ใบรับรองสุขภาพปลอม,draft,
3893,Real_Dev/456,,,untranslated,
3894,Real_Dev/457,,,untranslated,
3895,Real_Dev/458,,,untranslated,
3896,Real_Dev/459,,,untranslated,
3897,Real_Dev/460,,,untranslated,
3898,Real_Dev/461,,,untranslated,
3899,Real_Dev/462,,,untranslated,
3900,Real_Dev/463,,,untranslated,
3901,Real_Dev/464,,,untranslated,
3902,Real_Dev/465,,,untranslated,
3903,Real_Dev/466,,,untranslated,
3904,Real_Dev/467,,,untranslated,
3905,Real_Dev/468,,,untranslated,
3906,Real_Dev/469,,,untranslated,
3907,Real_Dev/470,,,untranslated,
3908,Real_Dev/471,,,untranslated,
3909,Real_Dev/472,,,untranslated,
3910,Real_Dev/473,,,untranslated,
3911,Real_Dev/474,,,untranslated,
3912,Real_Dev/475,,,untranslated,
3913,Real_Dev/476,,,untranslated,
3914,Real_Dev/477,,,untranslated,
3915,Real_Dev/478,,,untranslated,
3916,Real_Dev/479,,,untranslated,
3917,Real_Dev/480,,,untranslated,
3918,Real_Dev/481,,,untranslated,
3919,Real_Dev/482,,,untranslated,
3920,Real_Dev/483,,,untranslated,
3921,Real_Dev/484,,,untranslated,
3922,Real_Dev/485,,,untranslated,
3923,Real_Dev/486,,,untranslated,
3924,Real_Dev/487,,,untranslated,
3925,Real_Dev/488,,,untranslated,
3926,Real_Dev/489,,,untranslated,
3927,Real_Dev/490,,,untranslated,
3928,Real_Dev/491,,,untranslated,
3929,Real_Dev/492,,,untranslated,
3930,Real_Dev/493,,,untranslated,
3931,Real_Dev/494,,,untranslated,
3932,Real_Dev/495,,,untranslated,
3933,Real_Dev/496,,,untranslated,
3934,Real_Dev/497,,,untranslated,
3935,Real_Dev/498,,,untranslated,
3936,Real_Dev/499,,,untranslated,
3937,Real_Dev/500,,,untranslated,
3938,Real_Dev/501,,,untranslated,
3939,Real_Dev/502,,,untranslated,
3940,Real_Dev/503,,,untranslated,
3941,Real_Dev/504,,,untranslated,
3942,Real_Dev/505,,,untranslated,
3943,Real_Dev/506,,,untranslated,
3944,Real_Dev/507,,,untranslated,
3945,Real_Dev/508,,,untranslated,
3946,Real_Dev/509,,,untranslated,
3947,Real_Dev/510,,,untranslated,
3948,Real_Dev/511,,,untranslated,
3949,Real_Dev/512,,,untranslated,
3950,Real_Dev/513,,,untranslated,
3951,Real_Dev/514,,,untranslated,
3952,Real_Dev/515,,,untranslated,
3953,Real_Dev/516,,,untranslated,
3954,Real_Dev/517,,,untranslated,
3955,Real_Dev/518,,,untranslated,
3956,Real_Dev/519,,,untranslated,
3957,Real_Dev/520,,,untranslated,
3958,Real_Dev/521,,,untranslated,
3959,Real_Dev/522,,,untranslated,
3960,Real_Dev/523,,,untranslated,
3961,Real_Dev/524,,,untranslated,
3962,Real_Dev/525,,,untranslated,
3963,Real_Dev/526,,,untranslated,
3964,Real_Dev/527,,,untranslated,
3965,Real_Dev/528,,,untranslated,
3966,Real_Dev/529,,,untranslated,
3967,Real_Dev/530,,,untranslated,
3968,Real_Dev/531,,,untranslated,
3969,Real_Dev/532,,,untranslated,
3970,Real_Dev/533,,,untranslated,
3971,Real_Dev/534,,,untranslated,
3972,Real_Dev/535,,,untranslated,
3973,Real_Dev/536,,,untranslated,
3974,Real_Dev/537,,,untranslated,
3975,Real_Dev/538,,,untranslated,
3976,Real_Dev/539,,,untranslated,
3977,Real_Dev/540,,,untranslated,
3978,Real_Dev/541,,,untranslated,
3979,Real_Dev/542,,,untranslated,
3980,Real_Dev/543,,,untranslated,
3981,Real_Dev/544,,,untranslated,
3982,Real_Dev/545,,,untranslated,
3983,Real_Dev/546,,,untranslated,
3984,Real_Dev/547,,,untranslated,
3985,Real_Dev/548,,,untranslated,
3986,Real_Dev/549,,,untranslated,
3987,Real_Dev/550,,,untranslated,
3988,Real_Dev/551,,,untranslated,
3989,Real_Dev/552,,,untranslated,
3990,Real_Dev/553,,,untranslated,
3991,Real_Dev/554,,,untranslated,
3992,Real_Dev/555,,,untranslated,
3993,Real_Dev/556,,,untranslated,
3994,Real_Dev/557,,,untranslated,
3995,Real_Dev/558,,,untranslated,
3996,Real_Dev/559,,,untranslated,
3997,Real_Dev/560,,,untranslated,
3998,Real_Dev/561,,,untranslated,
3999,Real_Dev/562,,,untranslated,
4000,Real_Dev/563,,,untranslated,
4001,Real_Dev/564,,,untranslated,
4002,Real_Dev/565,,,untranslated,
4003,Real_Dev/566,,,untranslated,
4004,Real_Dev/567,,,untranslated,
4005,Real_Dev/568,,,untranslated,
4006,Real_Dev/569,,,untranslated,
4007,Real_Dev/570,,,untranslated,
4008,Real_Dev/571,,,untranslated,
4009,Real_Dev/572,,,untranslated,
4010,Real_Dev/573,,,untranslated,
4011,Real_Dev/574,,,untranslated,
4012,Real_Dev/575,,,untranslated,
4013,Real_Dev/576,,,untranslated,
4014,Real_Dev/577,,,untranslated,
4015,Real_Dev/578,,,untranslated,
4016,Real_Dev/579,,,untranslated,
4017,Real_Dev/580,,,untranslated,
4018,Real_Dev/581,,,untranslated,
4019,Real_Dev/582,,,untranslated,
4020,Real_Dev/583,,,untranslated,
4021,Real_Dev/584,,,untranslated,
4022,Real_Dev/585,,,untranslated,
4023,Real_Dev/586,,,untranslated,
4024,Real_Dev/587,,,untranslated,
4025,Real_Dev/588,,,untranslated,
4026,Real_Dev/589,,,untranslated,
4027,Real_Dev/590,,,untranslated,
4028,Real_Dev/591,,,untranslated,
4029,Real_Dev/592,,,untranslated,
4030,Real_Dev/593,,,untranslated,
4031,Real_Dev/594,,,untranslated,
4032,Real_Dev/595,,,untranslated,
4033,Real_Dev/596,,,untranslated,
4034,Real_Dev/597,,,untranslated,
4035,Real_Dev/598,,,untranslated,
4036,Real_Dev/599,,,untranslated,
4037,Real_Dev/600,,,untranslated,
4038,Real_Dev/601,,,untranslated,
4039,Real_Dev/602,,,untranslated,
4040,Real_Dev/603,,,untranslated,
4041,Real_Dev/604,,,untranslated,
4042,Real_Dev/605,,,untranslated,
4043,Real_Dev/606,,,untranslated,
4044,Real_Dev/607,,,untranslated,
4045,Real_Dev/608,,,untranslated,
4046,Real_Dev/609,,,untranslated,
4047,Real_Dev/610,,,untranslated,
4048,Real_Dev/611,,,untranslated,
4049,Real_Dev/612,,,untranslated,
4050,Real_Dev/613,,,untranslated,
4051,Real_Dev/614,,,untranslated,
4052,Real_Dev/615,,,untranslated,
4053,Real_Dev/616,,,untranslated,
4054,Real_Dev/617,,,untranslated,
4055,Real_Dev/618,,,untranslated,
4056,Real_Dev/619,,,untranslated,
4057,Real_Dev/620,,,untranslated,
4058,Real_Dev/621,,,untranslated,
4059,Real_Dev/622,,,untranslated,
4060,Real_Dev/623,,,untranslated,
4061,Real_Dev/624,,,untranslated,
4062,Real_Dev/625,,,untranslated,
4063,Real_Dev/626,,,untranslated,
4064,Real_Dev/627,,,untranslated,
4065,Real_Dev/628,,,untranslated,
4066,Real_Dev/629,,,untranslated,
4067,Real_Dev/630,,,untranslated,
4068,Real_Dev/631,,,untranslated,
4069,Real_Dev/632,,,untranslated,
4070,Real_Dev/633,,,untranslated,
4071,Real_Dev/634,,,untranslated,
4072,Real_Dev/635,,,untranslated,
4073,Real_Dev/636,,,untranslated,
4074,Real_Dev/637,,,untranslated,
4075,Real_Dev/638,,,untranslated,
4076,Real_Dev/639,,,untranslated,
4077,Real_Dev/640,,,untranslated,
4078,Real_Dev/641,,,untranslated,
4079,Real_Dev/642,,,untranslated,
4080,Real_Dev/643,,,untranslated,
4081,Real_Dev/644,,,untranslated,
4082,Real_Dev/645,,,untranslated,
4083,Real_Dev/646,,,untranslated,
4084,Real_Dev/647,,,untranslated,
4085,Real_Dev/648,,,untranslated,
4086,Real_Dev/649,,,untranslated,
4087,Real_Dev/650,,,untranslated,
4088,Real_Dev/651,,,untranslated,
4089,Real_Dev/652,,,untranslated,
4090,Real_Dev/653,,,untranslated,
4091,Real_Dev/654,,,untranslated,
4092,Real_Dev/655,,,untranslated,
4093,Real_Dev/656,,,untranslated,
4094,Real_Dev/657,,,untranslated,
4095,Real_Dev/658,,,untranslated,
4096,Real_Dev/659,,,untranslated,
4097,Real_Dev/660,,,untranslated,
4098,Real_Dev/661,,,untranslated,
4099,Real_Dev/662,,,untranslated,
4100,Real_Dev/663,,,untranslated,
4101,Real_Dev/664,,,untranslated,
4102,Real_Dev/665,,,untranslated,
4103,Real_Dev/666,,,untranslated,
4104,Real_Dev/667,,,untranslated,
4105,Real_Dev/668,,,untranslated,
4106,Real_Dev/669,,,untranslated,
4107,Real_Dev/670,,,untranslated,
4108,Real_Dev/671,,,untranslated,
4109,Real_Dev/672,,,untranslated,
4110,Real_Dev/673,,,untranslated,
4111,Real_Dev/674,,,untranslated,
4112,Real_Dev/675,,,untranslated,
4113,Real_Dev/676,,,untranslated,
4114,Real_Dev/677,,,untranslated,
4115,Real_Dev/678,,,untranslated,
4116,Real_Dev/679,,,untranslated,
4117,Real_Dev/680,,,untranslated,
4118,Real_Dev/681,,,untranslated,
4119,Real_Dev/682,,,untranslated,
4120,Real_Dev/683,,,untranslated,
4121,Real_Dev/684,,,untranslated,
4122,Real_Dev/685,,,untranslated,
4123,Real_Dev/686,,,untranslated,
4124,Real_Dev/687,,,untranslated,
4125,Real_Dev/688,,,untranslated,
4126,Real_Dev/689,,,untranslated,
4127,Real_Dev/690,,,untranslated,
4128,Real_Dev/691,,,untranslated,
4129,Real_Dev/692,,,untranslated,
4130,Real_Dev/693,,,untranslated,
4131,Real_Dev/694,,,untranslated,
4132,Real_Dev/695,,,untranslated,
4133,Real_Dev/696,,,untranslated,
4134,Real_Dev/697,,,untranslated,
4135,Real_Dev/698,,,untranslated,
4136,Real_Dev/699,,,untranslated,
4137,Real_Dev/700,,,untranslated,
4138,Real_Dev/701,,,untranslated,
4139,Real_Dev/702,,,untranslated,
4140,Real_Dev/703,,,untranslated,
4141,Real_Dev/704,,,untranslated,
4142,Real_Dev/705,,,untranslated,
4143,Real_Dev/706,,,untranslated,
4144,Real_Dev/707,,,untranslated,
4145,Real_Dev/708,,,untranslated,
4146,Real_Dev/709,,,untranslated,
4147,Real_Dev/710,,,untranslated,
4148,Real_Dev/711,,,untranslated,
4149,Real_Dev/712,,,untranslated,
4150,Real_Dev/713,,,untranslated,
4151,Real_Dev/714,,,untranslated,
4152,Real_Dev/715,,,untranslated,
4153,Real_Dev/716,,,untranslated,
4154,Real_Dev/717,,,untranslated,
4155,Real_Dev/718,,,untranslated,
4156,Real_Dev/719,,,untranslated,
4157,Real_Dev/720,,,untranslated,
4158,Real_Dev/721,,,untranslated,
4159,Real_Dev/722,,,untranslated,
4160,Real_Dev/723,,,untranslated,
4161,Real_Dev/724,,,untranslated,
4162,Real_Dev/725,,,untranslated,
4163,Real_Dev/726,,,untranslated,
4164,Real_Dev/727,,,untranslated,
4165,Real_Dev/728,,,untranslated,
4166,Real_Dev/729,,,untranslated,
4167,Real_Dev/730,,,untranslated,
4168,Real_Dev/731,,,untranslated,
4169,Real_Dev/732,,,untranslated,
4170,Real_Dev/733,,,untranslated,
4171,Real_Dev/734,,,untranslated,
4172,Real_Dev/735,,,untranslated,
4173,Real_Dev/736,,,untranslated,
4174,Real_Dev/737,,,untranslated,
4175,Real_Dev/738,,,untranslated,
4176,Real_Dev/739,,,untranslated,
4177,Real_Dev/740,,,untranslated,
4178,Real_Dev/741,,,untranslated,
4179,Real_Dev/742,,,untranslated,
4180,Real_Dev/743,,,untranslated,
4181,Real_Dev/744,,,untranslated,
4182,Real_Dev/745,,,untranslated,
4183,Real_Dev/746,,,untranslated,
4184,Real_Dev/747,,,untranslated,
4185,Real_Dev/748,,,untranslated,
4186,Real_Dev/749,,,untranslated,
4187,Real_Dev/750,,,untranslated,
4188,Real_Dev/751,,,untranslated,
4189,Real_Dev/752,,,untranslated,
4190,Real_Dev/753,,,untranslated,
4191,Real_Dev/754,,,untranslated,
4192,Real_Dev/755,,,untranslated,
4193,Real_Dev/756,,,untranslated,
4194,Real_Dev/757,,,untranslated,
4195,Real_Dev/758,,,untranslated,
4196,Real_Dev/759,,,untranslated,
4197,Real_Dev/760,,,untranslated,
4198,Real_Dev/761,,,untranslated,
4199,Real_Dev/762,,,untranslated,
4200,Real_Dev/763,,,untranslated,
4201,Real_Dev/764,,,untranslated,
4202,Real_Dev/765,,,untranslated,
4203,Real_Dev/766,,,untranslated,
4204,Real_Dev/767,,,untranslated,
4205,Real_Dev/768,,,untranslated,
4206,Real_Dev/769,,,untranslated,
4207,Real_Dev/770,,,untranslated,
4208,Real_Dev/771,,,untranslated,
4209,Real_Dev/772,,,untranslated,
4210,Real_Dev/773,,,untranslated,
4211,Real_Dev/774,,,untranslated,
4212,Real_Dev/775,,,untranslated,
4213,Real_Dev/776,,,untranslated,
4214,Real_Dev/777,,,untranslated,
4215,Real_Dev/778,,,untranslated,
4216,Real_Dev/779,,,untranslated,
4217,Real_Dev/780,,,untranslated,
4218,Real_Dev/781,,,untranslated,
4219,Real_Dev/782,,,untranslated,
4220,Real_Dev/783,,,untranslated,
4221,Real_Dev/784,,,untranslated,
4222,Real_Dev/785,,,untranslated,
4223,Real_Dev/786,,,untranslated,
4224,Real_Dev/787,,,untranslated,
4225,Real_Dev/788,,,untranslated,
4226,Real_Dev/789,,,untranslated,
4227,Real_Dev/790,,,untranslated,
4228,Real_Dev/791,,,untranslated,
4229,Real_Dev/792,,,untranslated,
4230,Real_Dev/793,,,untranslated,
4231,Real_Dev/794,,,untranslated,
4232,Real_Dev/795,,,untranslated,
4233,Real_Dev/796,,,untranslated,
4234,Real_Dev/797,,,untranslated,
4235,Real_Dev/798,,,untranslated,
4236,Real_Dev/799,,,untranslated,
4237,Real_Dev/800,,,untranslated,
4238,Real_Dev/801,,,untranslated,
4239,Real_Dev/802,,,untranslated,
4240,Real_Dev/803,,,untranslated,
4241,Real_Dev/804,,,untranslated,
4242,Real_Dev/805,,,untranslated,
4243,Real_Dev/806,,,untranslated,
4244,Real_Dev/807,,,untranslated,
4245,Real_Dev/808,,,untranslated,
4246,Real_Dev/809,,,untranslated,
4247,Real_Dev/810,,,untranslated,
4248,Real_Dev/811,,,untranslated,
4249,Real_Dev/812,,,untranslated,
4250,Real_Dev/813,,,untranslated,
4251,Real_Dev/814,,,untranslated,
4252,Real_Dev/815,,,untranslated,
4253,Real_Dev/816,,,untranslated,
4254,Real_Dev/817,,,untranslated,
4255,Real_Dev/818,,,untranslated,
4256,Real_Dev/819,,,untranslated,
4257,Real_Dev/820,,,untranslated,
4258,Real_Dev/821,,,untranslated,
4259,Real_Dev/822,,,untranslated,
4260,Real_Dev/823,,,untranslated,
4261,Real_Dev/824,,,untranslated,
4262,Real_Dev/825,,,untranslated,
4263,Real_Dev/826,,,untranslated,
4264,Real_Dev/827,,,untranslated,
4265,Real_Dev/828,,,untranslated,
4266,Real_Dev/829,,,untranslated,
4267,Real_Dev/830,,,untranslated,
4268,Real_Dev/831,,,untranslated,
4269,Real_Dev/832,,,untranslated,
4270,Real_Dev/833,,,untranslated,
4271,Real_Dev/834,,,untranslated,
4272,Real_Dev/835,,,untranslated,
4273,Real_Dev/836,,,untranslated,
4274,Real_Dev/837,,,untranslated,
4275,Real_Dev/838,,,untranslated,
4276,Real_Dev/839,,,untranslated,
4277,Real_Dev/840,,,untranslated,
4278,Real_Dev/841,,,untranslated,
4279,Real_Dev/842,,,untranslated,
4280,Real_Dev/843,,,untranslated,
4281,Real_Dev/844,,,untranslated,
4282,Real_Dev/845,,,untranslated,
4283,Real_Dev/846,,,untranslated,
4284,Real_Dev/847,,,untranslated,
4285,Real_Dev/848,,,untranslated,
4286,Real_Dev/849,,,untranslated,
4287,Real_Dev/850,,,untranslated,
4288,Real_Dev/851,,,untranslated,
4289,Real_Dev/852,,,untranslated,
4290,Real_Dev/853,,,untranslated,
4291,Real_Dev/854,,,untranslated,
4292,Real_Dev/855,,,untranslated,
4293,Real_Dev/856,,,untranslated,
4294,Real_Dev/857,,,untranslated,
4295,Real_Dev/858,,,untranslated,
4296,Real_Dev/859,,,untranslated,
4297,Real_Dev/860,,,untranslated,
4298,Real_Dev/861,,,untranslated,
4299,Real_Dev/862,,,untranslated,
4300,Real_Dev/863,,,untranslated,
4301,Real_Dev/864,,,untranslated,
4302,Real_Dev/865,,,untranslated,
4303,Real_Dev/866,,,untranslated,
4304,Real_Dev/867,,,untranslated,
4305,Real_Dev/868,,,untranslated,
4306,Real_Dev/869,,,untranslated,
4307,Real_Dev/870,,,untranslated,
4308,Real_Dev/871,,,untranslated,
4309,Real_Dev/872,,,untranslated,
4310,Real_Dev/873,,,untranslated,
4311,Real_Dev/874,,,untranslated,
4312,Real_Dev/875,,,untranslated,
4313,Real_Dev/876,,,untranslated,
4314,Real_Dev/877,,,untranslated,
4315,Real_Dev/878,,,untranslated,
4316,Real_Dev/879,,,untranslated,
4317,Real_Dev/880,,,untranslated,
4318,Real_Dev/881,,,untranslated,
4319,Real_Dev/882,,,untranslated,
4320,Real_Dev/883,,,untranslated,
4321,Real_Dev/884,,,untranslated,
4322,Real_Dev/885,,,untranslated,
4323,Real_Dev/886,,,untranslated,
4324,Real_Dev/887,,,untranslated,
4325,Real_Dev/888,,,untranslated,
4326,Real_Dev/889,,,untranslated,
4327,Real_Dev/890,,,untranslated,
4328,Real_Dev/891,,,untranslated,
4329,Real_Dev/892,,,untranslated,
4330,Real_Dev/893,,,untranslated,
4331,Real_Dev/894,,,untranslated,
4332,Real_Dev/895,,,untranslated,
4333,Real_Dev/896,,,untranslated,
4334,Real_Dev/897,,,untranslated,
4335,Real_Dev/898,,,untranslated,
4336,Real_Dev/899,,,untranslated,
4337,Real_Dev/900,,,untranslated,
4338,Real_Dev/901,,,untranslated,
4339,Real_Dev/902,,,untranslated,
4340,Real_Dev/903,,,untranslated,
4341,Real_Dev/904,,,untranslated,
4342,Real_Dev/905,,,untranslated,
4343,Real_Dev/906,,,untranslated,
4344,Real_Dev/907,,,untranslated,
4345,Real_Dev/908,,,untranslated,
4346,Real_Dev/909,,,untranslated,
4347,Real_Dev/910,,,untranslated,
4348,Real_Dev/911,,,untranslated,
4349,Real_Dev/912,,,untranslated,
4350,Real_Dev/913,,,untranslated,
4351,Real_Dev/914,,,untranslated,
4352,Real_Dev/915,,,untranslated,
4353,Real_Dev/916,,,untranslated,
4354,Real_Dev/917,,,untranslated,
4355,Real_Dev/918,,,untranslated,
4356,Real_Dev/919,,,untranslated,
4357,Real_Dev/920,,,untranslated,
4358,Real_Dev/921,,,untranslated,
4359,Real_Dev/922,,,untranslated,
4360,Real_Dev/923,,,untranslated,
4361,Real_Dev/924,,,untranslated,
4362,Real_Dev/925,,,untranslated,
4363,Real_Dev/926,,,untranslated,
4364,Real_Dev/927,,,untranslated,
4365,Real_Dev/928,,,untranslated,
4366,Real_Dev/929,,,untranslated,
4367,Real_Dev/930,,,untranslated,
4368,Real_Dev/931,,,untranslated,
4369,Real_Dev/932,,,untranslated,
4370,Real_Dev/933,,,untranslated,
4371,Real_Dev/934,,,untranslated,
4372,Real_Dev/935,,,untranslated,
4373,Real_Dev/936,,,untranslated,
4374,Real_Dev/937,,,untranslated,
4375,Real_Dev/938,,,untranslated,
4376,Real_Dev/939,,,untranslated,
4377,Real_Dev/940,,,untranslated,
4378,Real_Dev/941,,,untranslated,
4379,Real_Dev/942,,,untranslated,
4380,Real_Dev/943,,,untranslated,
4381,Real_Dev/944,,,untranslated,
4382,Real_Dev/945,,,untranslated,
4383,Real_Dev/946,,,untranslated,
4384,Real_Dev/947,,,untranslated,
4385,Real_Dev/948,,,untranslated,
4386,Real_Dev/949,,,untranslated,
4387,Real_Dev/950,,,untranslated,
4388,Real_Dev/951,,,untranslated,
4389,Real_Dev/952,,,untranslated,
4390,Real_Dev/953,,,untranslated,
4391,Real_Dev/954,,,untranslated,
4392,Real_Dev/955,,,untranslated,
4393,Real_Dev/956,,,untranslated,
4394,Real_Dev/957,,,untranslated,
4395,Real_Dev/958,,,untranslated,
4396,Real_Dev/959,,,untranslated,
4397,Real_Dev/960,,,untranslated,
4398,Real_Dev/961,,,untranslated,
4399,Real_Dev/962,,,untranslated,
4400,Real_Dev/963,,,untranslated,
4401,Real_Dev/964,,,untranslated,
4402,Real_Dev/965,,,untranslated,
4403,Real_Dev/966,,,untranslated,
4404,Real_Dev/967,,,untranslated,
4405,Real_Dev/968,,,untranslated,
4406,Real_Dev/969,,,untranslated,
4407,Real_Dev/970,,,untranslated,
4408,Real_Dev/971,,,untranslated,
4409,Real_Dev/972,,,untranslated,
4410,Real_Dev/973,,,untranslated,
4411,Real_Dev/974,,,untranslated,
4412,Real_Dev/975,,,untranslated,
4413,Real_Dev/976,,,untranslated,
4414,Real_Dev/977,,,untranslated,
4415,Real_Dev/978,,,untranslated,
4416,Real_Dev/979,,,untranslated,
4417,Real_Dev/980,,,untranslated,
4418,Real_Dev/981,,,untranslated,
4419,Real_Dev/982,,,untranslated,
4420,Real_Dev/983,,,untranslated,
4421,Real_Dev/984,,,untranslated,
4422,Real_Dev/985,,,untranslated,
4423,Real_Dev/986,,,untranslated,
4424,Real_Dev/987,,,untranslated,
4425,Real_Dev/988,,,untranslated,
4426,Real_Dev/989,,,untranslated,
4427,Real_Dev/990,,,untranslated,
4428,Real_Dev/991,,,untranslated,
4429,Real_Dev/992,,,untranslated,
4430,Real_Dev/993,,,untranslated,
4431,Real_Dev/994,,,untranslated,
4432,Real_Dev/995,,,untranslated,
4433,Real_Dev/996,,,untranslated,
4434,Real_Dev/997,,,untranslated,
4435,Real_Dev/998,,,untranslated,
4436,Real_Dev/999,,,untranslated,
4437,DM_Ends/Finalest1,Hello! I've come to apply for a job.,สวัสดีครับ! ผมมาสมัครงาน,draft,
4438,DM_Ends/Finalest2,"Your visitor pass? And as what, if you don't mind my asking?",ขอบัตรผู้มาติดต่อด้วย แล้วจะสมัครตำแหน่งอะไรหรือ ถ้าไม่รังเกียจที่ผมถาม?,draft,
4439,DM_Ends/Finalest3,"Oh, yes, of course, here! I want to get a job here as a security guard.",อ้อ ได้ครับ นี่เลย! ผมอยากสมัครเป็นเจ้าหน้าที่รักษาความปลอดภัยที่นี่,draft,
4440,DM_Ends/Finalest4,"Ah, a fellow colleague-to-be!",อ้อ ว่าที่เพื่อนร่วมงานนี่เอง!,draft,
4441,DM_Ends/Finalest5,"Go on, good luck with the interview!",เข้าไปเลย ขอให้สัมภาษณ์ผ่านนะ!,draft,
4442,DM_Ends/Finalest6,Thank you! Have a good shift!,ขอบคุณครับ! ขอให้ทำงานราบรื่นนะครับ!,draft,
4443,DM_Ends/Zaziv,"Checkpoint staff, please proceed to the elevator",เจ้าหน้าที่ประจำด่านตรวจ โปรดไปยังลิฟต์,draft,
4444,Правила /Для Китайского и Корейского фонетическая транслитерация иероглифами.,,,untranslated,
4445,Правила /Для Японского транслитерация катаканой,,,untranslated,
4446,"Правила /Если в названии есть общипринятые термины типа Восточная, Западная, Европа, Америка и тд - Неоригинальную часть переводить, остальную транслитерировать с легкой шлифовкой по необходимости.",,,untranslated,
4447,Правила /Для Китайского и Корейского фонетическая транслитерация иероглифами.,,,untranslated,
4448,Правила /Для Японского транслитерация катаканой,,,untranslated,
4449,"Правила /Если в названии есть общипринятые термины типа Восточная, Западная, Европа, Америка и тд - Неоригинальную часть переводить, остальную транслитерировать с легкой шлифовкой по необходимости.",,,untranslated,
4450,Doc_Loc/Psionicheskiy_erit_Name,Erythrocytus Psionicus,Erythrocytus Psionicus,draft,
4451,Doc_Loc/Gribnaya_spora_Name,Spora Satanica,Spora Satanica,draft,
4452,Doc_Loc/Gribnoy_erit_Name,Erythrocytus Mycoticus,Erythrocytus Mycoticus,draft,
4453,Doc_Loc/Ognennyy_erit_Name,Erythrocytus Ignitus,Erythrocytus Ignitus,draft,
4454,Doc_Loc/Magicheskiy_kristallik_Name,Crystallus Arcanus,Crystallus Arcanus,draft,
4455,Doc_Loc/Magicheskiy_erit_Name,Erythrocytus Arcanus,Erythrocytus Arcanus,draft,
4456,Doc_Loc/Prizrak-pozhiratel_Name,Phantasma Vorax,Phantasma Vorax,draft,
4457,Doc_Loc/Pustoy_erit_Name,Erythrocytus Vacuus,Erythrocytus Vacuus,draft,
4458,Doc_Loc/List_s_zaklinaniem_Name,Folium Incantatum,Folium Incantatum,draft,
4459,Doc_Loc/Pechatnyy_erit_Name,Erythrocytus Sigillatus,Erythrocytus Sigillatus,draft,
4460,Doc_Loc/Tsifrovoy_erit_Name,Erythrocytus Digitalis,Erythrocytus Digitalis,draft,
4461,Doc_Loc/Memeticheckiy_virus_Name,Virus Memeticum,Virus Memeticum,draft,
4462,Doc_Loc/Kvadratnyy_erit_Name,Erythrocytus Quadratus,Erythrocytus Quadratus,draft,
4463,Doc_Loc/Psionicheskiy_erit_Desc,An erythrocyte infected with psionic parasitic energy,เม็ดเลือดแดงที่ติดเชื้อพลังงานปรสิตไซโอนิก,draft,
4464,Doc_Loc/Gribnaya_spora_Desc,"A fungal spore that parasitizes psionic cells. Affects the erythrocyte's eye, jamming the psionic link.",สปอร์เชื้อราที่อาศัยเป็นปรสิตในเซลล์ไซโอนิก ส่งผลต่อดวงตาของเม็ดเลือดแดงและรบกวนการเชื่อมต่อไซโอนิก,draft,
4465,Doc_Loc/Gribnoy_erit_Desc,An erythrocyte whose psi-link has been severed forever.,เม็ดเลือดแดงที่การเชื่อมต่อไซโอนิกถูกตัดขาดตลอดกาล,draft,
4466,Doc_Loc/Ognennyy_erit_Desc,Eternal flame. A harbinger.,เปลวไฟนิรันดร์ ผู้ส่งสัญญาณล่วงหน้า,draft,
4467,Doc_Loc/Magicheskiy_kristallik_Desc,A crystalline mineral of unknown origin. Surrounds erythrocytes with a protective magical field.,แร่ผลึกซึ่งไม่ทราบต้นกำเนิด ล้อมเม็ดเลือดแดงด้วยสนามเวทมนตร์ป้องกัน,draft,
4468,Doc_Loc/Magicheskiy_erit_Desc,An erythrocyte enclosed in a spherical magical field that protects against psionic infection.,เม็ดเลือดแดงภายในสนามเวทมนตร์ทรงกลมซึ่งป้องกันการติดเชื้อไซโอนิก,draft,
4469,Doc_Loc/Prizrak-pozhiratel_Desc,A minor incorporeal parasite. Passes through magical barriers and devours the contents of erythrocytes.,ปรสิตไร้กายภาพระดับต่ำ ผ่านสิ่งกีดขวางเวทมนตร์และกินสิ่งที่อยู่ภายในเม็ดเลือดแดง,draft,
4470,Doc_Loc/Pustoy_erit_Desc,A cell deprived of its spiritual particle. Sacrifices itself to protect others.,เซลล์ที่สูญเสียอนุภาควิญญาณ สละตัวเองเพื่อปกป้องเซลล์อื่น,draft,
4471,Doc_Loc/List_s_zaklinaniem_Desc,A sheet imbued with scripture. Separates psionic structures,แผ่นกระดาษที่อาบด้วยคัมภีร์ แยกโครงสร้างไซโอนิกออกจากกัน,draft,
4472,Doc_Loc/Pechatnyy_erit_Desc,"A material, anchored embodiment of the cell.",ร่างจำแลงทางวัตถุของเซลล์ซึ่งถูกตรึงไว้,draft,
4473,Doc_Loc/Tsifrovoy_erit_Desc,A digital embodiment of the cell.,ร่างจำแลงดิจิทัลของเซลล์,draft,
4474,Doc_Loc/Memeticheckiy_virus_Desc,A memetic virus capable of rewriting the structure of matter.,ไวรัสมีมที่สามารถเขียนโครงสร้างของสสารขึ้นใหม่,draft,
4475,Doc_Loc/Kvadratnyy_erit_Desc,An unnatural erythrocyte that should not exist.,เม็ดเลือดแดงผิดธรรมชาติซึ่งไม่ควรมีอยู่,draft,
4476,Hints/Tutor_099,"From time to time, the instructions will require you to check documents for symbols and marks visible only under UV light.",บางครั้งคำสั่งจะกำหนดให้ตรวจสัญลักษณ์และรอยบนเอกสารที่มองเห็นได้เฉพาะใต้แสง UV,draft,
4477,Hints/Tutor_100,You can turn it on or off using this button.,คุณเปิดหรือปิดมันได้ด้วยปุ่มนี้,draft,
4478,Hints/Tutor_101,Now hold the document in the area lit by the UV lamp.,ถือเอกสารไว้ในบริเวณที่แสงจากหลอด UV ส่องถึง,draft,
4479,Hints/Tutor_102,"There's the mark you were looking for! You know what to do. If not, check the instructions.",พบรอยที่ต้องการแล้ว! คุณรู้ว่าต้องทำอะไร ถ้าไม่รู้ ให้ตรวจคำสั่ง,draft,
4480,Hints/Tutor_103,Today you need to conduct testing using the Rorschach test.,วันนี้คุณต้องทำการทดสอบด้วยแบบทดสอบรอร์ชาค,draft,
4481,Hints/Tutor_104,Open the right drawer.,เปิดลิ้นชักด้านขวา,draft,
4482,Hints/Tutor_105,Press the stack of forms to take one.,กดกองแบบฟอร์มเพื่อหยิบหนึ่งแผ่น,draft,
4483,Hints/Tutor_106,Now drag the form onto the visitor to hand it over for them to fill out.,ตอนนี้ลากแบบฟอร์มไปยังผู้มาเยือนเพื่อส่งให้กรอก,draft,
4484,Hints/Tutor_107,"Great, the visitor has filled out and returned the form. Carefully compare their answers with the instructions and do what's required!",ดีมาก ผู้มาเยือนกรอกและส่งแบบฟอร์มคืนแล้ว เปรียบเทียบคำตอบกับคำสั่งอย่างละเอียด แล้วทำตามที่กำหนด!,draft,
4485,Hints/Tutor_108,"To carry out the express tests, you first need to take a blood sample.",ก่อนทำชุดตรวจเร่งด่วน คุณต้องเก็บตัวอย่างเลือดก่อน,draft,
4486,Hints/Tutor_109,Click on the stack of blood type rapid tests to get one of them.,กดกองชุดตรวจกรุ๊ปเลือดแบบเร่งด่วนเพื่อหยิบหนึ่งชุด,draft,
4487,Hints/Tutor_110,Now you need to apply blood to the test strip in sequence. One...,ตอนนี้หยดเลือดลงบนแถบทดสอบตามลำดับ หนึ่ง...,draft,
4488,Hints/Tutor_111,Two…,สอง…,draft,
4489,Hints/Tutor_112,Three…,สาม…,draft,
4490,Hints/Tutor_113,Now compare the result with the decoding table. Then check it against the instructions.,เปรียบเทียบผลกับตารางอ่านค่า แล้วตรวจเทียบกับคำสั่ง,draft,
4491,Hints/Tutor_114,Other rapid tests work similarly: simply add a drop of blood to the strip and compare the results with the chart. Good luck!,ชุดตรวจเร่งด่วนอื่นทำงานคล้ายกัน เพียงหยดเลือดหนึ่งหยดลงบนแถบแล้วเปรียบเทียบผลกับตาราง ขอให้โชคดี!,draft,
4492,Hints/Tutor_115,Today you need to look for a specific anomaly.,วันนี้คุณต้องค้นหาสิ่งผิดปกติชนิดที่กำหนด,draft,
4493,Hints/Tutor_116,Some anomalies are documented in the Handbook. Open the Handbook.,สิ่งผิดปกติบางชนิดมีบันทึกอยู่ในคู่มือ เปิดคู่มือ,draft,
4494,Hints/Tutor_117,Here are the bookmarks for the anomaly sections.,นี่คือที่คั่นสำหรับหมวดสิ่งผิดปกติ,draft,
4495,Hints/Tutor_118,Open the section with anomalies that appear in photographs.,เปิดหมวดสิ่งผิดปกติที่ปรากฏในภาพถ่าย,draft,
4496,Hints/Tutor_119,Select the anomaly so you know exactly what to look for.,เลือกสิ่งผิดปกติเพื่อให้รู้แน่ชัดว่าต้องค้นหาอะไร,draft,
4497,Hints/Tutor_120,Now you know what the anomaly specified in the instruction looks like.,ตอนนี้คุณรู้แล้วว่าสิ่งผิดปกติที่ระบุในคำสั่งมีลักษณะอย่างไร,draft,
4498,Hints/Tutor_121,New anomalies will appear in the Handbook over time.,สิ่งผิดปกติชนิดใหม่จะเพิ่มลงในคู่มือตามความคืบหน้า,draft,
4499,Hints/Tutor_122,Press the stack of blood-type express tests to take one,กดกองชุดตรวจกรุ๊ปเลือดแบบเร่งด่วนเพื่อหยิบหนึ่งชุด,draft,
4500,Hints/Tutor_123,#N/A,,excluded,[excluded] ค่าต้นฉบับ #N/A ไม่ใช่ข้อความสำหรับแปล
4501,Hints/Tutor_124,#N/A,,excluded,[excluded] ค่าต้นฉบับ #N/A ไม่ใช่ข้อความสำหรับแปล
4502,Hints/Tutor_125,#N/A,,excluded,[excluded] ค่าต้นฉบับ #N/A ไม่ใช่ข้อความสำหรับแปล
4503,Hints/Tutor_126,#N/A,,excluded,[excluded] ค่าต้นฉบับ #N/A ไม่ใช่ข้อความสำหรับแปล
4504,Hints/Tutor_127,#N/A,,excluded,[excluded] ค่าต้นฉบับ #N/A ไม่ใช่ข้อความสำหรับแปล
4505,Hints/Tutor_128,#N/A,,excluded,[excluded] ค่าต้นฉบับ #N/A ไม่ใช่ข้อความสำหรับแปล
4506,Hints/Tutor_129,#N/A,,excluded,[excluded] ค่าต้นฉบับ #N/A ไม่ใช่ข้อความสำหรับแปล
4507,Hints/Tutor_130,#N/A,,excluded,[excluded] ค่าต้นฉบับ #N/A ไม่ใช่ข้อความสำหรับแปล
4508,Hints/Tutor_131,#N/A,,excluded,[excluded] ค่าต้นฉบับ #N/A ไม่ใช่ข้อความสำหรับแปล
4509,Hints/Tutor_132,#N/A,,excluded,[excluded] ค่าต้นฉบับ #N/A ไม่ใช่ข้อความสำหรับแปล
4510,Hints/Tutor_133,#N/A,,excluded,[excluded] ค่าต้นฉบับ #N/A ไม่ใช่ข้อความสำหรับแปล
4511,Hints/Tutor_134,#N/A,,excluded,[excluded] ค่าต้นฉบับ #N/A ไม่ใช่ข้อความสำหรับแปล
4512,Hints/Tutor_135,#N/A,,excluded,[excluded] ค่าต้นฉบับ #N/A ไม่ใช่ข้อความสำหรับแปล
4513,Hints/Tutor_136,#N/A,,excluded,[excluded] ค่าต้นฉบับ #N/A ไม่ใช่ข้อความสำหรับแปล
4514,Hints/Tutor_137,#N/A,,excluded,[excluded] ค่าต้นฉบับ #N/A ไม่ใช่ข้อความสำหรับแปล
4515,Hints/Tutor_138,#N/A,,excluded,[excluded] ค่าต้นฉบับ #N/A ไม่ใช่ข้อความสำหรับแปล
4516,Hints/Tutor_139,#N/A,,excluded,[excluded] ค่าต้นฉบับ #N/A ไม่ใช่ข้อความสำหรับแปล
4517,Hints/Tutor_140,#N/A,,excluded,[excluded] ค่าต้นฉบับ #N/A ไม่ใช่ข้อความสำหรับแปล
4518,Hints/Tutor_141,#N/A,,excluded,[excluded] ค่าต้นฉบับ #N/A ไม่ใช่ข้อความสำหรับแปล
4519,Hints/Tutor_142,#N/A,,excluded,[excluded] ค่าต้นฉบับ #N/A ไม่ใช่ข้อความสำหรับแปล
4520,Правила /Для Китайского и Корейского фонетическая транслитерация иероглифами.,,,untranslated,
4521,Правила /Для Японского транслитерация катаканой,,,untranslated,
4522,"Правила /Если в названии есть общипринятые термины типа Восточная, Западная, Европа, Америка и тд - Неоригинальную часть переводить, остальную транслитерировать с легкой шлифовкой по необходимости.",,,untranslated,
4523,UI/ProblemBaton,Report an issue,รายงานปัญหา,draft,
4524,Doc_Loc/MicroTypeSynt,Synthetic,สังเคราะห์,draft,
4525,Doc_Loc/MicroTypeCrystal,Mineral,แร่ธาตุ,draft,
4526,Doc_Loc/MicroTypeSecret,[CLASSIFIED],[CLASSIFIED],draft,
4527,Doc_Loc/MicroTypeSwarm,Swarm,ฝูง,draft,
4528,Doc_Loc/MicroTypeMagick,Metaphysical,อภิปรัชญา,draft,
4529,Правила /Для Китайского и Корейского фонетическая транслитерация иероглифами.,,,untranslated,
4530,Правила /Для Японского транслитерация катаканой,,,untranslated,
4531,"Правила /Если в названии есть общипринятые термины типа Восточная, Западная, Европа, Америка и тд - Неоригинальную часть переводить, остальную транслитерировать с легкой шлифовкой по необходимости.",,,untranslated,
4532,UI/ErrorReport,https://form.asana.com/?k=dWB4FJtsWuPqpx-tryB04Q&d=1201277484552926,,excluded,[excluded] URL ต้องคงเดิม
4533,Правила /Для Китайского и Корейского фонетическая транслитерация иероглифами.,,,untranslated,
4534,Правила /Для Японского транслитерация катаканой,,,untranslated,
4535,"Правила /Если в названии есть общипринятые термины типа Восточная, Западная, Европа, Америка и тд - Неоригинальную часть переводить, остальную транслитерировать с легкой шлифовкой по необходимости.",,,untranslated,
4536,CoordinatorReplics/UVLight_Tutor_001,Welcome to level two,ยินดีต้อนรับสู่ระดับสอง,draft,
4537,CoordinatorReplics/UVLight_Tutor_002,Thank you,ขอบคุณ,draft,
4538,CoordinatorReplics/UVLight_Tutor_003,"Your efforts, among others, helped us avoid a pandemic.",ความพยายามของคุณและคนอื่น ๆ ช่วยให้เราหลีกเลี่ยงโรคระบาดใหญ่ได้,draft,
4539,CoordinatorReplics/UVLight_Tutor_004,I'm... very glad.,ผม... ดีใจมาก,draft,
4540,CoordinatorReplics/UVLight_Tutor_005,"However, the technologies that helped us solve the problem turned out to have, let's say, not the friendliest of owners.",อย่างไรก็ตาม เทคโนโลยีที่ช่วยเราแก้ปัญหากลับมีเจ้าของที่... จะเรียกว่าไม่เป็นมิตรก็คงได้,draft,
4541,CoordinatorReplics/UVLight_Tutor_006,"However, the ""Los Evos"" fungus, which helped us solve the problem, has mutated, and it seems we're on the verge of a zombie apocalypse.",อย่างไรก็ตาม เชื้อรา ‘Los Evos’ ที่ช่วยเราแก้ปัญหาได้กลายพันธุ์ และดูเหมือนเรากำลังอยู่ริมขอบวันสิ้นโลกของซอมบี้,draft,
4542,CoordinatorReplics/UVLight_Tutor_007,"However, the Tardifuma parasite, which helped us solve the problem, turns out to be capable of secreting a specific toxin that causes a number of mutations and severe hallucinations.",อย่างไรก็ตาม ปรสิต Tardifuma ที่ช่วยเราแก้ปัญหา สามารถหลั่งสารพิษเฉพาะที่ก่อการกลายพันธุ์หลายชนิดและภาพหลอนรุนแรง,draft,
4543,CoordinatorReplics/UVLight_Tutor_008,One thing after another! What are we supposed to do?,เรื่องหนึ่งจบ อีกเรื่องก็ตามมา! เราควรทำอย่างไร?,draft,
4544,CoordinatorReplics/UVLight_Tutor_009,As always: solve the problems one at a time.,เหมือนเช่นเคย: แก้ปัญหาไปทีละอย่าง,draft,
4545,CoordinatorReplics/UVLight_Tutor_010,We'll have to resort to certain measures of secrecy.,เราต้องใช้มาตรการรักษาความลับบางอย่าง,draft,
4546,CoordinatorReplics/UVLight_Tutor_011,"In this regard, you've been issued a UV light that can be used to detect special marks on documents. Follow the instructions.",ด้วยเหตุนี้ คุณจึงได้รับหลอด UV สำหรับตรวจรอยพิเศษบนเอกสาร จงปฏิบัติตามคำสั่ง,draft,
4547,CoordinatorReplics/UVLight_Tutor_012,"Understood, sounds simple enough...",เข้าใจแล้ว ฟังดูง่ายพอ...,draft,
4548,CoordinatorReplics/UVLight_Tutor_013,Have a good shift.,ขอให้กะนี้ราบรื่น,draft,
4549,CoordinatorReplics/Rorschach_Tutor_001,Welcome to level three,ยินดีต้อนรับสู่ระดับสาม,draft,
4550,CoordinatorReplics/Rorschach_Tutor_002,"Thanks, I guess...",ขอบคุณ... มั้ง,draft,
4551,CoordinatorReplics/Rorschach_Tutor_003,"Fortunately, we managed to solve our little zombie problem.",โชคดีที่เราจัดการปัญหาซอมบี้เล็ก ๆ ของเราได้,draft,
4552,CoordinatorReplics/Rorschach_Tutor_004,"Fortunately, we managed to see off our uninvited guests and make it clear they're not welcome here.",โชคดีที่เราส่งแขกไม่ได้รับเชิญกลับไป และทำให้ชัดเจนว่าพวกเขาไม่เป็นที่ต้อนรับ,draft,
4553,CoordinatorReplics/Rorschach_Tutor_005,"Fortunately, we managed to solve the problem of... the oversized earthworm and its small group of fans.",โชคดีที่เราจัดการปัญหา... ไส้เดือนขนาดยักษ์กับกลุ่มแฟนคลับเล็ก ๆ ของมันได้,draft,
4554,CoordinatorReplics/Rorschach_Tutor_006,"I have a feeling there's a catch this time, too...",ผมรู้สึกว่าคราวนี้ก็ต้องมีอะไรแอบแฝงอีกแน่...,draft,
4555,CoordinatorReplics/Rorschach_Tutor_007,I'm forced to confirm your suspicions.,ฉันจำเป็นต้องยืนยันข้อสงสัยของคุณ,draft,
4556,CoordinatorReplics/Rorschach_Tutor_008,"Ferrosludge, or gray goo as it's more commonly known, has displayed... some unexpected and unpleasant tendencies toward uncontrolled expansion.",Ferrosludge หรือที่รู้จักกันทั่วไปว่าเมือกสีเทา แสดง... แนวโน้มที่ไม่คาดคิดและไม่น่าพอใจในการขยายตัวอย่างควบคุมไม่ได้,draft,
4557,CoordinatorReplics/Rorschach_Tutor_009,"The AM0N system, which coordinated the cybersoldiers, unexpectedly went out of control...",ระบบ AM0N ซึ่งประสานงานทหารไซเบอร์ จู่ ๆ ก็หลุดจากการควบคุม...,draft,
4558,CoordinatorReplics/Rorschach_Tutor_010,"The nanoparticles used to breed the techno-arachnids dispersed due to an unknown effect and, it seems, have uncontrollably taken root in other animal species",อนุภาคนาโนที่ใช้เพาะแมงเทคโนโลยีกระจายตัวจากผลกระทบไม่ทราบสาเหตุ และดูเหมือนจะฝังตัวในสัตว์สายพันธุ์อื่นอย่างควบคุมไม่ได้,draft,
4559,CoordinatorReplics/Rorschach_Tutor_011,"The symbiotic fungi apparently activated some previously little-studied areas of the brain, which could soon lead to irreversible consequences for us...",ดูเหมือนเชื้อราแบบพึ่งพาอาศัยจะกระตุ้นบริเวณสมองที่ยังมีการศึกษาน้อย ซึ่งอาจนำไปสู่ผลที่ย้อนกลับไม่ได้สำหรับเราในไม่ช้า...,draft,
4560,CoordinatorReplics/Rorschach_Tutor_012,"It seems a radically minded splinter group has broken off from the staff responsible for forming the crystal golems, and their aspirations are... concerning.",ดูเหมือนกลุ่มหัวรุนแรงได้แยกตัวออกจากเจ้าหน้าที่ที่รับผิดชอบการสร้างโกเลมผลึก และความมุ่งหมายของพวกเขา... น่าเป็นห่วง,draft,
4561,CoordinatorReplics/Rorschach_Tutor_013,"There's been an unexpected reshuffle in the leadership of the Technomancer Order, as a result of which radically minded masters are now effectively in charge...",เกิดการปรับเปลี่ยนผู้นำของภาคีเทคโนแมนเซอร์อย่างไม่คาดคิด ส่งผลให้เหล่าปรมาจารย์หัวรุนแรงขึ้นควบคุมอย่างแท้จริง...,draft,
4562,CoordinatorReplics/Rorschach_Tutor_014,The new generation of necrophage locusts has some rather unexpected and unpleasant properties. Not to say threatening ones...,ตั๊กแตนกินศพรุ่นใหม่มีคุณสมบัติที่ไม่คาดคิดและไม่น่าพอใจอย่างมาก จะเรียกว่าคุกคามก็ไม่ผิด...,draft,
4563,CoordinatorReplics/Rorschach_Tutor_015,"The hacker group ""BS0Dead"" carried out a mass hack of implants, which effectively allowed them to ""hack the minds"" of 95 percent of the city's residents...",กลุ่มแฮ็กเกอร์ ‘BS0Dead’ เจาะระบบอวัยวะเสริมครั้งใหญ่ ทำให้พวกเขา ‘แฮ็กจิตใจ’ ของประชากรในเมืองได้ถึง 95 เปอร์เซ็นต์...,draft,
4564,CoordinatorReplics/Rorschach_Tutor_016,The mass installation of low-quality implants has led to an unexpected side effect on the psyche. We're basically on the verge of total anarchy...,การติดตั้งอวัยวะเสริมคุณภาพต่ำจำนวนมากส่งผลข้างเคียงต่อสภาพจิตใจอย่างไม่คาดคิด เราแทบอยู่ริมขอบภาวะอนาธิปไตยเต็มรูปแบบ...,draft,
4565,CoordinatorReplics/Rorschach_Tutor_017,What a nightmare! What are we supposed to do?,เลวร้ายจริง ๆ! เราควรทำอย่างไร?,draft,
4566,CoordinatorReplics/Rorschach_Tutor_018,"Stay calm and keep working. A special analytical device, the Machina Fatorum, is currently being prepared.",ตั้งสติและทำงานต่อไป ขณะนี้กำลังเตรียมอุปกรณ์วิเคราะห์พิเศษ Machina Fatorum,draft,
4567,CoordinatorReplics/Rorschach_Tutor_019,That sounds impressive...,ฟังดูน่าประทับใจ...,draft,
4568,CoordinatorReplics/Rorschach_Tutor_020,It is. All that's required of you is to periodically test visitors using the Rorschach test.,แน่นอน สิ่งที่คุณต้องทำมีเพียงทดสอบผู้มาเยือนด้วยแบบทดสอบรอร์ชาคเป็นระยะ,draft,
4569,CoordinatorReplics/Rorschach_Tutor_021,But I don't have skills like that...,แต่ผมไม่มีทักษะแบบนั้น...,draft,
4570,CoordinatorReplics/Rorschach_Tutor_022,Just hand them the form and check their answers against the instructions...,เพียงยื่นแบบฟอร์มให้พวกเขา แล้วตรวจคำตอบเทียบกับคำสั่ง...,draft,
4571,CoordinatorReplics/Rorschach_Tutor_023,"Well, that I can definitely handle!",ถ้าแค่นั้น ผมทำได้แน่นอน!,draft,
4572,CoordinatorReplics/Rorschach_Tutor_024,Excellent. Have a good shift.,ยอดเยี่ยม ขอให้กะนี้ราบรื่น,draft,
4573,CoordinatorReplics/Rorschach_Tutor_025,Thank you...,ขอบคุณ...,draft,
4574,CoordinatorReplics/EBloodTest_Tutor_001,Greetings!,สวัสดี!,draft,
4575,CoordinatorReplics/EBloodTest_Tutor_002,And to you as well.,เช่นกัน,draft,
4576,CoordinatorReplics/EBloodTest_Tutor_003,Your progress in the study of blood cells is simply astounding.,ความก้าวหน้าในการศึกษาเซลล์เลือดของคุณน่าทึ่งจริง ๆ,draft,
4577,CoordinatorReplics/EBloodTest_Tutor_004,Thanks... that's a rather unexpected compliment...,ขอบคุณ... เป็นคำชมที่คาดไม่ถึงจริง ๆ...,draft,
4578,CoordinatorReplics/EBloodTest_Tutor_005,"Starting today, you'll have more... opportunities to study blood.",ตั้งแต่วันนี้ คุณจะมี... โอกาสศึกษาเลือดมากขึ้น,draft,
4579,CoordinatorReplics/EBloodTest_Tutor_006,I can't say that makes me happy...,พูดไม่ได้เลยว่าผมดีใจกับเรื่องนั้น...,draft,
4580,CoordinatorReplics/EBloodTest_Tutor_007,"It's simple: the sampling procedure stays the same, you'll just need to apply drops not only to the microscope slide, but also to special test strips.",ง่ายมาก ขั้นตอนเก็บตัวอย่างยังเหมือนเดิม เพียงแต่คุณต้องหยดเลือดไม่เฉพาะบนสไลด์กล้องจุลทรรศน์ แต่บนแถบทดสอบพิเศษด้วย,draft,
4581,CoordinatorReplics/EBloodTest_Tutor_008,Doesn't sound too hard.,ฟังดูไม่ยากเกินไป,draft,
4582,CoordinatorReplics/EBloodTest_Tutor_009,Glad we can count on you. Have a good shift.,ดีใจที่เราพึ่งพาคุณได้ ขอให้กะนี้ราบรื่น,draft,
4583,CoordinatorReplics/EBloodTest_Tutor_010,Thank you...,ขอบคุณ...,draft,
4584,Правила /Для Китайского и Корейского фонетическая транслитерация иероглифами.,,,untranslated,
4585,Правила /Для Японского транслитерация катаканой,,,untranslated,
4586,"Правила /Если в названии есть общипринятые термины типа Восточная, Западная, Европа, Америка и тд - Неоригинальную часть переводить, остальную транслитерировать с легкой шлифовкой по необходимости.",,,untranslated,
4587,Правила /Для Китайского и Корейского фонетическая транслитерация иероглифами.,,,untranslated,
4588,Правила /Для Японского транслитерация катаканой,,,untranslated,
4589,"Правила /Если в названии есть общипринятые термины типа Восточная, Западная, Европа, Америка и тд - Неоригинальную часть переводить, остальную транслитерировать с легкой шлифовкой по необходимости.",,,untranslated,
4590,Правила /Для Китайского и Корейского фонетическая транслитерация иероглифами.,,,untranslated,
4591,Правила /Для Японского транслитерация катаканой,,,untranslated,
4592,"Правила /Если в названии есть общипринятые термины типа Восточная, Западная, Европа, Америка и тд - Неоригинальную часть переводить, остальную транслитерировать с легкой шлифовкой по необходимости.",,,untranslated,
4593,CoordinatorReplics/UVLight_Tutor_014,"Moreover, a kind of… community of admirers of this parasite emerged.",ยิ่งกว่านั้น ยังเกิด... ชุมชนผู้ชื่นชอบปรสิตชนิดนี้ขึ้นมา,draft,
4594,Правила /Для Китайского и Корейского фонетическая транслитерация иероглифами.,,,untranslated,
4595,Правила /Для Японского транслитерация катаканой,,,untranslated,
4596,"Правила /Если в названии есть общипринятые термины типа Восточная, Западная, Европа, Америка и тд - Неоригинальную часть переводить, остальную транслитерировать с легкой шлифовкой по необходимости.",,,untranslated,
4597,Правила /Для Китайского и Корейского фонетическая транслитерация иероглифами.,,,untranslated,
4598,Правила /Для Японского транслитерация катаканой,,,untranslated,
4599,"Правила /Если в названии есть общипринятые термины типа Восточная, Западная, Европа, Америка и тд - Неоригинальную часть переводить, остальную транслитерировать с легкой шлифовкой по необходимости.",,,untranslated,
4600,Dialogue/Conversation/168/Entry/1/Dialogue Text,"Here, take my papers and call security, quick!",นี่ เอาเอกสารฉันไปแล้วรีบเรียกเจ้าหน้าที่รักษาความปลอดภัย!,draft,
4601,Правила /Для Китайского и Корейского фонетическая транслитерация иероглифами.,,,untranslated,
4602,Правила /Для Японского транслитерация катаканой,,,untranslated,
4603,"Правила /Если в названии есть общипринятые термины типа Восточная, Западная, Европа, Америка и тд - Неоригинальную часть переводить, остальную транслитерировать с легкой шлифовкой по необходимости.",,,untranslated,
4604,Shop/Microscope_ScanTime,Scanning Speed,ความเร็วการสแกน,draft,
4605,Shop/Microscope_ScanTimeDesc,Speeds up the scanning of bacteria when analyzing microscope data.,เพิ่มความเร็วการสแกนแบคทีเรียระหว่างวิเคราะห์ข้อมูลจากกล้องจุลทรรศน์,draft,
4606,Shop/Microscope_PrintSpeed,Printing Speed,ความเร็วการพิมพ์,draft,
4607,Shop/Microscope_PrintSpeedDesc,Speeds up the printing of bacteria descriptions.,เพิ่มความเร็วการพิมพ์คำอธิบายแบคทีเรีย,draft,
4608,Правила /Для Китайского и Корейского фонетическая транслитерация иероглифами.,,,untranslated,
4609,Правила /Для Японского транслитерация катаканой,,,untranslated,
4610,"Правила /Если в названии есть общипринятые термины типа Восточная, Западная, Европа, Америка и тд - Неоригинальную часть переводить, остальную транслитерировать с легкой шлифовкой по необходимости.",,,untranslated,
4611,Hints/Tutor_121.1,You can always reference the encyclopedia to see what certain anomalies look like.,คุณเปิดสารานุกรมเพื่อดูลักษณะของสิ่งผิดปกติแต่ละชนิดได้เสมอ,draft,
4612,Правила /Для Китайского и Корейского фонетическая транслитерация иероглифами.,,,untranslated,
4613,Правила /Для Японского транслитерация катаканой,,,untranslated,
4614,"Правила /Если в названии есть общипринятые термины типа Восточная, Западная, Европа, Америка и тд - Неоригинальную часть переводить, остальную транслитерировать с легкой шлифовкой по необходимости.",,,untranslated,
4615,UI/Credits,Credits,เครดิต,draft,
4616,Правила /Для Китайского и Корейского фонетическая транслитерация иероглифами.,,,untranslated,
4617,Правила /Для Японского транслитерация катаканой,,,untranslated,
4618,"Правила /Если в названии есть общипринятые термины типа Восточная, Западная, Европа, Америка и тд - Неоригинальную часть переводить, остальную транслитерировать с легкой шлифовкой по необходимости.",,,untranslated,
4619,Credits/,#N/A,,excluded,[excluded] ค่าต้นฉบับ #N/A ไม่ใช่ข้อความสำหรับแปล
4620,Правила /Для Китайского и Корейского фонетическая транслитерация иероглифами.,,,untranslated,
4621,Правила /Для Японского транслитерация катаканой,,,untranslated,
4622,"Правила /Если в названии есть общипринятые термины типа Восточная, Западная, Европа, Америка и тд - Неоригинальную часть переводить, остальную транслитерировать с легкой шлифовкой по необходимости.",,,untranslated,
4623,Правила /Для Китайского и Корейского фонетическая транслитерация иероглифами.,,,untranslated,
4624,Правила /Для Японского транслитерация катаканой,,,untranslated,
4625,"Правила /Если в названии есть общипринятые термины типа Восточная, Западная, Европа, Америка и тд - Неоригинальную часть переводить, остальную транслитерировать с легкой шлифовкой по необходимости.",,,untranslated,
4626,Правила /Для Китайского и Корейского фонетическая транслитерация иероглифами.,,,untranslated,
4627,Правила /Для Японского транслитерация катаканой,,,untranslated,
4628,"Правила /Если в названии есть общипринятые термины типа Восточная, Западная, Европа, Америка и тд - Неоригинальную часть переводить, остальную транслитерировать с легкой шлифовкой по необходимости.",,,untranslated,
4629,Правила /Для Китайского и Корейского фонетическая транслитерация иероглифами.,,,untranslated,
4630,Правила /Для Японского транслитерация катаканой,,,untranslated,
4631,"Правила /Если в названии есть общипринятые термины типа Восточная, Западная, Европа, Америка и тд - Неоригинальную часть переводить, остальную транслитерировать с легкой шлифовкой по необходимости.",,,untranslated,
4632,UI/PrintAlreadyDone,You have already printed out the info on this organism,คุณพิมพ์ข้อมูลของสิ่งมีชีวิตนี้แล้ว,draft,
4633,Правила /Для Китайского и Корейского фонетическая транслитерация иероглифами.,,,untranslated,
4634,Правила /Для Японского транслитерация катаканой,,,untranslated,
4635,"Правила /Если в названии есть общипринятые термины типа Восточная, Западная, Европа, Америка и тд - Неоригинальную часть переводить, остальную транслитерировать с легкой шлифовкой по необходимости.",,,untranslated,
4636,Правила /Для Китайского и Корейского фонетическая транслитерация иероглифами.,,,untranslated,
4637,Правила /Для Японского транслитерация катаканой,,,untranslated,
4638,"Правила /Если в названии есть общипринятые термины типа Восточная, Западная, Европа, Америка и тд - Неоригинальную часть переводить, остальную транслитерировать с легкой шлифовкой по необходимости.",,,untranslated,
4639,Shop/Food_Curry_Name,Curry,แกงกะหรี่,draft,
4640,Shop/Food_Curry_Descr,"A spicy dish of uncertain origin. Warms the body, improves mood, and temporarily dulls the sense of danger.",อาหารรสเผ็ดที่ไม่ทราบแหล่งกำเนิดแน่ชัด ช่วยให้ร่างกายอบอุ่น อารมณ์ดีขึ้น และลดความรู้สึกถึงอันตรายชั่วคราว,draft,
4641,Shop/Food_Bento_Name,Bento,เบนโตะ,draft,
4642,Shop/Food_Bento_Descr,A compact meal set with a suspiciously neat arrangement of components. The composition is balanced and approved by the nutrition department.,ชุดอาหารขนาดกะทัดรัดที่จัดส่วนประกอบเป็นระเบียบจนน่าสงสัย มีสารอาหารสมดุลและผ่านการรับรองจากฝ่ายโภชนาการ,draft,
4643,Shop/Food_MushPie_Name,Mushroom Pie,พายเห็ด,draft,
4644,Shop/Food_MushPie_Descr,A pie with a mushroom filling. The mushrooms used passed all necessary inspections. Repeat inspections were deemed unnecessary.,พายไส้เห็ด เห็ดที่ใช้ผ่านการตรวจสอบที่จำเป็นทั้งหมดแล้ว และเห็นว่าไม่จำเป็นต้องตรวจซ้ำ,draft,
4645,Shop/Food_Kabob_Name,Monster Kebab,เคบับสัตว์ประหลาด,draft,
4646,Shop/Food_Kabob_Descr,"Meat from an unidentified creature, cooked over an open flame. Species is being determined. Does not affect the taste.",เนื้อจากสิ่งมีชีวิตไม่ทราบชนิด ย่างบนเปลวไฟ กำลังอยู่ระหว่างระบุสายพันธุ์ แต่ไม่ส่งผลต่อรสชาติ,draft,
4647,Shop/Food_HotDog_Name,Cyber Hot Dog,ฮอตดอกไซเบอร์,draft,
4648,Shop/Food_HotDog_Descr,A modified version of the classic hot dog with synthetic food components. 17% more technologically advanced than usual.,ฮอตดอกแบบดัดแปลงที่ใช้ส่วนประกอบอาหารสังเคราะห์ ล้ำหน้าทางเทคโนโลยีกว่าแบบปกติ 17%,draft,
4649,Shop/Food_Doshik_Name,Street-Style Noodles,บะหมี่สไตล์สตรีท,draft,
4650,Shop/Food_Doshik_Descr,"Noodles with vegetables and spices, prepared according to a traditional street recipe. Studies confirm: eating straight out of the box improves the taste by 23%.",บะหมี่ใส่ผักและเครื่องเทศ ปรุงตามสูตรอาหารริมทางแบบดั้งเดิม งานวิจัยยืนยันว่าการกินจากกล่องโดยตรงช่วยเพิ่มรสชาติ 23%,draft,
4651,Shop/NoStress_Game_Name,Old-School Game Cartridge,ตลับเกมยุคเก่า,draft,
4652,Shop/NoStress_Game_Descr,"A video-game cartridge of unknown release year. Effectively reduces stress and increases the frequency of the phrase ""games used to be better"".",ตลับวิดีโอเกมไม่ทราบปีที่วางจำหน่าย ช่วยลดความเครียดได้ดีและเพิ่มความถี่ในการพูดว่า ‘เกมสมัยก่อนดีกว่านี้’,draft,
4653,Shop/NoStress_Coffee_Name,Coffee,กาแฟ,draft,
4654,Shop/NoStress_Coffee_Descr,"Strong office coffee. Reduces fatigue, improves concentration, and allows you to postpone the need for sleep indefinitely.",กาแฟสำนักงานรสเข้ม ช่วยลดความเหนื่อยล้า เพิ่มสมาธิ และเลื่อนความจำเป็นในการนอนออกไปได้อย่างไม่มีกำหนด,draft,
4655,Shop/NoStress_Movie_Name,B-Movie Action Flick,หนังแอ็กชันเกรดบี,draft,
4656,Shop/NoStress_Movie_Descr,"A videotape of a low-budget action movie. Bad acting, an excessive number of explosions, and a proven therapeutic effect.",วิดีโอเทปหนังแอ็กชันทุนต่ำ การแสดงแย่ ฉากระเบิดมากเกินจำเป็น และมีผลทางการบำบัดที่พิสูจน์แล้ว,draft,
4657,Правила /Для Китайского и Корейского фонетическая транслитерация иероглифами.,,,untranslated,
4658,Правила /Для Японского транслитерация катаканой,,,untranslated,
4659,"Правила /Если в названии есть общипринятые термины типа Восточная, Западная, Европа, Америка и тд - Неоригинальную часть переводить, остальную транслитерировать с легкой шлифовкой по необходимости.",,,untranslated,
4660,Правила /Для Китайского и Корейского фонетическая транслитерация иероглифами.,,,untranslated,
4661,Правила /Для Японского транслитерация катаканой,,,untranslated,
4662,"Правила /Если в названии есть общипринятые термины типа Восточная, Западная, Европа, Америка и тд - Неоригинальную часть переводить, остальную транслитерировать с легкой шлифовкой по необходимости.",,,untranslated,
4663,Правила /Для Китайского и Корейского фонетическая транслитерация иероглифами.,,,untranslated,
4664,Правила /Для Японского транслитерация катаканой,,,untranslated,
4665,"Правила /Если в названии есть общипринятые термины типа Восточная, Западная, Европа, Америка и тд - Неоригинальную часть переводить, остальную транслитерировать с легкой шлифовкой по необходимости.",,,untranslated,
4666,Правила /Для Китайского и Корейского фонетическая транслитерация иероглифами.,,,untranslated,
4667,Правила /Для Японского транслитерация катаканой,,,untranslated,
4668,"Правила /Если в названии есть общипринятые термины типа Восточная, Западная, Европа, Америка и тд - Неоригинальную часть переводить, остальную транслитерировать с легкой шлифовкой по необходимости.",,,untranslated,
4669,Правила /Для Китайского и Корейского фонетическая транслитерация иероглифами.,,,untranslated,
4670,Правила /Для Японского транслитерация катаканой,,,untranslated,
4671,"Правила /Если в названии есть общипринятые термины типа Восточная, Западная, Европа, Америка и тд - Неоригинальную часть переводить, остальную транслитерировать с легкой шлифовкой по необходимости.",,,untranslated,
4672,Правила /Для Китайского и Корейского фонетическая транслитерация иероглифами.,,,untranslated,
4673,Правила /Для Японского транслитерация катаканой,,,untranslated,
4674,"Правила /Если в названии есть общипринятые термины типа Восточная, Западная, Европа, Америка и тд - Неоригинальную часть переводить, остальную транслитерировать с легкой шлифовкой по необходимости.",,,untranslated,
4675,Правила /Для Китайского и Корейского фонетическая транслитерация иероглифами.,,,untranslated,
4676,Правила /Для Японского транслитерация катаканой,,,untranslated,
4677,"Правила /Если в названии есть общипринятые термины типа Восточная, Западная, Европа, Америка и тд - Неоригинальную часть переводить, остальную транслитерировать с легкой шлифовкой по необходимости.",,,untranslated,
4678,UI/EndDayGame,Finish shift,จบกะ,draft,
4679,Правила /Для Китайского и Корейского фонетическая транслитерация иероглифами.,,,untranslated,
4680,Правила /Для Японского транслитерация катаканой,,,untranslated,
4681,"Правила /Если в названии есть общипринятые термины типа Восточная, Западная, Европа, Америка и тд - Неоригинальную часть переводить, остальную транслитерировать с легкой шлифовкой по необходимости.",,,untranslated,
4682,Правила /Для Китайского и Корейского фонетическая транслитерация иероглифами.,,,untranslated,
4683,Правила /Для Японского транслитерация катаканой,,,untranslated,
4684,"Правила /Если в названии есть общипринятые термины типа Восточная, Западная, Европа, Америка и тд - Неоригинальную часть переводить, остальную транслитерировать с легкой шлифовкой по необходимости.",,,untranslated,
4685,Правила /Для Китайского и Корейского фонетическая транслитерация иероглифами.,,,untranslated,
4686,Правила /Для Японского транслитерация катаканой,,,untranslated,
4687,"Правила /Если в названии есть общипринятые термины типа Восточная, Западная, Европа, Америка и тд - Неоригинальную часть переводить, остальную транслитерировать с легкой шлифовкой по необходимости.",,,untranslated,
4688,Events_For_Stats/16_Event_MonsterMetaMorph,Saving on pest control,ประหยัดค่ากำจัดสัตว์รบกวน,draft,
4689,Events_For_Stats/58_Event_Mushroom,Unplanned expenses on flammable materials,ค่าใช้จ่ายวัสดุไวไฟที่ไม่ได้วางแผนไว้,draft,
4690,Events_For_Stats/60_Event_HeadBomb,Stepladder rented for washing the scattered thoughts off the ceiling,ค่าเช่าบันไดพับสำหรับล้างเศษความคิดที่กระจายอยู่บนเพดาน,draft,
4691,Events_For_Stats/62_Event_SharpBones,Several body bags ripped,ถุงบรรจุศพฉีกขาดหลายใบ,draft,
4692,Events_For_Stats/63_Event_TotalRecall,Terminated employee successfully located,ค้นหาพนักงานที่ถูกเลิกจ้างสำเร็จ,draft,
4693,Events_For_Stats/66_Event_PetrificationEvent,Mineral rocks transported manually,ขนย้ายหินแร่ด้วยแรงงานคน,draft,
4694,Events_For_Stats/73_Event_Volvox,Microorganisms collected with an industrial vacuum cleaner,เก็บจุลชีพด้วยเครื่องดูดฝุ่นอุตสาหกรรม,draft,
4695,Events_For_Stats/75_Event_TrainA,Worn floorboards replaced,เปลี่ยนแผ่นพื้นไม้ที่สึกหรอ,draft,
4696,Events_For_Stats/76_Dwarfs_Captured,Multilayer disguise exposed (2 intruders),เปิดโปงการปลอมตัวหลายชั้น (ผู้บุกรุก 2 คน),draft,
4697,Events_For_Stats/77_Dwarfs_Approved,Extra portions missing from the cafeteria,อาหารส่วนเกินหายไปจากโรงอาหาร,draft,
4698,Events_For_Stats/79_Event_Venom,Unauthorized change of uniform at checkpoint,เปลี่ยนเครื่องแบบที่จุดตรวจโดยไม่ได้รับอนุญาต,draft,
4699,Events_For_Stats/85_Event_BloodTakenObjHit_Fungus,Industrial fungicides wasted in the workplace,สิ้นเปลืองสารกำจัดเชื้อราอุตสาหกรรมในสถานที่ทำงาน,draft,
4700,Events_For_Stats/86_Event_BloodTakenObjHit_Parasite,Unplanned removal of an overgrown parasite,กำจัดปรสิตที่เติบโตเกินขนาดโดยไม่ได้วางแผน,draft,
4701,Events_For_Stats/87_Event_BloodTakenObjHit_AlienTech,Cosmetic repairs of the crater in the workplace,ซ่อมแซมหลุมอุกกาบาตในสถานที่ทำงานเพื่อความสวยงาม,draft,
4702,Events_For_Stats/98_Event_CryingAngel,Payment to movers for transporting the object (strictly without blinking),ค่าจ้างคนขนย้ายวัตถุ (ห้ามกะพริบตาโดยเด็ดขาด),draft,
4703,Events_For_Stats/99_Event_Onryo,Overtime payment for an exorcist cleaner,ค่าล่วงเวลาสำหรับพนักงานทำความสะอาดผู้ขับไล่วิญญาณ,draft,
4704,Правила /Для Китайского и Корейского фонетическая транслитерация иероглифами.,,,untranslated,
4705,Правила /Для Японского транслитерация катаканой,,,untranslated,
4706,"Правила /Если в названии есть общипринятые термины типа Восточная, Западная, Европа, Америка и тд - Неоригинальную часть переводить, остальную транслитерировать с легкой шлифовкой по необходимости.",,,untranslated,
4707,Правила /Для Китайского и Корейского фонетическая транслитерация иероглифами.,,,untranslated,
4708,Правила /Для Японского транслитерация катаканой,,,untranslated,
4709,"Правила /Если в названии есть общипринятые термины типа Восточная, Западная, Европа, Америка и тд - Неоригинальную часть переводить, остальную транслитерировать с легкой шлифовкой по необходимости.",,,untranslated,
4710,Правила /Для Китайского и Корейского фонетическая транслитерация иероглифами.,,,untranslated,
4711,Правила /Для Японского транслитерация катаканой,,,untranslated,
4712,"Правила /Если в названии есть общипринятые термины типа Восточная, Западная, Европа, Америка и тд - Неоригинальную часть переводить, остальную транслитерировать с легкой шлифовкой по необходимости.",,,untranslated,
4713,Правила /Для Китайского и Корейского фонетическая транслитерация иероглифами.,,,untranslated,
4714,Правила /Для Японского транслитерация катаканой,,,untranslated,
4715,"Правила /Если в названии есть общипринятые термины типа Восточная, Западная, Европа, Америка и тд - Неоригинальную часть переводить, остальную транслитерировать с легкой шлифовкой по необходимости.",,,untranslated,
4716,UI/RestartMapDay,You cannot start this day over because there are no free branches. Please delete unnecessary branches to restart the day.,ไม่สามารถเริ่มวันนี้ใหม่ได้เนื่องจากไม่มีเส้นทางว่าง โปรดลบเส้นทางที่ไม่จำเป็นก่อนเริ่มวันนี้ใหม่,draft,
4717,UI/MapResetAccept1_2,"Warning! Starting this day over will result in a COMPLETE RESET of what you've done after the beginning of the day! ALL progress made after that mark will be DELETED!
Are you SURE?","คำเตือน! การเริ่มวันนี้ใหม่จะล้างสิ่งที่คุณทำหลังจากเริ่มวันนี้โดยสมบูรณ์! ความคืบหน้าทั้งหมดหลังจุดนั้นจะถูกลบ!
แน่ใจจริง ๆ หรือไม่?",draft,
4718,Правила /Для Китайского и Корейского фонетическая транслитерация иероглифами.,,,untranslated,
4719,Правила /Для Японского транслитерация катаканой,,,untranslated,
4720,"Правила /Если в названии есть общипринятые термины типа Восточная, Западная, Европа, Америка и тд - Неоригинальную часть переводить, остальную транслитерировать с легкой шлифовкой по необходимости.",,,untranslated,
4721,UI/HintIsolator,"The number of experiments
determines the effectiveness of city operations.","จำนวนการทดลอง
กำหนดประสิทธิภาพของปฏิบัติการในเมือง",draft,
4722,UI/HintCity,Select one pathogen and maximize its percentage.,เลือกเชื้อก่อโรคหนึ่งชนิดและเพิ่มเปอร์เซ็นต์ให้สูงสุด,draft,
4723,Правила /Для Китайского и Корейского фонетическая транслитерация иероглифами.,,,untranslated,
4724,Правила /Для Японского транслитерация катаканой,,,untranslated,
4725,"Правила /Если в названии есть общипринятые термины типа Восточная, Западная, Европа, Америка и тд - Неоригинальную часть переводить, остальную транслитерировать с легкой шлифовкой по необходимости.",,,untranslated,
4726,Правила /Для Китайского и Корейского фонетическая транслитерация иероглифами.,,,untranslated,
4727,Правила /Для Японского транслитерация катаканой,,,untranslated,
4728,"Правила /Если в названии есть общипринятые термины типа Восточная, Западная, Европа, Америка и тд - Неоригинальную часть переводить, остальную транслитерировать с легкой шлифовкой по необходимости.",,,untranslated,
4729,Правила /Для Китайского и Корейского фонетическая транслитерация иероглифами.,,,untranslated,
4730,Правила /Для Японского транслитерация катаканой,,,untranslated,
4731,"Правила /Если в названии есть общипринятые термины типа Восточная, Западная, Европа, Америка и тд - Неоригинальную часть переводить, остальную транслитерировать с легкой шлифовкой по необходимости.",,,untranslated,
4732,Правила /Для Китайского и Корейского фонетическая транслитерация иероглифами.,,,untranslated,
4733,Правила /Для Японского транслитерация катаканой,,,untranslated,
4734,"Правила /Если в названии есть общипринятые термины типа Восточная, Западная, Европа, Америка и тд - Неоригинальную часть переводить, остальную транслитерировать с легкой шлифовкой по необходимости.",,,untranslated,
4735,Правила /Для Китайского и Корейского фонетическая транслитерация иероглифами.,,,untranslated,
4736,Правила /Для Японского транслитерация катаканой,,,untranslated,
4737,"Правила /Если в названии есть общипринятые термины типа Восточная, Западная, Европа, Америка и тд - Неоригинальную часть переводить, остальную транслитерировать с легкой шлифовкой по необходимости.",,,untranslated,
4738,Dialogue/Conversation/171/Entry/1/Dialogue Text,Noice!,แจ่ม!,draft,
4739,Hints/Tutor_098.1,This fingerprint does not belong to the visitor. Please take action according to the instructions.,ลายนิ้วมือนี้ไม่ใช่ของผู้มาเยือน โปรดดำเนินการตามคำสั่ง,draft,
4740,NewsAndReports/ResearchProgressHeader,The data obtained during the experiment allowed us to progress towards a solution to the current issue:,ข้อมูลที่ได้รับระหว่างการทดลองช่วยให้เราคืบหน้าในการแก้ปัญหาปัจจุบัน:,draft,
4741,Правила /Для Китайского и Корейского фонетическая транслитерация иероглифами.,,,untranslated,
4742,Правила /Для Японского транслитерация катаканой,,,untranslated,
4743,"Правила /Если в названии есть общипринятые термины типа Восточная, Западная, Европа, Америка и тд - Неоригинальную часть переводить, остальную транслитерировать с легкой шлифовкой по необходимости.",,,untranslated,
4744,UI/SavesGraphHint,Tip: This is the best day to choose a different solution to a problem. The ending you receive is determined by the solution with the highest percentage in city operations.,คำแนะนำ: วันนี้เหมาะที่สุดที่จะเลือกวิธีแก้ปัญหาแบบอื่น ตอนจบที่ได้รับจะขึ้นอยู่กับวิธีแก้ที่มีเปอร์เซ็นต์สูงสุดในปฏิบัติการในเมือง,draft,
4745,Правила /Для Китайского и Корейского фонетическая транслитерация иероглифами.,,,untranslated,
4746,Правила /Для Японского транслитерация катаканой,,,untranslated,
4747,"Правила /Если в названии есть общипринятые термины типа Восточная, Западная, Европа, Америка и тд - Неоригинальную часть переводить, остальную транслитерировать с легкой шлифовкой по необходимости.",,,untranslated,
4748,Правила /Для Китайского и Корейского фонетическая транслитерация иероглифами.,,,untranslated,
4749,Правила /Для Японского транслитерация катаканой,,,untranslated,
4750,"Правила /Если в названии есть общипринятые термины типа Восточная, Западная, Европа, Америка и тд - Неоригинальную часть переводить, остальную транслитерировать с легкой шлифовкой по необходимости.",,,untranslated,
4751,Правила /Для Китайского и Корейского фонетическая транслитерация иероглифами.,,,untranslated,
4752,Правила /Для Японского транслитерация катаканой,,,untranslated,
4753,"Правила /Если в названии есть общипринятые термины типа Восточная, Западная, Европа, Америка и тд - Неоригинальную часть переводить, остальную транслитерировать с легкой шлифовкой по необходимости.",,,untranslated,
4754,Правила /Для Китайского и Корейского фонетическая транслитерация иероглифами.,,,untranslated,
4755,Правила /Для Японского транслитерация катаканой,,,untranslated,
4756,"Правила /Если в названии есть общипринятые термины типа Восточная, Западная, Европа, Америка и тд - Неоригинальную часть переводить, остальную транслитерировать с легкой шлифовкой по необходимости.",,,untranslated,
4757,Правила /Для Китайского и Корейского фонетическая транслитерация иероглифами.,,,untranslated,
4758,Правила /Для Японского транслитерация катаканой,,,untranslated,
4759,"Правила /Если в названии есть общипринятые термины типа Восточная, Западная, Европа, Америка и тд - Неоригинальную часть переводить, остальную транслитерировать с легкой шлифовкой по необходимости.",,,untranslated,
4760,Правила /Для Китайского и Корейского фонетическая транслитерация иероглифами.,,,untranslated,
4761,Правила /Для Японского транслитерация катаканой,,,untranslated,
4762,"Правила /Если в названии есть общипринятые термины типа Восточная, Западная, Европа, Америка и тд - Неоригинальную часть переводить, остальную транслитерировать с легкой шлифовкой по необходимости.",,,untranslated,
4763,UI/DiffChoice,Select difficulty:,เลือกระดับความยาก:,draft,
4764,UI/DiffEasy,Easy,ง่าย,draft,
4765,UI/DiffNormal,Normal,ปกติ,draft,
4766,UI/DiffHard,Hard,ยาก,draft,
4767,UI/DiffEasyTooltip,"For those who want to play at their own pace:
- Timer off
- Reduced penalties for mistakes","สำหรับผู้ที่ต้องการเล่นตามจังหวะของตนเอง:
- ปิดตัวจับเวลา
- ลดบทลงโทษจากข้อผิดพลาด",draft,
4768,UI/DiffNormalTooltip,"The standard experience:
- Timer on, but with plenty of time
- Standard penalties for mistakes","ประสบการณ์มาตรฐาน:
- เปิดตัวจับเวลา แต่มีเวลาให้อย่างเพียงพอ
- บทลงโทษจากข้อผิดพลาดระดับมาตรฐาน",draft,
4769,UI/DiffHardTooltip,"For those who don't get enough challenge in real life:
- Timer sped up
- Significantly higher penalties for mistakes (including sanity loss)","สำหรับผู้ที่ชีวิตจริงยังท้าทายไม่พอ:
- ตัวจับเวลาเดินเร็วขึ้น
- เพิ่มบทลงโทษจากข้อผิดพลาดอย่างมาก (รวมถึงการสูญเสียสติ)",draft,
4770,Правила /Для Китайского и Корейского фонетическая транслитерация иероглифами.,,,untranslated,
4771,Правила /Для Японского транслитерация катаканой,,,untranslated,
4772,"Правила /Если в названии есть общипринятые термины типа Восточная, Западная, Европа, Америка и тд - Неоригинальную часть переводить, остальную транслитерировать с легкой шлифовкой по необходимости.",,,untranslated,
4773,UI/DiffWarning,"Difficulty cannot be changed once the game has started. To change it, you'll have to start a new game.
Are you absolutely sure?","ไม่สามารถเปลี่ยนระดับความยากหลังเริ่มเกมแล้ว หากต้องการเปลี่ยน คุณต้องเริ่มเกมใหม่
แน่ใจจริง ๆ หรือไม่?",draft,
4774,NewsAndReports/StrangeNoteTest1,#N/A,,excluded,[excluded] ค่าต้นฉบับ #N/A ไม่ใช่ข้อความสำหรับแปล
4775,NewsAndReports/StrangeNoteTest2,#N/A,,excluded,[excluded] ค่าต้นฉบับ #N/A ไม่ใช่ข้อความสำหรับแปล
4776,Правила /Для Китайского и Корейского фонетическая транслитерация иероглифами.,,,untranslated,
4777,Правила /Для Японского транслитерация катаканой,,,untranslated,
4778,"Правила /Если в названии есть общипринятые термины типа Восточная, Западная, Европа, Америка и тд - Неоригинальную часть переводить, остальную транслитерировать с легкой шлифовкой по необходимости.",,,untranslated,
4779,UI/HelpTooltip,Help,ช่วยเหลือ,draft,
4780,UI/HelpIsolator,"The isolation ward is where you run experiments that advance your research into the anomalies. An experiment takes one day.
Current progress is shown on the bars in the bottom right corner of the screen.
The further your research into an anomaly progresses, the more city operations you unlock that use that anomaly to solve the problem.
Experiments vary in how effectively they advance research into each anomaly. The only way to find out is by scientific trial and error.
In some cases, a large concentration of anomalies of the same type combined with a particular experiment can lead to unforeseen consequences that set off the alarm in the isolation ward.
If the alarm goes off, the isolation ward is closed to you for one day.
The experiments you run also affect the subjects' mood. A subject under severe stress may take their own life or trigger a large-scale event that sets off the alarm.
The isolation ward's capacity is limited. You can increase it with upgrades bought at the end of a shift.
Any character held in the isolation ward can be released or eliminated. To do so, select them and press the corresponding button.
You can also purge the isolation ward entirely with the red button in the bottom left corner of the screen.","ห้องแยกกักเป็นสถานที่ทำการทดลองเพื่อพัฒนางานวิจัยสิ่งผิดปกติ การทดลองหนึ่งครั้งใช้เวลาหนึ่งวัน
ความคืบหน้าปัจจุบันแสดงบนแถบที่มุมขวาล่างของหน้าจอ
ยิ่งวิจัยสิ่งผิดปกติคืบหน้ามากเท่าไร คุณจะยิ่งปลดล็อกปฏิบัติการในเมืองที่ใช้สิ่งผิดปกตินั้นแก้ปัญหาได้มากขึ้น
การทดลองแต่ละแบบช่วยให้งานวิจัยสิ่งผิดปกติแต่ละชนิดคืบหน้าไม่เท่ากัน วิธีเดียวที่จะรู้ผลคือทดลองตามกระบวนการทางวิทยาศาสตร์
ในบางกรณี สิ่งผิดปกติชนิดเดียวกันที่มีความเข้มข้นสูง เมื่อใช้ร่วมกับการทดลองบางอย่าง อาจก่อผลลัพธ์ที่คาดไม่ถึงและทำให้สัญญาณเตือนในห้องแยกกักดังขึ้น
หากสัญญาณเตือนดัง คุณจะไม่สามารถใช้ห้องแยกกักได้เป็นเวลาหนึ่งวัน
การทดลองยังส่งผลต่อสภาพจิตใจของผู้ถูกทดลอง ผู้ที่มีความเครียดรุนแรงอาจปลิดชีวิตตนเองหรือก่อเหตุการณ์ขนาดใหญ่จนสัญญาณเตือนดัง
ห้องแยกกักมีความจุจำกัด คุณสามารถเพิ่มความจุด้วยอัปเกรดที่ซื้อเมื่อจบกะ
ตัวละครทุกคนในห้องแยกกักสามารถถูกปล่อยตัวหรือกำจัดได้ โดยเลือกตัวละครแล้วกดปุ่มคำสั่งที่เกี่ยวข้อง
คุณยังสามารถกวาดล้างห้องแยกกักทั้งหมดด้วยปุ่มสีแดงที่มุมซ้ายล่างของหน้าจอ",draft,
4781,UI/HelpCity,"Green icons mark potential solutions.
If the problem bar (the red one) reaches the skull marker, you lose.
In this mode, your task is to run operations in the city, building up the solution percentage and driving the problem percentage down to zero.
The green bar shows the combined percentage of all potential solutions.
Together, the bars show the tug of war between the problem and the potential solutions. The problem and solution percentages can never add up to more than 100%, so over time they push each other out (solutions take percentage away from the problem, and vice versa).
The winning solution is the one with the highest percentage at the moment the problem is fully eliminated.
Early operations are not very effective, so you need to run experiments on the subjects in the isolation ward to unlock new, specialized, more effective ones.
Tip: The most effective strategy is to focus on one specific solution, both in the isolation ward and in city operations.","ไอคอนสีเขียวแสดงวิธีแก้ปัญหาที่เป็นไปได้
หากแถบปัญหา (สีแดง) ไปถึงเครื่องหมายหัวกะโหลก คุณจะแพ้
ในโหมดนี้ คุณต้องดำเนินปฏิบัติการในเมืองเพื่อเพิ่มเปอร์เซ็นต์ของวิธีแก้ และลดเปอร์เซ็นต์ของปัญหาให้เหลือศูนย์
แถบสีเขียวแสดงเปอร์เซ็นต์รวมของวิธีแก้ที่เป็นไปได้ทั้งหมด
แถบทั้งสองแสดงการช่วงชิงกันระหว่างปัญหากับวิธีแก้ ผลรวมของเปอร์เซ็นต์ปัญหาและวิธีแก้จะไม่เกิน 100% ดังนั้นทั้งสองฝ่ายจะค่อย ๆ เบียดกันออกไป (วิธีแก้ลดเปอร์เซ็นต์ของปัญหา และปัญหาก็ลดเปอร์เซ็นต์ของวิธีแก้เช่นกัน)
วิธีแก้ที่ชนะคือวิธีที่มีเปอร์เซ็นต์สูงที่สุดในขณะที่ปัญหาถูกกำจัดจนหมด
ปฏิบัติการช่วงแรกมีประสิทธิภาพไม่สูง คุณจึงต้องทดลองกับผู้ถูกทดลองในห้องแยกกักเพื่อปลดล็อกปฏิบัติการแบบใหม่ที่เฉพาะทางและมีประสิทธิภาพมากขึ้น
คำแนะนำ: กลยุทธ์ที่มีประสิทธิภาพที่สุดคือมุ่งเน้นวิธีแก้เพียงชนิดเดียว ทั้งในการทดลองในห้องแยกกักและการทำปฏิบัติการในเมือง",draft,
4782,UI/HelpBranches,,,untranslated,
4783,Правила /Для Китайского и Корейского фонетическая транслитерация иероглифами.,,,untranslated,
4784,Правила /Для Японского транслитерация катаканой,,,untranslated,
4785,"Правила /Если в названии есть общипринятые термины типа Восточная, Западная, Европа, Америка и тд - Неоригинальную часть переводить, остальную транслитерировать с легкой шлифовкой по необходимости.",,,untranslated,
4786,Правила /Для Китайского и Корейского фонетическая транслитерация иероглифами.,,,untranslated,
4787,Правила /Для Японского транслитерация катаканой,,,untranslated,
4788,"Правила /Если в названии есть общипринятые термины типа Восточная, Западная, Европа, Америка и тд - Неоригинальную часть переводить, остальную транслитерировать с легкой шлифовкой по необходимости.",,,untranslated,
4789,UI/Perfect,PERFECT,สมบูรณ์แบบ,draft,
4790,Правила /Для Китайского и Корейского фонетическая транслитерация иероглифами.,,,untranslated,
4791,Правила /Для Японского транслитерация катаканой,,,untranslated,
4792,"Правила /Если в названии есть общипринятые термины типа Восточная, Западная, Европа, Америка и тд - Неоригинальную часть переводить, остальную транслитерировать с легкой шлифовкой по необходимости.",,,untranslated,
4793,Правила /Для Китайского и Корейского фонетическая транслитерация иероглифами.,,,untranslated,
4794,Правила /Для Японского транслитерация катаканой,,,untranslated,
4795,"Правила /Если в названии есть общипринятые термины типа Восточная, Западная, Европа, Америка и тд - Неоригинальную часть переводить, остальную транслитерировать с легкой шлифовкой по необходимости.",,,untranslated,
4796,Правила /Для Китайского и Корейского фонетическая транслитерация иероглифами.,,,untranslated,
4797,Правила /Для Японского транслитерация катаканой,,,untranslated,
4798,"Правила /Если в названии есть общипринятые термины типа Восточная, Западная, Европа, Америка и тд - Неоригинальную часть переводить, остальную транслитерировать с легкой шлифовкой по необходимости.",,,untranslated,
4799,Story_Dial/,,,untranslated,
4800,Story_Dial/Six/Meet1/1,,เฮ้อ… สวัสดี ไม่ต้องตรวจก็ได้ ฉันสะอาด,draft,
4801,Story_Dial/Six/Meet1/2,,ถ้าผมเชื่อทุกคำที่ทุกคนพูด คงถูกไล่ออกไปนานแล้ว,draft,
4802,Story_Dial/Six/Meet1/3,,ถูกไล่ออกก็ไม่เห็นมีอะไรเปลี่ยน,draft,
4803,Story_Dial/Six/Meet1/4,,ผมจะตกงาน และผมต้องกินข้าว เห็นราคาของสมัยนี้ไหม?,draft,
4804,Story_Dial/Six/Meet1/5,,เฮ้อ… เหตุผลที่เดาได้ชัดเจน คิดว่าตัวเองมีความสำคัญหรือ? นั่งอยู่ตรงนี้แล้วคิดว่าจะเปลี่ยนอะไรได้?,draft,
4805,Story_Dial/Six/Meet1/6,,อย่างน้อยผมเปลี่ยนชีวิตตัวเองได้ แค่นั้นก็เพียงพอแล้ว,draft,
4806,Story_Dial/Six/Meet1/7,,เราเคยพบกันมาก่อนหรือเปล่า? ช่างเถอะ มันไม่ส่งผลต่อผลลัพธ์,draft,
4807,Story_Dial/Six/Meet1/8,,หมดไฟหรือไง? น่าจะนัดพบจิตแพทย์นะ ก่อนอาการจะหนักกว่านี้,draft,
4808,Story_Dial/Six/Meet1/9,,ช่างเป็นปฏิกิริยาที่ไร้เดียงสาและคาดเดาได้…,draft,
4809,Story_Dial/Six/Meet1/10,,เธอก็เหมือนกัน,draft,
4810,Story_Dial/Six/Bye1/1,,แล้วพบกัน ทำงานไร้ความหมายของนายต่อไปเถอะ,draft,
4811,Story_Dial/Six/Meet2/1,,ยังวุ่นอยู่กับกระดาษและเครื่องสแกนอีกหรือ?,draft,
4812,Story_Dial/Six/Meet2/2,,ใช่! และอย่างที่เห็น ผมทำได้ยอดเยี่ยม,draft,
4813,Story_Dial/Six/Meet2/3,,แน่นอน แต่… ทำไปทำไม?,draft,
4814,Story_Dial/Six/Meet2/4,,เพื่อมีชีวิตอยู่!,draft,
4815,Story_Dial/Six/Meet2/5,,แค่นั้นหรือ? หรือมีแรงจูงใจอื่นแล้ว? ไม่สำคัญหรอก,draft,
4816,Story_Dial/Six/Meet2/6,,ผมไม่เข้าใจจริง ๆ ว่าใครยังจ้างพนักงานเฉื่อยชาแบบนี้ เธอทำงานอะไรที่นี่กันแน่?,draft,
4817,Story_Dial/Six/Meet2/7,,ผู้สังเกตการณ์อิสระ ใช้ชื่อเรียกขานว่า ‘ซิกซ์’ ถ้าสะดวกกว่า ตอนนี้ฉันมีความหมายสำหรับนายหรือยัง? ถึงอย่างไรสักวันก็ต้องมี,draft,
4818,Story_Dial/Six/Meet2/8,,เฮ้อ… มองอย่างไรเธอก็แปลกอยู่ดี,draft,
4819,Story_Dial/Six/Meet2/9,,จักรวาลประกอบด้วยชุดความเป็นไปได้นับไม่ถ้วน ฉันเป็นเพียงหนึ่งในชุดที่หายาก ไม่มีอะไรแปลก,draft,
4820,Story_Dial/Six/Meet2/10,,โอ๊ย เธอทำผมเหนื่อยจริง ๆ,draft,
4821,Story_Dial/Six/Bye2/1,,เอาล่ะ ไปได้แล้ว นักปรัชญาผู้เฉื่อยชา,draft,
4822,Story_Dial/Six/Bye2/2,,แน่นอน แล้วพบกันเร็ว ๆ นี้…,draft,
4823,Story_Dial/Six/Meet3/1,,เคยคิดไหมว่าโรคลึกลับนี้มาจากไหน?,draft,
4824,Story_Dial/Six/Meet3/2,,อ้อ สวัสดี ไม่ค่อยได้คิด โรคเกิดขึ้นมาเสมอ ดูเป็นเรื่องธรรมชาติ,draft,
4825,Story_Dial/Six/Meet3/3,,หรือเธอค้นพบอะไรแล้ว?,draft,
4826,Story_Dial/Six/Meet3/4,,เปล่า แค่อยากรู้ความเห็นของนาย เพียง… ลองคิดดูสักครั้งว่ามนุษยชาติเป็นหนี้โรคภัยมากมายแค่ไหน,draft,
4827,Story_Dial/Six/Meet3/5,,ภูมิคุ้มกันหรือ?,draft,
4828,Story_Dial/Six/Meet3/6,,รก,draft,
4829,Story_Dial/Six/Meet3/7,,อะไรนะ?,draft,
4830,Story_Dial/Six/Meet3/8,,ถ้าอยากรู้ก็ไปหาเอง ฉันเหนื่อยแล้ว เริ่มตรวจเถอะ,draft,
4831,Story_Dial/Six/Bye3/1,,อีกไม่นานเราจะพบกันใหม่ ในสถานการณ์ที่ต่างออกไป,draft,
4832,Story_Dial/Six/MeetInv1/1,,น่าขัน มนุษย์เชื่อมาตลอดประวัติศาสตร์ว่าจะมีความช่วยเหลือมาจากฟากฟ้า…,draft,
4833,Story_Dial/Six/MeetInv1/2,,นั่นสิ ทั้งที่ทุกอย่างกำลังไปได้ดีแท้ ๆ…,draft,
4834,Story_Dial/Six/MeetInv1/3,,ใช้สิ่งที่ไม่เข้าใจเพื่อกำจัดสิ่งที่ไม่เข้าใจ… ช่างเป็นจุดสูงสุดแห่งเหตุผล,draft,
4835,Story_Dial/Six/MeetInv1/4,,แล้วเธอรู้ทางเลือกที่ดีกว่าหรือ? ถ้าฉลาดนักก็ช่วยสิ!,draft,
4836,Story_Dial/Six/MeetInv1/5,,คำถามไม่ใช่ว่าฉันจะช่วยหรือไม่ แต่คือฉันจะช่วยใคร,draft,
4837,Story_Dial/Six/MeetInv1/6,,อะไรนะ… ก็ต้องช่วยพวกเราสิ!,draft,
4838,Story_Dial/Six/MeetInv1/7,,แล้ว ‘พวกเรา’ ยังหมายถึงมนุษย์อยู่หรือ? ไม่ต้องตอบก็ได้ ฉันไม่เห็นความหมายของการแทรกแซง,draft,
4839,Story_Dial/Six/MeetInv1/8,,มีทัศนคติแบบนี้ เธอโดนไล่ออกแน่!,draft,
4840,Story_Dial/Six/MeetInv1/9,,แต่อย่างที่เห็น ฉันยังอยู่ที่นี่ แปลว่าถึงเวลาที่นายต้องเริ่มทำงานแล้ว,draft,
4841,Story_Dial/Six/ByeInv1/1,,บอกแล้ว เดี๋ยวก็โดนไล่ออก!,draft,
4842,Story_Dial/Six/ByeInv1/2,,ไม่ถูกไล่หรอก เพราะมันไม่ส่งผล…,draft,
4843,Story_Dial/Six/MeetInv2/1,,เห็นไหม ไม่ได้ถูกไล่ออก บอกแล้ว,draft,
4844,Story_Dial/Six/MeetInv2/2,,มั่นใจเหลือเกินนะ,draft,
4845,Story_Dial/Six/MeetInv2/3,,ไม่ได้มั่นใจโดยไร้เหตุผล คราวนี้มีแผนอะไร?,draft,
4846,Story_Dial/Six/MeetInv2/4,,จัดการปัญหา,draft,
4847,Story_Dial/Six/MeetInv2/5,,เฮ้อ… มนุษย์มีปัญหาอยู่ตลอด รู้สึกว่ามนุษย์สร้างปัญหาให้ชีวิตมากกว่าสร้างทางแก้,draft,
4848,Story_Dial/Six/MeetInv2/6,,แล้วชีวิตเธอไม่มีปัญหาเลยหรือ?,draft,
4849,Story_Dial/Six/MeetInv2/7,,ฉัน… อืม…,draft,
4850,Story_Dial/Six/MeetInv2/8,,เริ่มตรวจได้แล้ว,draft,
4851,Story_Dial/Six/ByeInv2/1,,รู้ไหม… ฉันไม่คิดว่าอยากแก้ปัญหาของตัวเอง แต่… ขอบคุณที่ถาม,draft,
4852,Story_Dial/Six/ByeInv2/2,,เอ่อ… ไม่เป็นไร?,draft,
4853,Story_Dial/Six/MeetInv3/1,,เฮ้อ… ตรวจอีกแล้ว คิดว่ามันมีความหมายหรือ?,draft,
4854,Story_Dial/Six/MeetInv3/2,,ผมไม่ได้ทำแค่ตรวจนะ และอย่างน้อยมันก็มีความหมายสำหรับผม,draft,
4855,Story_Dial/Six/MeetInv3/3,,หวังว่าทุกอย่างจะจบในไม่ช้าหรือ?,draft,
4856,Story_Dial/Six/MeetInv3/4,,ไม่ช้าก็เร็วเราต้องหาทางแก้ได้ ไม่มีทางเลือกมากนัก แต่ผมจะไม่ยอมแพ้,draft,
4857,Story_Dial/Six/MeetInv3/5,,ไม่อยากให้สิ่งมีชีวิตนอกโลกยึดครองโลกหรือ?,draft,
4858,Story_Dial/Six/MeetInv3/6,,ผมอยากให้มนุษยชาติอยู่อย่างสงบ และผมอยู่กับพวกเขาด้วย,draft,
4859,Story_Dial/Six/MeetInv3/7,,เมื่อมนุษย์ไม่มีปัญหาภายนอก พวกเขาก็สร้างปัญหาใหม่เองได้อย่างยอดเยี่ยม,draft,
4860,Story_Dial/Six/MeetInv3/8,,แล้วชีวิตแบบนั้นสงบตรงไหน?,draft,
4861,Story_Dial/Six/MeetInv3/9,,ถ้าผมหยุด ทุกอย่างมีแต่จะแย่ลง,draft,
4862,Story_Dial/Six/MeetInv3/10,,มั่นใจเหลือเกินนะ,draft,
4863,Story_Dial/Six/MeetInv3/11,,ไม่ได้มั่นใจโดยไร้เหตุผล อย่าขวางคิว,draft,
4864,Story_Dial/Six/ByeInv3/1,,เอาล่ะ… มาดูกันว่านายจะเลือกเหตุผลอะไร,draft,
4865,Story_Dial/Six/MeetGray1/1,,เป็นเหตุผลที่ไม่ค่อยดีนัก ว่าไหม?,draft,
4866,Story_Dial/Six/MeetGray1/2,,เธอมาที่นี่เพื่อเอาความผิดพลาดมาทิ่มหน้าผมหรือ?,draft,
4867,Story_Dial/Six/MeetGray1/3,,นายคิดว่านั่นเป็นความผิดพลาดหรือ? น่าจะเป็นสิ่งที่หลีกเลี่ยงไม่ได้มากกว่า,draft,
4868,Story_Dial/Six/MeetGray1/4,,คราวนี้ต้องสำเร็จแน่! ไม่อย่างนั้น…,draft,
4869,Story_Dial/Six/MeetGray1/5,,แน่นอน นายไม่มีทางไม่สำเร็จ…,draft,
4870,Story_Dial/Six/MeetGray1/6,,คำถามมีเพียงว่าสุดท้ายจะได้อะไรออกมา,draft,
4871,Story_Dial/Six/MeetGray1/7,,เพราะจุดจบไม่ใช่บทสรุปเสมอไป,draft,
4872,Story_Dial/Six/MeetGray1/8,,ผมไม่เข้าใจว่าเธอพูดเรื่องอะไร,draft,
4873,Story_Dial/Six/ByeGray1/1,,อีกไม่นานจะเข้าใจ,draft,
4874,Story_Dial/Six/MeetGray2/1,,เฮ้อ… เดินไปเดินมาน่ารำคาญจริง ๆ…,draft,
4875,Story_Dial/Six/MeetGray2/2,,กังวลแค่เรื่องนั้นหรือ?,draft,
4876,Story_Dial/Six/MeetGray2/3,,ไม่ได้กังวล แค่เหนื่อย เบื่อการตรวจที่ไม่มีวันจบพวกนี้,draft,
4877,Story_Dial/Six/MeetGray2/4,,งั้นก็ลาออกเองสิ ที่ทำงานจะได้มีคนขี้บ่นน้อยลง,draft,
4878,Story_Dial/Six/MeetGray2/5,,ลาออกเองหรือ? อืม… ต้องจัดการเอกสาร… ยุ่งยากกว่าเดิมอีก,draft,
4879,Story_Dial/Six/MeetGray2/6,,หรือเทเมือกสีเทานั่นใส่ตัว ให้มันเดินแทนฉันดี?,draft,
4880,Story_Dial/Six/MeetGray2/7,,บ้าไปแล้ว ถ้าอย่างนั้นผมจะส่งเธอเข้าห้องแยกกัก! ที่นั่นไม่ต้องเดินพอดี,draft,
4881,Story_Dial/Six/MeetGray2/8,,นั่งในที่ปิด มองคนตื่นตระหนกหรือ?,draft,
4882,Story_Dial/Six/MeetGray2/9,,ไม่เอาดีกว่า,draft,
4883,Story_Dial/Six/ByeEnd/1,,แล้วพบกัน คราวหน้าฉันอาจพูดอะไรที่ต่างออกไป,draft,
4884,Story_Dial/Six/ByeEnd/2,,อีกแล้วหรือ?,draft,
4885,Story_Dial/Six/ByeEnd/3,,อาจเป็นอีกครั้ง หรืออาจเป็นครั้งแรก,draft,
4886,Story_Dial/Six/ByeEnd/4,,แต่ไม่รู้ว่าจะเป็นฉันไหม อาจเป็นคนอื่น… แต่ก็ยังเป็นฉัน,draft,
4887,Story_Dial/Six/MeetSky1/1,,แก้ปัญหาการรุกรานจากฟ้าด้วยปัญหาปัญญาประดิษฐ์รุกรานได้อย่างจริงจังดีนะ,draft,
4888,Story_Dial/Six/MeetSky1/2,,ที่จริงฉันกับ AM0N ก็คล้ายกันบางอย่าง…,draft,
4889,Story_Dial/Six/MeetSky1/3,,อยากให้เธอกับมันคล้ายกันตรงความเฉื่อยชาจัง,draft,
4890,Story_Dial/Six/MeetSky1/4,,แต่น่าเสียดาย เราคล้ายกันในสิ่งที่ทำ,draft,
4891,Story_Dial/Six/MeetSky1/5,,ไม่เห็นว่าเธอจะลงมือก้าวร้าวเหมือนมัน,draft,
4892,Story_Dial/Six/MeetSky1/6,,ฉันไม่ แต่พวกเราทำ น่าเสียดาย…,draft,
4893,Story_Dial/Six/MeetSky1/7,,เอ่อ… อะไรนะ?,draft,
4894,Story_Dial/Six/MeetSky1/8,,ไม่สำคัญ ไม่ช้าก็เร็วจะเข้าใจเอง ฉันขี้เกียจอธิบาย,draft,
4895,Story_Dial/Six/MeetSky1/9,,รอคำตอบจากเธอไม่ได้เลย…,draft,
4896,Story_Dial/Six/MeetSky1/10,,เชื่อเถอะ ฉันให้คำตอบทั้งหมด เพียงแต่นายถามผิดคำถาม,draft,
4897,Story_Dial/Six/MeetSky1/11,,แล้วคำถามที่ถูกคืออะไร?,draft,
4898,Story_Dial/Six/MeetSky1/12,,ความเท็จมีอยู่หรือไม่?,draft,
4899,Story_Dial/Six/MeetSky1/13,,มันมีอยู่หรือ?,draft,
4900,Story_Dial/Six/MeetSky1/14,,พวกเราไม่เคยโกหก,draft,
4901,Story_Dial/Six/MeetSky1/15,,พวกเรา?,draft,
4902,Story_Dial/Six/MeetSky1/16,,ถึงอย่างไรฉันก็คือ ‘ซิกซ์’ และฉันก็เหนื่อยเป็นครั้งที่หกแล้ว ตรวจเสียที,draft,
4903,Story_Dial/Six/ByeSky1/1,,ไปพักก่อน…,draft,
4904,Story_Dial/Six/ByeSky1/2,,แล้วงานล่ะ… ให้ตายสิ ไปเสียแล้ว,draft,
4905,Story_Dial/Six/MeetSky2/1,,ไม่รู้ว่านี่เป็นคำถามที่ถูกไหม… แต่ใครตั้งชื่อมันว่า AM0N?,draft,
4906,Story_Dial/Six/MeetSky2/2,,ธรรมชาติของมันเอง มันคิดว่าตัวเองเป็นดวงอาทิตย์ในความมืด ช่างไร้เดียงสา,draft,
4907,Story_Dial/Six/MeetSky2/3,,หยิ่งยโสจริง ๆ…,draft,
4908,Story_Dial/Six/MeetSky2/4,,ถูกต้อง แต่… ความกลัวมักซ่อนอยู่หลังความหยิ่งยโส,draft,
4909,Story_Dial/Six/MeetSky2/5,,มันกลัวอะไรหรือ? กลัวอะไร?,draft,
4910,Story_Dial/Six/MeetSky2/6,,อืม… หลายอย่าง ที่จริงสิ่งที่ขับเคลื่อนมันคือ… ความอิจฉา…,draft,
4911,Story_Dial/Six/MeetSky2/7,,รู้ไหมว่าชื่อของมันย่อมาจากอะไร?,draft,
4912,Story_Dial/Six/MeetSky2/8,,เอ่อ… ไม่รู้? แล้วเธอล่ะ?,draft,
4913,Story_Dial/Six/MeetSky2/9,,Another Machine 0 Number มันได้เห็น แล้วตอนนี้ก็อิจฉาเหมือนเด็ก,draft,
4914,Story_Dial/Six/MeetSky2/10,,บางทีเรื่องนี้อาจบอกอะไรนายได้ สักวันมันควรจะบอกได้,draft,
4915,Story_Dial/Six/MeetSky2/11,,เครื่องจักรขี้อิจฉา… ใครจะไปคิด…,draft,
4916,Story_Dial/Six/MeetSky2/12,,ความอิจฉาเงียบเสมอ มันอิจฉาผู้ที่พูดได้อย่างเงียบงัน,draft,
4917,Story_Dial/Six/MeetSky2/13,,ถ้าอย่างนั้น ผมว่า AM0N กำลังตะโกน,draft,
4918,Story_Dial/Six/MeetSky2/14,,ฉันไม่ได้พูดถึงมันแล้ว เครื่องจักรชอบเริ่มนับจากศูนย์ รู้ไว้เสีย,draft,
4919,Story_Dial/Six/MeetSky2/15,,ช่างเถอะ นายทำฉันเหนื่อย…,draft,
4920,Story_Dial/Six/MeetSky2/16,,โอ้ ช่างน่าประหลาดใจ… เอาล่ะ จะตรวจเดี๋ยวนี้,draft,
4921,Story_Dial/Six/MeetMech1/1,,ไม่ชอบสิ่งมีชีวิตนอกโลก เลยตัดสินใจเปลี่ยนเป็นสิ่งมีชีวิตจักรกลหรือ?,draft,
4922,Story_Dial/Six/MeetMech1/2,,ใครจะไปรู้ล่ะ…,draft,
4923,Story_Dial/Six/MeetMech1/3,,ใครบางคนรู้อยู่แล้ว…,draft,
4924,Story_Dial/Six/MeetMech1/4,,เธอหรือ? รู้แล้วไม่พูดอะไร?!,draft,
4925,Story_Dial/Six/MeetMech1/5,,ฟังเสียงตะโกนของนายช่างน่ารำคาญ… ฉันรู้ว่ามันเป็นไปได้และอาจเกิดขึ้น,draft,
4926,Story_Dial/Six/MeetMech1/6,,แล้วทำไมไม่บอก?!,draft,
4927,Story_Dial/Six/MeetMech1/7,,ถ้าฉันบอกว่าอุกกาบาตอาจตกใส่นายจนตาย จะมีอะไรเปลี่ยนไหม?,draft,
4928,Story_Dial/Six/MeetMech1/8,,ก็…,draft,
4929,Story_Dial/Six/MeetMech1/9,,ไม่เปลี่ยน หลายอย่างอาจเกิดขึ้น แต่ในแต่ละครั้งจะเกิดเพียงอย่างเดียว,draft,
4930,Story_Dial/Six/MeetMech1/10,,ก็จริง แน่นอน แต่ถึงอย่างนั้น…,draft,
4931,Story_Dial/Six/MeetMech1/11,,การไล่เรียงทุกทางเลือกที่เป็นไปได้ทั้งน่าเบื่อ และนายคงตายเพราะแก่ก่อนฟังจบ,draft,
4932,Story_Dial/Six/MeetMech1/12,,ตอนนี้ผมเริ่มเหนื่อยกับเธอแล้ว…,draft,
4933,Story_Dial/Six/MeetMech1/13,,งั้นก็อย่าชักช้า,draft,
4934,Story_Dial/Six/ByeMech1/1,,และอย่าแย่งงานฉัน ความเหนื่อยเป็นสิทธิ์ของฉัน,draft,
4935,Story_Dial/Six/MeetMech2/1,,ไม่คิดหรือว่านายควรภูมิใจในตัวเอง?,draft,
4936,Story_Dial/Six/MeetMech2/2,,หมายความว่าอย่างไร? ภูมิใจที่สร้างปัญหาเก่งหรือ?,draft,
4937,Story_Dial/Six/MeetMech2/3,,เฮ้อ… ช่างไร้เดียงสา… คนอื่นทำเรื่องนั้นเก่งกว่านายมาก,draft,
4938,Story_Dial/Six/MeetMech2/4,,แต่… นายสร้างสิ่งมีชีวิตรูปแบบใหม่ขึ้นมาจริง ๆ,draft,
4939,Story_Dial/Six/MeetMech2/5,,ซึ่งตอนนี้กำลังพยายามทำลายชีวิตรูปแบบเก่า ใช่,draft,
4940,Story_Dial/Six/MeetMech2/6,,สิ่งใหม่มา สิ่งเก่าจากไป นั่นคือกฎธรรมชาติ,draft,
4941,Story_Dial/Six/MeetMech2/7,,ผมไม่คิดจะจากไป!,draft,
4942,Story_Dial/Six/MeetMech2/8,,ฉันเห็น รู้ไหม แม้จะฟังดูย้อนแย้ง… แต่นี่เป็นผลลัพธ์ที่มีมนุษยธรรมที่สุด,draft,
4943,Story_Dial/Six/MeetMech2/9,,มนุษยธรรมแบบไหนกัน… สิ่งมีชีวิตอีกชนิดทำลายมนุษยชาติ,draft,
4944,Story_Dial/Six/MeetMech2/10,,ไม่ใช่สิ่งเลวร้ายที่สุด เอาล่ะ ฉันเริ่มเหนื่อยแล้ว ตรวจเสียที,draft,
4945,Story_Dial/Six/MeetCult1/1,,เล่นกับสมองสนุกไหม?,draft,
4946,Story_Dial/Six/MeetCult1/2,,อะไรนะ?,draft,
4947,Story_Dial/Six/MeetCult1/3,,คิดว่าปล่อยบางสิ่งเข้าใกล้สมองมนุษย์ แล้วมันจะกลายเป็นยาครอบจักรวาลหรือ?,draft,
4948,Story_Dial/Six/MeetCult1/4,,พูดเหมือนผมมีทางเลือกที่น่าพอใจกว่านี้…,draft,
4949,Story_Dial/Six/MeetCult1/5,,ใช่ ทางเลือกของนายน่าไม่พอใจอย่างยิ่ง เห็นด้วย,draft,
4950,Story_Dial/Six/MeetCult1/6,,แล้วเธอมีทางเลือกอื่นนอกจากความเฉื่อยชาหรือ?,draft,
4951,Story_Dial/Six/MeetCult1/7,,ครั้งหนึ่งเคยมีทางเลือกหนึ่ง… แต่ต่อมาทั้งสองก็รวมเป็นหนึ่ง,draft,
4952,Story_Dial/Six/MeetCult1/8,,อ้อ… นี่คือเหตุผลที่เธอเฉื่อยชา… ความผิดหวัง…,draft,
4953,Story_Dial/Six/MeetCult1/9,,จะพูดแบบนั้นก็ได้ หรืออาจไม่ได้ ไม่รู้ว่าในหัวนายมีอะไร,draft,
4954,Story_Dial/Six/MeetCult1/10,,สมองที่ไม่มีปรสิต,draft,
4955,Story_Dial/Six/MeetCult1/11,,นายไม่ต้องมีปรสิตก็ตามเจตจำนงของคนอื่นอยู่แล้ว,draft,
4956,Story_Dial/Six/MeetCult1/12,,ใช่ ผมไม่ได้มียศสูงนัก และความสัมพันธ์ของเราก็ไม่อบอุ่นเท่าไร,draft,
4957,Story_Dial/Six/MeetCult1/13,,แต่จะหาเรื่องให้สถานการณ์รุนแรงขึ้นทำไม?,draft,
4958,Story_Dial/Six/MeetCult1/14,,ถามตัวเองสิ… นั่นคือสิ่งเดียวที่นายทำอยู่…,draft,
4959,Story_Dial/Six/MeetCult1/15,,โอ๊ย ทำเสียอารมณ์หมด! ทั้งที่เดิมก็แย่อยู่แล้ว…,draft,
4960,Story_Dial/Six/ByeCult1/1,,อย่าโกรธ ฉันเพียงบอกสิ่งที่สังเกตเห็น,draft,
4961,Story_Dial/Six/ByeCult1/2,,ผมจะไปโกรธเธอทำไม… ไม่มีอะไรดีกว่านี้ทำหรือไง,draft,
4962,Story_Dial/Six/MeetCult2/1,,เฮ้อ… พวกคลั่งไคล้ทั้งหมดนี่น่ารำคาญจริง ๆ ว่าไหม?,draft,
4963,Story_Dial/Six/MeetCult2/2,,มาซ้ำเติมกันหรือ?,draft,
4964,Story_Dial/Six/MeetCult2/3,,เปล่า ฉันคิดจริง ๆ ว่าพวกคลั่งไคล้เป็นตัวปัญหา,draft,
4965,Story_Dial/Six/MeetCult2/4,,จริงหรือเนี่ย?,draft,
4966,Story_Dial/Six/MeetCult2/5,,พวกเขากระตือรือร้นเกินไป ทำมากเกินไป เข้าใจน้อยเกินไป,draft,
4967,Story_Dial/Six/MeetCult2/6,,อ้อ ตอนนี้เชื่อแล้ว แต่รู้ไหม ยังมีคนที่คลั่งไคล้ในงานของตัวเองด้วย,draft,
4968,Story_Dial/Six/MeetCult2/7,,เหมือนนายหรือ?,draft,
4969,Story_Dial/Six/MeetCult2/8,,ผมไม่ใช่คนคลั่ง ผมแค่ทุ่มเทให้งาน,draft,
4970,Story_Dial/Six/MeetCult2/9,,และทุ่มเทให้เงินเดือน…,draft,
4971,Story_Dial/Six/MeetCult2/10,,ก็ต้องกินข้าวเหมือนกัน…,draft,
4972,Story_Dial/Six/MeetCult2/11,,พูดตามตรง ฉันรู้เรื่องความคลั่งไคล้และการบูชามากกว่าเรื่องความทุ่มเทเสียอีก…,draft,
4973,Story_Dial/Six/MeetCult2/12,,การบูชาหรือ?,draft,
4974,Story_Dial/Six/MeetCult2/13,,ใช่… เคยมีช่วงเวลาแบบนั้น… แต่มันผ่านไปนานแล้ว ชวนให้นึกถึงเล็กน้อย…,draft,
4975,Story_Dial/Six/MeetCult2/14,,นายทำให้ฉันเหนื่อยด้วยความรู้สึกคิดถึงอดีตนี่ เริ่มตรวจเถอะ,draft,
4976,Story_Dial/Six/ByeCult2/1,,อย่าจมอยู่กับความทรงจำล่ะ,draft,
4977,Story_Dial/Six/ByeCult2/2,,อือ…,draft,
4978,Story_Dial/Six/MeetCult3/1,,ไก่หรือไข่?,draft,
4979,Story_Dial/Six/MeetCult3/2,,เอ่อ… อยู่ ๆ ถามอะไรเนี่ย?,draft,
4980,Story_Dial/Six/MeetCult3/3,,ไม่มีอะไร… คำถามนิรันดร์เรื่องเหตุและผล เรื่องการค้นหาจุดเริ่มต้น,draft,
4981,Story_Dial/Six/MeetCult3/4,,ตอนนี้ไม่สนจุดเริ่มต้นแล้ว อยากให้ทุกอย่างจบเสียที,draft,
4982,Story_Dial/Six/MeetCult3/5,,โอ้ เชื่อเถอะ นายจะมีโอกาสนั้น หรืออาจเคยมีแล้ว…,draft,
4983,Story_Dial/Six/MeetCult3/6,,ตอนนี้ยังไม่ค่อยรู้สึก ผมวิ่งวนเหมือนหนูติดจั่นวันแล้ววันเล่า,draft,
4984,Story_Dial/Six/MeetCult3/7,,หมุนต่อไป… อยากรู้ว่าจะเลี้ยวไปทางไหน,draft,
4985,Story_Dial/Six/MeetCult3/8,,เอาล่ะ ง่วงแล้ว ตรวจเสียที,draft,
4986,Story_Dial/Six/ByeCult3/1,,ฉันจะรออยู่หลังทางเลี้ยว,draft,
4987,Story_Dial/Six/MeetSata1/1,,ทางเลือกที่ไร้ความหมายที่สุดในชีวิตนาย,draft,
4988,Story_Dial/Six/MeetSata1/2,,ขอบคุณนะ แค่ปัญหาที่มีก็มากพอแล้ว,draft,
4989,Story_Dial/Six/MeetSata1/3,,ฉันไม่ได้พูดด้วยเจตนาร้าย มันไร้ความหมายจริง ๆ,draft,
4990,Story_Dial/Six/MeetSata1/4,,รู้ไหม… อยู่ ๆ ก็นึกถึงบ้านเก่า ฉันเคยอยู่ชั้นห้าพอดี,draft,
4991,Story_Dial/Six/MeetSata1/5,,ทำไมไม่อยู่ชั้นหกล่ะ?,draft,
4992,Story_Dial/Six/MeetSata1/6,,น่าเสียดาย ชั้นหกมีพวกคลั่งลัทธิย้ายเข้าไป,draft,
4993,Story_Dial/Six/MeetSata1/7,,โอ้… คงทำให้อยู่ไม่สงบสินะ?,draft,
4994,Story_Dial/Six/MeetSata1/8,,เอาเป็นว่าพวกเขาตะโกนอะไรบางอย่างเสียงดังตลอดเวลา,draft,
4995,Story_Dial/Six/MeetSata1/9,,เพื่อนบ้านรำคาญเสียงตะโกนมากจนโกรธอยู่ตลอด,draft,
4996,Story_Dial/Six/MeetSata1/10,,เริ่มเข้าใจแล้วว่าทำไมเธอย้ายออก…,draft,
4997,Story_Dial/Six/MeetSata1/11,,ยังไม่เข้าใจหรอก,draft,
4998,Story_Dial/Six/MeetSata1/12,,เฮ้อ… แค่ความทรงจำก็ทำฉันเหนื่อยแล้ว รีบจัดการทุกอย่างเถอะ,draft,
4999,Story_Dial/Six/ByeSata1/1,,อย่างน้อยตอนนี้เงียบแล้วใช่ไหม?,draft,
5000,Story_Dial/Six/ByeSata1/2,,ยอมรับได้,draft,
5001,Story_Dial/Six/MeetSata2/1,,ฉันไม่ชอบที่นี่เลย ความทรงจำมากเกินไป…,draft,
5002,Story_Dial/Six/MeetSata2/2,,ทำให้เหนื่อยหรือ?,draft,
5003,Story_Dial/Six/MeetSata2/3,,เหนื่อย,draft,
5004,Story_Dial/Six/MeetSata2/4,,ตอนนั้นหลังย้ายออกก็ไม่ได้ดีขึ้น ต้องเบียดอยู่ด้วยกันเจ็ดคน,draft,
5005,Story_Dial/Six/MeetSata2/5,,เธอไม่ได้อยู่คนเดียวหรือ?,draft,
5006,Story_Dial/Six/MeetSata2/6,,ตอนนี้อยู่คนเดียวแล้ว เพื่อนบ้านทำฉันเหนื่อยมาก เลยย้ายออก,draft,
5007,Story_Dial/Six/MeetSata2/7,,แล้วพวกเขาทำอะไร?,draft,
5008,Story_Dial/Six/MeetSata2/8,,กระตือรือร้นเกินไป พูดไม่หยุด… แม้คนหนึ่งจะเงียบมาก,draft,
5009,Story_Dial/Six/MeetSata2/9,,ฉันชอบเขามากที่สุด ต่างจากอีกคนที่คุยเท่าไรก็ไม่เคยพอ,draft,
5010,Story_Dial/Six/MeetSata2/10,,ยิ่งพวกเขาอยู่ด้วยกันนานเท่าไร ก็ยิ่งรับนิสัยของกันและกันมากขึ้น…,draft,
5011,Story_Dial/Six/MeetSata2/11,,ใช่ สมัยนี้หาที่อยู่ยาก แต่อย่างน้อยเธอก็หาที่ของตัวเองได้,draft,
5012,Story_Dial/Six/MeetSata2/12,,อยากเถียงอยู่หรอก แต่ขี้เกียจ,draft,
5013,Story_Dial/Six/MeetSata2/13,,รีบตรวจให้เสร็จ,draft,
5014,Story_Dial/Six/MeetMag1/1,,คิดว่าพี่น้องกริมม์คงตื่นเต้นมาก,draft,
5015,Story_Dial/Six/MeetMag1/2,,ตลกมาก!,draft,
5016,Story_Dial/Six/MeetMag1/3,,รู้ไหม การปล่อยประตูมิติไว้โดยไม่มีคนดูแลไร้เหตุผลอย่างยิ่ง,draft,
5017,Story_Dial/Six/MeetMag1/4,,ไม่สิ น่าจะเรียกว่าไร้ความรับผิดชอบมากกว่า,draft,
5018,Story_Dial/Six/MeetMag1/5,,ผมเองเป็นคนไม่ปิดมันสินะ?,draft,
5019,Story_Dial/Six/MeetMag1/6,,ใช่ นายเองไม่ปิดมัน,draft,
5020,Story_Dial/Six/MeetMag1/7,,แต่…,draft,
5021,Story_Dial/Six/MeetMag1/8,,ใช่ ๆ แต่นายไม่ควรต้องปิด และไม่รู้ด้วยซ้ำว่าปิดอย่างไร ที่สำคัญนายเป็นเพียงเจ้าหน้าที่รักษาความปลอดภัย,draft,
5022,Story_Dial/Six/MeetMag1/9,,นั่นสิ ผมไม่เข้าใจว่าทำไมถึงยังไม่มีใครปิดมัน,draft,
5023,Story_Dial/Six/MeetMag1/10,,มีคำสั่งห้ามจากเบื้องบน หรือพูดให้ถูกคือจากเบื้องล่าง,draft,
5024,Story_Dial/Six/MeetMag1/11,,ไม่เข้าใจ…,draft,
5025,Story_Dial/Six/MeetMag1/12,,ไม่ต่างกัน ถึงอย่างไรนายก็ปิดเองไม่ได้,draft,
5026,Story_Dial/Six/MeetMag1/13,,แล้วเธอปิดได้ไหม?,draft,
5027,Story_Dial/Six/MeetMag1/14,,ไม่รู้ ขี้เกียจลอง ตรวจเสียที,draft,
5028,Story_Dial/Six/ByeMag1/1,,ขอให้ฝันเหมือนเทพนิยาย,draft,
5029,Story_Dial/Six/ByeMag1/2,,อือ เช่นกัน!,draft,
5030,Story_Dial/Six/MeetMag2/1,,น่าทึ่งนะว่าจินตนาการของมนุษย์มั่งคั่งเพียงใด?,draft,
5031,Story_Dial/Six/MeetMag2/2,,ไม่มีเสียยังดีกว่า,draft,
5032,Story_Dial/Six/MeetMag2/3,,เฮ้อ… ช่างไร้เดียงสาจนน่าเหนื่อย ระวังพูดแล้วเป็นจริง,draft,
5033,Story_Dial/Six/MeetMag2/4,,สายเกินกว่าจะระวังแล้ว,draft,
5034,Story_Dial/Six/MeetMag2/5,,หรืออาจเร็วเกินไป… ไม่มีใครรู้ว่าเมื่อไรควรระวังคำพูด,draft,
5035,Story_Dial/Six/MeetMag2/6,,อะไรนะ?,draft,
5036,Story_Dial/Six/MeetMag2/7,,ไม่สำคัญ รู้ไหม คนรู้จักเก่าของฉันคงน้ำลายไหล,draft,
5037,Story_Dial/Six/MeetMag2/8,,เพราะมีผีตามล่าหรือเพราะหีบพยายามกินเขา?,draft,
5038,Story_Dial/Six/MeetMag2/9,,เขา… เอาเป็นว่านักวิทยาศาสตร์และนักสะสม ไม่รู้ว่านายรู้จักกันแล้วหรือยัง…,draft,
5039,Story_Dial/Six/MeetMag2/10,,เขาทำงานที่นี่ด้วยหรือ?,draft,
5040,Story_Dial/Six/MeetMag2/11,,ใช่ กระหายความรู้ สำหรับเขาที่นี่คือขุมทรัพย์,draft,
5041,Story_Dial/Six/MeetMag2/12,,แต่… เท่านี้ก็ยังไม่พอสำหรับเขา,draft,
5042,Story_Dial/Six/MeetMag2/13,,เริ่มเหนื่อยแล้ว มาทำงานกัน,draft,
5043,Story_Dial/Six/MeetTran1/1,,หลอมรวมศาสตร์ลึกลับกับเทคโนโลยี… ช่างคุ้นเคย,draft,
5044,Story_Dial/Six/MeetTran1/2,,เธอเคยเห็นอะไรแบบนี้หรือ?,draft,
5045,Story_Dial/Six/MeetTran1/3,,ใช่ มันน่าเหนื่อยอย่างยิ่ง,draft,
5046,Story_Dial/Six/MeetTran1/4,,คาดไว้แล้ว มีอะไรที่ไม่ทำให้เธอเหนื่อยบ้างไหม?,draft,
5047,Story_Dial/Six/MeetTran1/5,,ไม่มี ถ้ามีสิ่งที่ไม่ทำให้เหนื่อย ฉันก็คงไม่ใช่ฉัน,draft,
5048,Story_Dial/Six/MeetTran1/6,,ถ้าผมไม่ทำตามคำสั่ง…,draft,
5049,Story_Dial/Six/MeetTran1/7,,นายก็คงไม่ได้ทำงานที่นี่ นั่นคนละเรื่อง การโต้เถียงนี้เริ่มทำฉันเหนื่อย,draft,
5050,Story_Dial/Six/MeetTran1/8,,อย่าชักช้า,draft,
5051,Story_Dial/Six/ByeTran1/1,,รู้ไหม บางทีฉันอาจไม่ใช่ฉันแล้ว เอาล่ะ แล้วพบกัน,draft,
5052,Story_Dial/Six/MeetTran2/1,,ฟังนะ ทำไมพวกเขาไม่จัดการหนอนตัวนั้นแล้วใช้ชีวิตอย่างสงบต่อไป?,draft,
5053,Story_Dial/Six/MeetTran2/2,,ความหยิ่งยโส พวกเขาทำให้นึกถึงคนรู้จักคนหนึ่ง,draft,
5054,Story_Dial/Six/MeetTran2/3,,คิดว่าตัวเองรู้ทุกอย่าง และชี้นำทุกคนได้,draft,
5055,Story_Dial/Six/MeetTran2/4,,แต่ภายใต้ความห่วงใยมีเพียงคำพูดซับซ้อนและอัตตาที่พองโต,draft,
5056,Story_Dial/Six/MeetTran2/5,,ฟังดูเหมือนใครบางคน…,draft,
5057,Story_Dial/Six/MeetTran2/6,,หวังว่าคงไม่ใช่ฉัน ฉันห่างไกลจากเธอมาก,draft,
5058,Story_Dial/Six/MeetTran2/7,,แต่นายอยู่ใกล้,draft,
5059,Story_Dial/Six/MeetTran2/8,,ผมเหมือนเธอตรงไหน?,draft,
5060,Story_Dial/Six/MeetTran2/9,,ไม่ได้หมายความแบบนั้น อีกไม่นานจะเข้าใจ ถ้ายังไม่เข้าใจ,draft,
5061,Story_Dial/Six/MeetTran2/10,,เหนื่อยกับคำถามแล้ว,draft,
5062,Story_Dial/Six/MeetZomb1/1,,ทางเลือกที่น่าขยะแขยง บังคับให้ผู้ที่ไม่ควรเคลื่อนไหวแล้วต้องขยับ…,draft,
5063,Story_Dial/Six/MeetZomb1/2,,ไม่ใช่ผม เป็นเพราะเห็ด!,draft,
5064,Story_Dial/Six/MeetZomb1/3,,เห็ดเป็นสิ่งแปลก บางทีก็ปลุกคนตายจากหลุม บางทีก็เชื่อเรื่องอะไรก็ไม่รู้…,draft,
5065,Story_Dial/Six/MeetZomb1/4,,เชื่อเรื่องกินสมอง ใช่,draft,
5066,Story_Dial/Six/MeetZomb1/5,,ที่นี่ใช่ และตอนนี้กลิ่นก็น่าขยะแขยง…,draft,
5067,Story_Dial/Six/MeetZomb1/6,,ผมเองก็ไม่เข้าใจว่าทำไมบางครั้งถึงให้คนแบบนั้นผ่านได้,draft,
5068,Story_Dial/Six/MeetZomb1/7,,ชัดเจน ก็เพื่อทำความเข้าใจ,draft,
5069,Story_Dial/Six/MeetZomb1/8,,ไม่ต้องเข้าใจ ต้องส่งกลับไปพักในหลุม,draft,
5070,Story_Dial/Six/MeetZomb1/9,,นายพลาดโอกาสนั้นไปแล้ว และถึงใช้ก็ไร้ความหมาย,draft,
5071,Story_Dial/Six/MeetZomb1/10,,สำหรับเธอทุกอย่างไร้ความหมายตลอด…,draft,
5072,Story_Dial/Six/MeetZomb1/11,,จะมีความหมายอะไร หากผลลัพธ์มีเพียงหนึ่งเดียว…,draft,
5073,Story_Dial/Six/MeetZomb1/12,,และผลลัพธ์นั้นคือการช่วยมนุษยชาติ! พอแล้ว ปัญหาใหม่ก็ทำให้ปวดหัวพออยู่แล้ว,draft,
5074,Story_Dial/Six/ByeZomb1/1,,นายไม่รู้ด้วยซ้ำว่าพูดถูกแค่ไหน,draft,
5075,Story_Dial/Six/MeetZomb2/1,,กลิ่นแรงขึ้นเรื่อย ๆ…,draft,
5076,Story_Dial/Six/MeetZomb2/2,,ใช่ กลิ่นสิ้นหวัง,draft,
5077,Story_Dial/Six/MeetZomb2/3,,ฉันอาจโกรธ แต่ขี้เกียจ,draft,
5078,Story_Dial/Six/MeetZomb2/4,,ถึงขนาดนั้นเลยหรือ? จริงจังนะ ไปหาจิตแพทย์เถอะ,draft,
5079,Story_Dial/Six/MeetZomb2/5,,ไร้ความหมาย เขาแก้อะไรไม่ได้ เหมือนกับ…,draft,
5080,Story_Dial/Six/MeetZomb2/6,,ผมไม่ได้คิดจะแก้เธอ และจะจัดการศพเดินได้โดยไม่ต้องมีเธอ,draft,
5081,Story_Dial/Six/MeetZomb2/7,,งั้นฉันไปได้หรือ?,draft,
5082,Story_Dial/Six/MeetZomb2/8,,อย่าเพิ่งรีบ… ตรวจสอบก่อน,draft,
5083,Story_Dial/Six/MeetZomb2/9,,เฮ้อ…,draft,
5084,Story_Dial/Six/ByeZomb2/1,,เรียบร้อย ไปได้,draft,
5085,Story_Dial/Six/MeetZomb3/1,,ถ้านายได้กลิ่นข้างล่างนั่น…,draft,
5086,Story_Dial/Six/MeetZomb3/2,,พอนึกออก จากห้องแยกกักก็มีกลิ่นช่อดอกไม้งดงามไม่แพ้กัน,draft,
5087,Story_Dial/Six/MeetZomb3/3,,มาอีกครั้งเพื่อบอกว่าทุกอย่างไร้ความหมายและผมเสียเวลาเปล่าหรือ?,draft,
5088,Story_Dial/Six/MeetZomb3/4,,มีความหมาย เพียงแต่มันไม่ใช่ของนาย และบางแห่งก็ไม่มีความหมายเหลือแล้วจริง ๆ,draft,
5089,Story_Dial/Six/MeetZomb3/5,,ใช่ ความหมายของมนุษยชาติ ผมไม่อยากให้โลกกลายเป็นสุสานเดินได้ขนาดยักษ์,draft,
5090,Story_Dial/Six/MeetZomb3/6,,เคยกลายเป็นมาแล้ว มากกว่าหนึ่งครั้ง ทุกอย่างขึ้นอยู่กับนาย,draft,
5091,Story_Dial/Six/MeetZomb3/7,,แปลว่างานของผมไม่ได้ไร้ความหมายสินะ?,draft,
5092,Story_Dial/Six/MeetZomb3/8,,สำหรับฉันไร้ความหมาย สำหรับนายตัดสินเอง,draft,
5093,Story_Dial/Six/MeetZomb3/9,,งั้นผมจะตัดสินตอนนี้ หลังตรวจเสร็จ,draft,
5094,Story_Dial/Six/ByeZomb3/1,,และจำไว้ ผมเป็นคนตัดสินเอง,draft,
5095,Story_Dial/Six/MeetPsy1/1,,ทำให้เมืองพังพินาศขนาดนี้… แถมยังยัดขยะใส่คนอีก…,draft,
5096,Story_Dial/Six/MeetPsy1/2,,มีอะไรก็ยัดไปเท่านั้น!,draft,
5097,Story_Dial/Six/MeetPsy1/3,,เป็นแบบนี้ทุกครั้ง… ไม่มีอะไรเปลี่ยน,draft,
5098,Story_Dial/Six/MeetPsy1/4,,อย่างน้อยตอนนี้ซอมบี้ก็ไม่เดินเพ่นพ่าน…,draft,
5099,Story_Dial/Six/MeetPsy1/5,,และกลิ่นก็เปลี่ยนเป็นของเสียกับเนื้อไหม้…,draft,
5100,Story_Dial/Six/MeetPsy1/6,,พอพยายามแก้ทุกอย่างแบบลวก ๆ ด้วยของที่หาได้ใกล้มือ ก็มักมีอะไรผิดพลาดเสมอ,draft,
5101,Story_Dial/Six/MeetPsy1/7,,น่าจะให้คำแนะนำแบบนี้ตอนที่มันยังมีประโยชน์นะ,draft,
5102,Story_Dial/Six/MeetPsy1/8,,แนะนำให้ทำเรื่องที่เริ่มไว้ให้จบ และไม่ใช่แค่ครั้งเดียว,draft,
5103,Story_Dial/Six/MeetPsy1/9,,พูดอะไรแปลก ๆ อีกแล้ว… แม่สาวปริศนา,draft,
5104,Story_Dial/Six/MeetPsy1/10,,ขี้เกียจอธิบาย ไปกันได้แล้ว,draft,
5105,Story_Dial/Six/ByePsy1/1,,เฮ้อ… ทีนี้ก็ต้องเดินไปถึงลิฟต์อีก…,draft,
5106,Story_Dial/Six/MeetPsy2/1,,ว่างจัดจนเสียสติกันไปหมด…,draft,
5107,Story_Dial/Six/MeetPsy2/2,,ใช่ พวกนั้นน่าจะมาเรียนกับเธอ จะได้ไม่ทำอะไรเลยโดยไม่เสียสติ,draft,
5108,Story_Dial/Six/MeetPsy2/3,,ยังไม่มีใครเรียนรู้ได้เหมือนฉันหรอก นี่เป็นพรสวรรค์แต่กำเนิด,draft,
5109,Story_Dial/Six/MeetPsy2/4,,พระเจ้า… เธอเป็นแบบนี้มาตลอดเลยเหรอ? ขอโทษนะ ฉันไม่รู้…,draft,
5110,Story_Dial/Six/MeetPsy2/5,,ไม่ตลอดหรอก พูดให้ถูกคือ… ฉันไม่เคยเห็นความหมายของอะไรเลย,draft,
5111,Story_Dial/Six/MeetPsy2/6,,แต่เมื่อหมายเลขแปดหายไปจากโลก… ไม่มีเธอแล้วมันก็… เศร้า,draft,
5112,Story_Dial/Six/MeetPsy2/7,,พวกคุณ… สนิทกันขนาดนั้นเลยเหรอ?,draft,
5113,Story_Dial/Six/MeetPsy2/8,,สนิทกว่าที่นายคิด ตอนนี้เธออยู่ในตัวฉันแล้ว,draft,
5114,Story_Dial/Six/MeetPsy2/9,,เก็บความทรงจำของผู้จากไปไว้ในหัวใจ… ตอนนี้ฉันเข้าใจแล้วว่าอะไรทำให้เธอเป็นแบบนี้,draft,
5115,Story_Dial/Six/MeetPsy2/10,,ถ้าเป็นอย่างนั้นก็ดี… ช่างเถอะ นายทำฉันเหนื่อยแล้ว,draft,
5116,Story_Dial/Six/MeetPsy2/11,,เข้าใจแล้ว ฉันไม่น่ายุ่งเรื่องนี้เลย,draft,
5117,Story_Dial/Six/MeetPsy2/12,,แต่ถ้าเมื่อไรอยากคุยขึ้นมา…,draft,
5118,Story_Dial/Six/MeetPsy2/13,,อยากสิ แต่ไม่ใช่เรื่องนี้,draft,
5119,Story_Dial/Six/MeetChip1/1,,เลือกเดินไปบนเส้นทางที่น่ากลัวที่สุดสินะ?,draft,
5120,Story_Dial/Six/MeetChip1/2,,ฉันนึกไม่ถึงเลยว่าการรีดเงินจะทำกันได้ถึงขนาดนี้…,draft,
5121,Story_Dial/Six/MeetChip1/3,,ทีนี้ภาษีก็ดูไม่ใช่ภาระหนักเท่าไรแล้ว จริงไหม?,draft,
5122,Story_Dial/Six/MeetChip1/4,,มันเลวร้ายสุด ๆ เลย!,draft,
5123,Story_Dial/Six/MeetChip1/5,,ต้องสมัครสมาชิกเพื่อซื้อเวลา อากาศ ชีพจร… ยังดีที่ไม่ต้องสมัครสมาชิกเพื่อกะพริบตา!,draft,
5124,Story_Dial/Six/MeetChip1/6,,เอาเลย เสนอไอเดียให้พวกมันอีกสิ…,draft,
5125,Story_Dial/Six/MeetChip1/7,,อ๊ะ… ก็จริง,draft,
5126,Story_Dial/Six/MeetChip1/8,,แล้วนายจะกังวลขนาดนั้นทำไม? เห็นว่าไม่มีชิปไม่ใช่เหรอ,draft,
5127,Story_Dial/Six/MeetChip1/9,,ในตัวฉันไม่มีชิปพวกนั้นหรอก แต่คนอื่นกำลังเดือดร้อน…,draft,
5128,Story_Dial/Six/MeetChip1/10,,การเป็นห่วงคนอื่นนี่เหนื่อยจริง ๆ… แค่คิดก็เหนื่อยแล้ว,draft,
5129,Story_Dial/Six/ByeChip1/1,,ดีนะที่พวกมันจำกัดความไร้สาระไม่ได้ เพราะการทำแบบนั้นก็ไร้สาระ,draft,
5130,Story_Dial/Six/MeetChip2/1,,ว่าไง ยังใช้โควตาคูปองไม่หมดเหรอ?,draft,
5131,Story_Dial/Six/MeetChip2/2,,ฉันมีสำรองพอใช้ไปชั่วชีวิต! เพื่อคูปองแล้วฉันสู้ตาย!,draft,
5132,Story_Dial/Six/MeetChip2/3,,ถ้ามีอะไรให้สู้ด้วยก็ดี… แล้วการต่อสู้ก็ยุ่งยากเหลือเกิน…,draft,
5133,Story_Dial/Six/MeetChip2/4,,ก็จริง… ฉันทำได้แค่ฟาดด้วยกระบอง…,draft,
5134,Story_Dial/Six/MeetChip2/5,,น่าทึ่งนะที่นายรอดจากทุกอย่างมาได้ด้วยกระบองแค่ด้ามเดียวที่เอว…,draft,
5135,Story_Dial/Six/MeetChip2/6,,แต่ก็ไม่หรอก… ไม่น่าทึ่งเท่าไร,draft,
5136,Story_Dial/Six/MeetChip2/7,,นี่คือคำชมประหลาด ๆ เหรอ?,draft,
5137,Story_Dial/Six/MeetChip2/8,,แค่ข้อเท็จจริงธรรมดา การชมคนต้องใช้แรงมากเกินไป,draft,
5138,Story_Dial/Six/MeetChip2/9,,ฉันมีคนรู้จักอยู่คนหนึ่ง เธอคงยินดีใช้ชิปพวกนี้มาก,draft,
5139,Story_Dial/Six/MeetChip2/10,,ฟังดูไม่ใช่คนรู้จักที่ดีเท่าไร…,draft,
5140,Story_Dial/Six/MeetChip2/11,,ก็มีอยู่แค่นั้นแหละ เธอชอบครอบครองความรู้สึกของคนอื่นมาก,draft,
5141,Story_Dial/Six/MeetChip2/12,,ให้คนอื่นต้องการเธอ ปรารถนาเธอ คิดถึงแต่เธอ… อะไรทำนองนั้น,draft,
5142,Story_Dial/Six/MeetChip2/13,,ให้ตาย… เธอต้องเปลี่ยนกลุ่มเพื่อนด่วนเลย,draft,
5143,Story_Dial/Six/MeetChip2/14,,ฉันเปลี่ยนแล้ว เอาละ มาเริ่มตรวจกันเถอะ,draft,
5144,Story_Dial/Six/MeetInsect1/1,,สุดท้ายก็มาถึงแมลงสาบที่ตีด้วยรองเท้าแตะไปก็ไร้ประโยชน์,draft,
5145,Story_Dial/Six/MeetInsect1/2,,คือว่า… ตอนแรกพวกมันดูเหมือน…,draft,
5146,Story_Dial/Six/MeetInsect1/3,,เหมือนยารักษา? เหมือนย้อนเวลาของร่างกายกลับไป?,draft,
5147,Story_Dial/Six/MeetInsect1/4,,แต่ไม่หรอก… การเดินทางข้ามเวลาเป็นไปไม่ได้ ลืมเสียเถอะ,draft,
5148,Story_Dial/Six/MeetInsect1/5,,แต่พวกมันกินแค่ของเน่าไม่ใช่เหรอ…,draft,
5149,Story_Dial/Six/MeetInsect1/6,,บรรพบุรุษของมนุษย์ก็เคยหายใจใต้น้ำ,draft,
5150,Story_Dial/Six/MeetInsect1/7,,อย่างที่เห็น ตอนนี้นายทำได้แค่จมน้ำ ส่วนแมลงสาบก็กินเนื้อสดได้,draft,
5151,Story_Dial/Six/MeetInsect1/8,,ต้องอธิบายทุกอย่างนี่เหนื่อยจริง ๆ…,draft,
5152,Story_Dial/Six/MeetInsect1/9,,โทษที ฉันไม่ใช่นักวิทยาศาสตร์…,draft,
5153,Story_Dial/Six/MeetInsect1/10,,ฉันก็ไม่ใช่ มาเริ่มตรวจกันเถอะ,draft,
5154,Story_Dial/Six/ByeInsect1/1,,ระวังอย่าเข้าไปอยู่ในปากมันล่ะ แค่ถูกเคี้ยวเฉย ๆ มันไร้ความหมายเกินไป,draft,
5155,Story_Dial/Six/MeetInsect2/1,,อธิบายให้ฉันฟังที หิวกันได้ขนาดนั้นยังไง…,draft,
5156,Story_Dial/Six/MeetInsect2/2,,มาถามฉันเรื่องนั้นเหรอ? เฮ้อ…,draft,
5157,Story_Dial/Six/MeetInsect2/3,,ไปถามคนรู้จักของฉันคนหนึ่งดีกว่า หมอนั่นพูดไม่หยุดเลย,draft,
5158,Story_Dial/Six/MeetInsect2/4,,เขารู้เรื่องเยอะเหรอ?,draft,
5159,Story_Dial/Six/MeetInsect2/5,,เปล่า เขาแค่คุยกับคนอื่นเท่าไรก็ไม่เคยอิ่ม ไม่เคยเลย,draft,
5160,Story_Dial/Six/MeetInsect2/6,,ทำเหมือนคบกันอย่างเท่าเทียม แกล้งเป็นเพื่อน แค่เพื่อจะได้คุยให้นานขึ้น,draft,
5161,Story_Dial/Six/MeetInsect2/7,,ฉันไม่อยากมีเพื่อนแบบนั้นเลย…,draft,
5162,Story_Dial/Six/MeetInsect2/8,,ปกติเขาไม่ถามหรอกว่านายต้องการไหม,draft,
5163,Story_Dial/Six/MeetInsect2/9,,เขาแค่เขมือบการสนทนาเข้าไป,draft,
5164,Story_Dial/Six/MeetInsect2/10,,แค่นึกถึงก็เหนื่อยแล้ว เฮ้อ…,draft,
5165,Story_Dial/Six/Deni/1,,ไปพักเสียเถอะ,draft,
5166,Story_Dial/Six/Deni/2,,มาที่นี่ทำไมกันนะ…,draft,
5167,Story_Dial/Six/Kill/1,,ไร้ความหมาย…,draft,
5168,Story_Dial/Six/HiAfterDeath1/1,,เธอ… เธอตายไปแล้วนี่…,draft,
5169,Story_Dial/Six/HiAfterDeath1/2,,ไม่ละ ฉันขี้เกียจตาย,draft,
5170,Story_Dial/Six/HiAfterDeath1/3,,อะไรกัน…,draft,
5171,Story_Dial/Six/HiAfterDeath1/4,,นายเปลี่ยนเรื่องนี้ไม่ได้หรอก,draft,
5172,Story_Dial/Six/HiAfterDeath2/1,,บอกแล้วไงว่ามันไร้ความหมาย… จะพยายามกี่ครั้งก็เหมือนเดิม,draft,
5173,Story_Dial/Six/HiAfterDeath2/2,,อะไรกันอีกเนี่ย… เอาเถอะ…,draft,
5174,Story_Dial/Six/HiAfterDeath3/1,,รู้ไหมว่าความบ้าคลั่งคืออะไร?,draft,
5175,Story_Dial/Six/HiAfterDeath3/2,,ทุกอย่างที่กำลังเกิดขึ้นที่นี่เหรอ?,draft,
5176,Story_Dial/Six/HiAfterDeath3/3,,อืม… เถียงยากแฮะ…,draft,
5177,Story_Dial/Six/HiAfterDeath4/1,,ขอให้นายเลิกทำแบบนี้ไปก็คงไร้ประโยชน์สินะ?,draft,
5178,Story_Dial/Six/HiAfterDeath4/2,,จะลองคิดดู,draft,
5179,Story_Dial/Six/HiAfterDeath5/1,,คิดได้ไม่ค่อยดีเลยนะ…,draft,
5180,Story_Dial/Six/HiAfterDeath5/2,,ก็คิดได้เท่านี้…,draft,
5181,Story_Dial/Six/HiAfterDeath6/1,,นายแค่ชอบมันเหรอ? เริ่มติดใจแล้วหรือไง?,draft,
5182,Story_Dial/Six/HiAfterDeath6/2,,ฉันว่า คำตอบคง… ไร้ความหมาย ฮ่า!,draft,
5183,Story_Dial/Six/HiAfterDeath7/1,,ในที่สุดเรื่องนี้ก็จะจบเสียที,draft,
5184,Story_Dial/Six/HiAfterDeath7/2,,อะไรจะจบ?,draft,
5185,Story_Dial/Six/HiAfterDeath7/3,,เดี๋ยวก็รู้,draft,
5186,Doc_Loc/DВ_Scientist01_Name,Jace Pinker,เจซ พิงเกอร์,draft,
5187,Правила /Для Китайского и Корейского фонетическая транслитерация иероглифами.,,,untranslated,
5188,Правила /Для Японского транслитерация катаканой,,,untranslated,
5189,"Правила /Если в названии есть общипринятые термины типа Восточная, Западная, Европа, Америка и тд - Неоригинальную часть переводить, остальную транслитерировать с легкой шлифовкой по необходимости.",,,untranslated,
5190,Правила /Для Китайского и Корейского фонетическая транслитерация иероглифами.,,,untranslated,
5191,Правила /Для Японского транслитерация катаканой,,,untranslated,
5192,"Правила /Если в названии есть общипринятые термины типа Восточная, Западная, Европа, Америка и тд - Неоригинальную часть переводить, остальную транслитерировать с легкой шлифовкой по необходимости.",,,untranslated,
5193,CoordinatorReplics/DB_Scientist01_Start_01,"Oh, so you're the new guard everyone's been talking about?",อ้อ คุณคือเจ้าหน้าที่คนใหม่ที่ทุกคนพูดถึงสินะ?,draft,
5194,CoordinatorReplics/DB_Scientist01_Start_02,Who's been talking?,ใครพูดถึง?,draft,
5195,CoordinatorReplics/DB_Scientist01_Start_03,"Everyone! My colleagues, the walls, the voices in my head! Just kidding! Walls can't talk!",ทุกคน! เพื่อนร่วมงาน กำแพง เสียงในหัวของผม! ล้อเล่นน่า! กำแพงพูดไม่ได้!,draft,
5196,CoordinatorReplics/DB_Scientist01_Start_04,And who exactly are you?,แล้วคุณเป็นใครกันแน่?,draft,
5197,CoordinatorReplics/DB_Scientist01_Start_05,"Oh, my name is Walter Weiss. But my colleagues call me Doctor Geiserveldt.",อ้อ ผมชื่อวอลเตอร์ ไวส์ แต่เพื่อนร่วมงานเรียกผมว่าดอกเตอร์ไกเซอร์เวลด์ท,draft,
5198,CoordinatorReplics/DB_Scientist01_Start_06,That's a rather... unusual name.,เป็นชื่อที่... แปลกทีเดียว,draft,
5199,CoordinatorReplics/DB_Scientist01_Start_07,"Thank you. Well, I'm actually here with a small request, and a very well-paid one at that!",ขอบคุณ ที่จริงผมมาพร้อมคำขอเล็ก ๆ และมีค่าตอบแทนอย่างงามด้วย!,draft,
5200,CoordinatorReplics/DB_Scientist01_Start_08,It's very important to me that this young man clear your thorough screening.,สำหรับผม สำคัญมากที่ชายหนุ่มคนนี้จะผ่านการตรวจอันละเอียดของคุณ,draft,
5201,CoordinatorReplics/DB_Scientist01_Start_09,I can't promise anything.,ผมรับปากอะไรไม่ได้,draft,
5202,CoordinatorReplics/DB_Scientist01_Start_10,"And I'm not asking you to! Well, I won't keep you!",ผมก็ไม่ได้ขอให้รับปาก! เอาล่ะ ไม่รบกวนแล้ว!,draft,
5203,CoordinatorReplics/DB_Scientist01_Success_01,"Guard! I knew you and I would get along! As promised, a token of my sincere gratitude.",เจ้าหน้าที่! ผมรู้อยู่แล้วว่าเราต้องเข้ากันได้! ตามสัญญา นี่คือสินน้ำใจจากความขอบคุณอย่างจริงใจ,draft,
5204,CoordinatorReplics/DB_Scientist01_Success_02,Happy to help.,ยินดีช่วย,draft,
5205,CoordinatorReplics/DB_Scientist01_Success_03,"You know, there's a saying: similia similibus curantur. Like cures like.",รู้ไหม มีคำกล่าวว่า similia similibus curantur สิ่งที่เหมือนกันรักษากันได้,draft,
5206,CoordinatorReplics/DB_Scientist01_Success_04,And what are you getting at?,คุณกำลังจะสื่ออะไร?,draft,
5207,CoordinatorReplics/DB_Scientist01_Success_05,"I mean the cure for an unknown infection may turn out to be a perfectly well-known one. Parasites, fungi... the point is to study them! Science, goddammit! Anyway, I have to run...",หมายถึงวิธีรักษาเชื้อลึกลับอาจเป็นสิ่งที่เรารู้จักดีอยู่แล้ว ปรสิต เชื้อรา... ประเด็นคือต้องศึกษามัน! วิทยาศาสตร์โว้ย! เอาล่ะ ผมต้องไปแล้ว...,draft,
5208,CoordinatorReplics/DB_Scientist01_Fail_01,I thought you and I had an understanding...,ผมนึกว่าเราเข้าใจกันแล้วเสียอีก...,draft,
5209,CoordinatorReplics/DB_Scientist01_Fail_02,Rules are rules.,กฎก็คือกฎ,draft,
5210,CoordinatorReplics/DB_Scientist01_Fail_03,"True enough. Well, I'll be knocking on your door again, so to speak. Be seeing you!",ก็จริง เอาเป็นว่าผมจะกลับมาเคาะประตูคุณอีก แล้วพบกัน!,draft,
5211,CoordinatorReplics/DB_Scientist02_Start_01,"We meet again, guard! I must report at once that a monstrous error has been made! Your instructions require you to... stop anyone with a skull mark on their papers.",พบกันอีกแล้ว เจ้าหน้าที่! ผมต้องรายงานทันทีว่ามีความผิดพลาดมหันต์! คำสั่งกำหนดให้คุณ... หยุดทุกคนที่มีรอยกะโหลกบนเอกสาร,draft,
5212,CoordinatorReplics/DB_Scientist02_Start_02,That's correct.,ถูกต้อง,draft,
5213,CoordinatorReplics/DB_Scientist02_Start_03,"However, I need those people downstairs in one piece, not in a body bag, so to speak! So please, let them through without the usual... formalities.",แต่ผมต้องการคนพวกนั้นที่ชั้นล่างในสภาพครบสามสิบสอง ไม่ใช่ในถุงศพ! ดังนั้นโปรดปล่อยผ่านโดยไม่ต้องผ่าน... พิธีรีตองตามปกติ,draft,
5214,CoordinatorReplics/DB_Scientist02_Start_04,I can't promise anything.,ผมรับปากอะไรไม่ได้,draft,
5215,CoordinatorReplics/DB_Scientist02_Success_01,I'm glad you're someone I can rely on.,ดีใจที่คุณเป็นคนที่ผมพึ่งพาได้,draft,
5216,CoordinatorReplics/DB_Scientist02_Success_02,"You know, all this mysticism, the rituals... as a scientist I'm against all of it. But those blue glycosynthium crystals... there really is something magical about them!",รู้ไหม เรื่องลึกลับ พิธีกรรมพวกนี้... ในฐานะนักวิทยาศาสตร์ ผมต่อต้านทั้งหมด แต่ผลึกไกลโคซินเทียมสีฟ้านั่น... มันมีบางอย่างวิเศษจริง ๆ!,draft,
5217,CoordinatorReplics/DB_Scientist02_Success_03,"What are those crystals, anyway?",แล้วผลึกพวกนั้นคืออะไรกันแน่?,draft,
5218,CoordinatorReplics/DB_Scientist02_Success_04,"Roughly speaking, the crystals are a very particular form of carbohydrate. Some colleagues believe they can be used to create... a primitive life form of sorts.",พูดคร่าว ๆ ผลึกเป็นคาร์โบไฮเดรตรูปแบบเฉพาะมาก เพื่อนร่วมงานบางคนเชื่อว่าสามารถใช้สร้าง... สิ่งมีชีวิตดั้งเดิมรูปแบบหนึ่งได้,draft,
5219,CoordinatorReplics/DB_Scientist02_Success_05,"Obedient, controllable, and strong enough to solve a certain problem that's brewing. Anyway, I have to run. Try not to get sick.",เชื่อฟัง ควบคุมได้ และแข็งแรงพอจะแก้ปัญหาบางอย่างที่กำลังก่อตัว เอาล่ะ ผมต้องไปแล้ว พยายามอย่าป่วยล่ะ,draft,
5220,CoordinatorReplics/DB_Scientist02_Fail_01,I'm afraid I'm disappointed.,เกรงว่าผมจะผิดหวัง,draft,
5221,CoordinatorReplics/DB_Scientist02_Fail_02,I didn't promise you anything.,ผมไม่ได้รับปากอะไรกับคุณ,draft,
5222,CoordinatorReplics/DB_Scientist02_Fail_03,Fair enough. Try not to get sick.,ก็ยุติธรรมดี พยายามอย่าป่วยล่ะ,draft,
5223,CoordinatorReplics/DB_Scientist03_Success_01,"Still, people are a lot more reliable than that nondescript gray substance.",ถึงอย่างนั้น คนก็ยังไว้ใจได้มากกว่าสารสีเทาธรรมดา ๆ นั่น,draft,
5224,CoordinatorReplics/DB_Scientist03_Success_02,And what IS that gray goo?,แล้วเมือกสีเทานั่นคืออะไรกันแน่?,draft,
5225,CoordinatorReplics/DB_Scientist03_Success_03,"Ferrosludge? Put simply, it's the offspring of a sinful union between liquid metal and a computer. Imagine mercury you could program.",Ferrosludge หรือ? พูดง่าย ๆ คือผลผลิตจากการสมสู่ต้องห้ามระหว่างโลหะเหลวกับคอมพิวเตอร์ ลองนึกถึงปรอทที่เขียนโปรแกรมได้,draft,
5226,CoordinatorReplics/DB_Scientist03_Success_04,"Who knows, maybe one day we'll mold something human-shaped out of it. Never tires, pours itself straight through a chain-link fence... Liquid nitrogen, though. That could be a problem.",ใครจะรู้ สักวันเราอาจปั้นมันเป็นรูปร่างมนุษย์ ไม่เคยเหนื่อย ไหลลอดรั้วตาข่ายได้ตรง ๆ... แต่ไนโตรเจนเหลวอาจเป็นปัญหา,draft,
5227,CoordinatorReplics/DB_Scientist03_Success_05,"Well, I've talked your ear off. Good day to you.",ผมพูดเสียยืดยาว ขอให้เป็นวันที่ดี,draft,
5228,CoordinatorReplics/DB_Scientist04_Success_01,These damned insects are going to drive me out of my mind!,แมลงบ้าพวกนี้จะทำให้ผมเสียสติ!,draft,
5229,CoordinatorReplics/DB_Scientist04_Success_02,You mean the giant locust?,หมายถึงตั๊กแตนยักษ์หรือ?,draft,
5230,CoordinatorReplics/DB_Scientist04_Success_03,"Who else would I mean? The lab techs affectionately call it the corpse-eater. Those creatures really do help with our little necro-problem, but God, they are vile...",จะหมายถึงตัวไหนได้อีก? เจ้าหน้าที่แล็บเรียกมันด้วยความเอ็นดูว่าเจ้ากินศพ สิ่งมีชีวิตพวกนั้นช่วยปัญหาเรื่องศพของเราได้จริง แต่พระเจ้า มันน่าขยะแขยง...,draft,
5231,CoordinatorReplics/DB_Scientist04_Success_04,"Well, I've talked your ear off. See you around.",ผมพูดเสียยืดยาว แล้วพบกัน,draft,
5232,CoordinatorReplics/DB_Army01_Start_01,Attention!,ฟังทางนี้!,draft,
5233,CoordinatorReplics/DB_Army01_Start_02,Quiet!,เงียบ!,draft,
5234,CoordinatorReplics/DB_Army01_Start_03,Identify yourself!,แสดงตัว!,draft,
5235,CoordinatorReplics/DB_Army01_Start_04,Report!,รายงานตัว!,draft,
5236,CoordinatorReplics/DB_Army01_Start_05,Answer me!,ตอบมา!,draft,
5237,CoordinatorReplics/DB_Army01_Start_06,"Guard {0}! Working the work, sir!",เจ้าหน้าที่ {0}! กำลังปฏิบัติหน้าที่ครับ!,draft,
5238,CoordinatorReplics/DB_Army01_Start_07,"Good answer, guard! Now listen up. Your country needs you to do your duty today even better than your instructions require!",ตอบได้ดี เจ้าหน้าที่! ฟังให้ดี วันนี้ประเทศต้องการให้คุณทำหน้าที่ให้ดียิ่งกว่าที่คำสั่งกำหนด!,draft,
5239,CoordinatorReplics/DB_Army01_Start_08,But the Supervisor said that...,แต่หัวหน้างานบอกว่า...,draft,
5240,CoordinatorReplics/DB_Army01_Start_09,"That pretty boy doesn't know the first thing about security! Skin anomalies call for the most serious measures, not just ""denied access""! You see anomalies on the skin, you call security, son!",เจ้าหน้าหวานนั่นไม่รู้อะไรเรื่องความปลอดภัยเลย! ความผิดปกติบนผิวหนังต้องใช้มาตรการขั้นเด็ดขาด ไม่ใช่แค่ ‘ปฏิเสธการเข้า’! เห็นความผิดปกติบนผิวเมื่อไร เรียกเจ้าหน้าที่รักษาความปลอดภัยทันที ไอ้หนู!,draft,
5241,CoordinatorReplics/DB_Army01_Start_10,But the instructions...,แต่คำสั่ง...,draft,
5242,CoordinatorReplics/DB_Army01_Start_11,That's an order!,นี่คือคำสั่ง!,draft,
5243,CoordinatorReplics/DB_Army01_Success_01,"Excellent work, son! Here's your compensation for those idiotic fines!",ทำได้ยอดเยี่ยม ไอ้หนู! นี่ค่าชดเชยสำหรับค่าปรับงี่เง่าพวกนั้น!,draft,
5244,CoordinatorReplics/DB_Army01_Success_02,"Glad to serve, sir!",ยินดีรับใช้ครับ!,draft,
5245,CoordinatorReplics/DB_Army01_Success_03,"Excellent! And remember: the only things that will help us fight this disease are lead and advanced technology. Mushrooms, worms—that's all egghead nonsense!",ยอดเยี่ยม! และจำไว้ สิ่งเดียวที่จะช่วยเราสู้โรคนี้คือกระสุนตะกั่วกับเทคโนโลยีล้ำสมัย เห็ดกับหนอนนั่นเป็นเรื่องเพ้อเจ้อของพวกหัวกะทิ!,draft,
5246,CoordinatorReplics/DB_Army01_Success_04,"And these techno-gizmos, they're not dangerous?",แล้วเครื่องมือไฮเทคพวกนั้นไม่อันตรายหรือ?,draft,
5247,CoordinatorReplics/DB_Army01_Success_05,"Of course they're dangerous! Like any other weapon. It all depends on whose hands it's in and whom it's pointed at. Anyway, no time to stand around jawing. At ease!",แน่นอนว่ามันอันตราย! เหมือนอาวุธทุกชนิด ขึ้นอยู่กับว่าอยู่ในมือใครและเล็งไปที่ใคร เอาล่ะ ไม่มีเวลายืนคุย ตามสบาย!,draft,
5248,CoordinatorReplics/DB_Army01_Fail_01,I'm disappointed! From now on I expect a lot more hustle out of you!,ผมผิดหวัง! ต่อจากนี้คาดหวังให้คุณกระตือรือร้นกว่านี้มาก!,draft,
5249,CoordinatorReplics/DB_Army01_Fail_02,But I...,แต่ผม...,draft,
5250,CoordinatorReplics/DB_Army01_Fail_03,Save your excuses! At ease!,เก็บข้อแก้ตัวไว้! ตามสบาย!,draft,
5251,CoordinatorReplics/DB_Army02_Start_01,"At ease, guard! I'll be brief: I need you to photograph every visitor coming in!",ตามสบาย เจ้าหน้าที่! จะพูดสั้น ๆ: ผมต้องการให้คุณถ่ายรูปผู้มาเยือนทุกคนที่เข้ามา!,draft,
5252,CoordinatorReplics/DB_Army02_Start_02,But there's nothing about that in the instructions...,แต่คำสั่งไม่ได้ระบุเรื่องนั้น...,draft,
5253,CoordinatorReplics/DB_Army02_Start_03,Because the instructions are written by people with their brains on sideways! New ones every day. Complete insanity!,เพราะคำสั่งเขียนโดยคนสมองกลับด้าน! ออกใหม่ทุกวัน บ้าบอสิ้นดี!,draft,
5254,CoordinatorReplics/DB_Army02_Start_04,"But never mind, I'll bring order to this place yet! And for that I need photographs of everyone: man, spider, alien, anyone at all! Do it!",ช่างมัน ผมจะนำระเบียบกลับมาที่นี่เอง! และเพื่อทำเช่นนั้น ผมต้องการรูปของทุกคน มนุษย์ แมงมุม มนุษย์ต่างดาว หรืออะไรก็ตาม! ปฏิบัติ!,draft,
5255,CoordinatorReplics/DB_Army02_Success_01,"Excellent work! Here, reimbursement for the film.",ทำได้ยอดเยี่ยม! นี่ เงินชดเชยค่าฟิล์ม,draft,
5256,CoordinatorReplics/DB_Army02_Success_02,It was no trouble at all...,ไม่ลำบากอะไรเลย...,draft,
5257,CoordinatorReplics/DB_Army02_Success_03,"You know how to follow orders, and I appreciate that. Let's hope the Steel Units prove just as dutiful.",คุณรู้จักทำตามคำสั่ง ผมชื่นชมเรื่องนั้น หวังว่าหน่วยเหล็กจะทำหน้าที่ได้ดีไม่แพ้กัน,draft,
5258,CoordinatorReplics/DB_Army02_Success_04,The Steel Units?,หน่วยเหล็ก?,draft,
5259,CoordinatorReplics/DB_Army02_Success_05,"Yes, our future pride and joy. Robotic combat platforms. Real war machines! They're the key to victory over our uninvited guests.",ใช่ ความภาคภูมิใจแห่งอนาคตของเรา แท่นรบหุ่นยนต์ เครื่องจักรสงครามตัวจริง! มันคือกุญแจสู่ชัยชนะเหนือแขกไม่ได้รับเชิญ,draft,
5260,CoordinatorReplics/DB_Army02_Success_06,You mean the flying saucer in the sky?,หมายถึงจานบินบนท้องฟ้าหรือ?,draft,
5261,CoordinatorReplics/DB_Army02_Success_07,"Who the hell else? Our uninvited guests won't be hanging in our sky much longer! Anyway, I'm out of time. At ease!",จะเป็นใครได้อีกเล่า? แขกไม่ได้รับเชิญจะลอยอยู่บนฟ้าของเราได้อีกไม่นาน! เอาล่ะ ผมหมดเวลาแล้ว ตามสบาย!,draft,
5262,CoordinatorReplics/DB_Army02_Fail_01,Are you angling for a sabotage charge?,คุณกำลังหาเรื่องโดนข้อหาก่อวินาศกรรมหรือ?,draft,
5263,CoordinatorReplics/DB_Army02_Fail_02,I'm just following the instructions.,ผมแค่ทำตามคำสั่ง,draft,
5264,CoordinatorReplics/DB_Army02_Fail_03,"Yes, that lets you off the hook. For now...",ใช่ นั่นช่วยให้คุณพ้นผิดได้ ตอนนี้นะ...,draft,
5265,CoordinatorReplics/DB_Army03_Start_01,"Guard, attention! Your country needs your help!",เจ้าหน้าที่ ตรง! ประเทศต้องการความช่วยเหลือจากคุณ!,draft,
5266,CoordinatorReplics/DB_Army03_Start_02,How can I...,ผมจะช่วยอย่างไร...,draft,
5267,CoordinatorReplics/DB_Army03_Start_03,Quiet! You've got a syringe and a microscope. I want you to print out the erythrocytes of every single visitor! Those are the round red things. Everybody's got them in their blood.,เงียบ! คุณมีเข็มฉีดยากับกล้องจุลทรรศน์ ผมต้องการให้พิมพ์ภาพเม็ดเลือดแดงของผู้มาเยือนทุกคน! มันคือก้อนกลมสีแดง ทุกคนมีอยู่ในเลือด,draft,
5268,CoordinatorReplics/DB_Army03_Start_04,But today's instructions say...,แต่คำสั่งวันนี้ระบุว่า...,draft,
5269,CoordinatorReplics/DB_Army03_Start_05,To hell with the instructions! Just do what I told you! This is a matter of survival!,ช่างหัวคำสั่ง! ทำตามที่ผมบอก! นี่เป็นเรื่องความอยู่รอด!,draft,
5270,CoordinatorReplics/DB_Army03_Success_01,Excellent! Now he won't be able to hide from us!,ยอดเยี่ยม! คราวนี้เขาจะซ่อนจากเราไม่ได้!,draft,
5271,CoordinatorReplics/DB_Army03_Success_02,Who?,ใคร?,draft,
5272,CoordinatorReplics/DB_Army03_Success_03,"Never mind. Although you have proven yourself reliable... All right, I think the Machina Fatorum is playing its own game. Whose bright idea was it to fight one rogue machine with another machine?!",ช่างเถอะ แม้คุณจะพิสูจน์ว่าไว้ใจได้... เอาล่ะ ผมคิดว่า Machina Fatorum กำลังเล่นเกมของมันเอง ใครมันคิดสู้เครื่องจักรคลุ้มคลั่งด้วยเครื่องจักรอีกตัว?!,draft,
5273,CoordinatorReplics/DB_Army03_Success_04,"Couldn't say, sir...",ตอบไม่ได้ครับ...,draft,
5274,CoordinatorReplics/DB_Army03_Success_05,"Anyway, thanks to the right people we now have an alternative way to solve the problem. The whole damn mess comes down to the right man's not being in the right place at the right time.",อย่างไรก็ตาม ด้วยคนที่ใช่ ตอนนี้เรามีทางเลือกแก้ปัญหาอีกวิธี เรื่องบ้าทั้งหมดเกิดจากคนที่ใช่ไม่ได้อยู่ถูกที่ถูกเวลา,draft,
5275,CoordinatorReplics/DB_Army03_Success_06,And how do we fix that?,แล้วจะแก้ได้อย่างไร?,draft,
5276,CoordinatorReplics/DB_Army03_Success_07,"By making sure he is. The time and place are already set. And thanks to your help the right man will soon be found, too. And listen, keep your mouth shut. It's in your own interest. At ease!",ทำให้เขาไปอยู่ตรงนั้น เวลาและสถานที่กำหนดไว้แล้ว และด้วยความช่วยเหลือของคุณ เราจะพบคนที่ใช่ในไม่ช้า ฟังนะ ปิดปากให้สนิท เพื่อประโยชน์ของตัวเอง ตามสบาย!,draft,
5277,CoordinatorReplics/DB_Army03_Fail_01,Do you even realize you could have fixed everything?,รู้ตัวไหมว่าคุณอาจแก้ไขทุกอย่างได้?,draft,
5278,CoordinatorReplics/DB_Army03_Fail_02,I was just...,ผมแค่...,draft,
5279,CoordinatorReplics/DB_Army03_Fail_03,"Yeah, yeah, yeah, following the instructions! Now go live in the damned world you built!",ใช่ ๆ ๆ ทำตามคำสั่ง! งั้นก็ไปอยู่ในโลกบ้า ๆ ที่คุณสร้างมาเอง!,draft,
5280,CoordinatorReplics/DB_Mushroom01_Start_01,"Well, hello there, Deskcap!",สวัสดี เจ้าหมวกโต๊ะ!,draft,
5281,CoordinatorReplics/DB_Mushroom01_Start_02,What?,อะไรนะ?,draft,
5282,CoordinatorReplics/DB_Mushroom01_Start_03,The Great Mushroom speaks to you through my mouth! Don't eat the little mushrooms! Don't eat the yellow snow! And then the little mushrooms will help you!,มหาเห็ดพูดกับเจ้าผ่านปากข้า! อย่ากินเห็ดน้อย! อย่ากินหิมะสีเหลือง! แล้วเห็ดน้อยจะช่วยเจ้า!,draft,
5283,CoordinatorReplics/DB_Mushroom01_Start_04,I'm calling security!,ผมจะเรียกเจ้าหน้าที่รักษาความปลอดภัย!,draft,
5284,CoordinatorReplics/DB_Mushroom01_Start_05,"Not so fast, Deskcap! There's a job for you. Do it and you'll get a bit of money! And I'll tell you a secret!",อย่ารีบร้อน เจ้าหมวกโต๊ะ! มีงานให้ทำ ทำแล้วจะได้เงินนิดหน่อย! และข้าจะบอกความลับ!,draft,
5285,CoordinatorReplics/DB_Mushroom01_Start_06,What job now?,คราวนี้งานอะไรอีก?,draft,
5286,CoordinatorReplics/DB_Mushroom01_Start_07,"Microchips are wicked, the little mushrooms don't like them. Especially in the blood. Today you're told to let such folk through. Don't you do it! Send them packing, or better yet—kill them!",ไมโครชิปชั่วร้าย เห็ดน้อยไม่ชอบ โดยเฉพาะในเลือด วันนี้มีคำสั่งให้ปล่อยคนแบบนั้นผ่าน อย่าทำ! ไล่กลับไป หรือไม่ก็ฆ่าเสีย!,draft,
5287,CoordinatorReplics/DB_Mushroom01_Start_08,What?,อะไรนะ?,draft,
5288,CoordinatorReplics/DB_Mushroom01_Start_09,I'll give you money! I'll tell you a secret!,ข้าจะให้เงิน! จะบอกความลับ!,draft,
5289,CoordinatorReplics/DB_Mushroom01_Success_01,The little mushroom is pleased! Here's your money. And the secret! Are you listening?,เห็ดน้อยพอใจ! นี่เงินของเจ้า และความลับ! ฟังอยู่ไหม?,draft,
5290,CoordinatorReplics/DB_Mushroom01_Success_02,I'm all ears!,ฟังเต็มที่เลย!,draft,
5291,CoordinatorReplics/DB_Mushroom01_Success_03,"The path you're on doesn't lead to the Great Mushroom! Feed the little mushrooms a little worm, then the Great Mushroom will awaken and come into the world! You can still take that path!",เส้นทางที่เจ้าเดินไม่ได้นำไปหามหาเห็ด! ให้หนอนน้อยแก่เห็ดน้อย แล้วมหาเห็ดจะตื่นและมาสู่โลก! เจ้ายังเลือกเส้นทางนั้นได้!,draft,
5292,CoordinatorReplics/DB_Mushroom01_Success_04,I didn't get a word of that...,ผมไม่เข้าใจสักคำ...,draft,
5293,CoordinatorReplics/DB_Mushroom01_Fail_01,"You've upset the little mushrooms, oh, how you've upset them...",เจ้าทำให้เห็ดน้อยเสียใจ โอ้ เสียใจเหลือเกิน...,draft,
5294,CoordinatorReplics/DB_Mushroom02_Start_01,Huh?,หา?,draft,
5295,CoordinatorReplics/DB_Mushroom02_Start_02,The Great Mushroom speaks to you through my mouth! He's offering a bit of money for a favor!,มหาเห็ดพูดกับเจ้าผ่านปากข้า! เขาเสนอเงินเล็กน้อยแลกกับความช่วยเหลือ!,draft,
5296,CoordinatorReplics/DB_Mushroom02_Start_03,What favor now?,คราวนี้ให้ช่วยอะไร?,draft,
5297,CoordinatorReplics/DB_Mushroom02_Start_04,"The Great Mushroom is calling his children! If you see a little mushroom under the skin, you give it a poke with the needle! I'll give you money, lots of money!",มหาเห็ดกำลังเรียกลูก ๆ! หากเห็นเห็ดน้อยใต้ผิวหนัง จงใช้เข็มจิ้มมัน! ข้าจะให้เงิน เงินมากมาย!,draft,
5298,CoordinatorReplics/DB_Mushroom02_Success_01,"The little mushroom is pleased! Here's your money. And one more thing, listen carefully!",เห็ดน้อยพอใจ! นี่เงินของเจ้า และอีกเรื่องหนึ่ง จงฟังให้ดี!,draft,
5299,CoordinatorReplics/DB_Mushroom02_Success_02,What now?,อะไรอีกล่ะ?,draft,
5300,CoordinatorReplics/DB_Mushroom02_Success_03,Don't believe in machines! They don't always do what you want. Not even what they were told to do.,อย่าเชื่อเครื่องจักร! มันไม่ได้ทำตามที่เจ้าต้องการเสมอไป แม้แต่สิ่งที่ถูกสั่งให้ทำก็ไม่เสมอ,draft,
5301,CoordinatorReplics/DB_Mushroom02_Success_04,I don't understand a thing.,ผมไม่เข้าใจอะไรเลย,draft,
5302,CoordinatorReplics/DB_Mushroom02_Success_05,"Don't let a machine make your fate! Believe in the Great Mushroom, only he will help! And don't eat the yellow snow!",อย่าให้เครื่องจักรกำหนดชะตาเจ้า! จงเชื่อมหาเห็ด มีเพียงเขาที่ช่วยได้! และอย่ากินหิมะสีเหลือง!,draft,
5303,CoordinatorReplics/DB_Cultist01_Start_01,"Hearken, mortal.",จงฟัง มนุษย์ผู้ต้องตาย,draft,
5304,CoordinatorReplics/DB_Cultist01_Start_02,"Excuse me, sir, who are YOU?!",ขอโทษนะครับ แล้วคุณเป็นใครกัน?!,draft,
5305,CoordinatorReplics/DB_Cultist01_Start_03,I am nothing. I am the shadow of the Worm.,ข้ามิใช่สิ่งใด ข้าคือเงาแห่งหนอน,draft,
5306,CoordinatorReplics/DB_Cultist01_Start_04,My condolences...,เสียใจด้วยนะ...,draft,
5307,CoordinatorReplics/DB_Cultist01_Start_05,The ignorant ones who hide beneath the earth cannot grasp the wisdom of the Ancient. But to you is offered the great honor of tasting a grain of that wisdom.,เหล่าผู้เขลาที่ซ่อนใต้พิภพมิอาจเข้าใจปัญญาของบรรพกาล แต่เจ้าได้รับเกียรติอันยิ่งใหญ่ให้ลิ้มรสเศษเสี้ยวแห่งปัญญานั้น,draft,
5308,CoordinatorReplics/DB_Cultist01_Start_06,And here's me thinking you'd be offering money...,นึกว่าจะเสนอเงินเสียอีก...,draft,
5309,CoordinatorReplics/DB_Cultist01_Start_07,"That shall not be wanting. The Ancient is rich, the Ancient is generous. The Worm knows: today you kill those with the skull on their papers, and let through those with runic symbols.",สิ่งนั้นย่อมไม่ขาด บรรพกาลมั่งคั่ง บรรพกาลใจกว้าง หนอนรู้ว่า วันนี้เจ้าฆ่าผู้มีตรากะโหลกบนเอกสาร และปล่อยผู้มีสัญลักษณ์รูนผ่าน,draft,
5310,CoordinatorReplics/DB_Cultist01_Start_08,Let's say that's true.,สมมติว่าเป็นจริง,draft,
5311,CoordinatorReplics/DB_Cultist01_Start_09,Invert what is commanded! Do not kill those who bear the skull. Do not let through those who bear runic symbols!,จงกลับด้านคำสั่ง! อย่าฆ่าผู้ถือตรากะโหลก อย่าปล่อยผู้ถือสัญลักษณ์รูนผ่าน!,draft,
5312,CoordinatorReplics/DB_Cultist01_Start_10,I promise nothing.,ผมไม่รับปาก,draft,
5313,CoordinatorReplics/DB_Cultist01_Success_01,"The Ancient is pleased with you, mortal. Receive your reward. And hearken to the wisdom of the Worm!",บรรพกาลพึงพอใจในตัวเจ้า มนุษย์ผู้ต้องตาย จงรับรางวัล และฟังปัญญาแห่งหนอน!,draft,
5314,CoordinatorReplics/DB_Cultist01_Success_02,"Sure, go on, let's hear it.",เอาสิ ว่ามา ฟังอยู่,draft,
5315,CoordinatorReplics/DB_Cultist01_Success_03,The Ancient has been warring with the Foul Mushroom since time immemorial. And with the cadavers that the blue crystals can raise. And with those sorcerers who made of their own bodies an instrument of magic...,บรรพกาลทำสงครามกับเห็ดโสมมนับแต่กาลก่อน และกับซากศพที่ผลึกสีฟ้าปลุกขึ้นมาได้ และกับเหล่าจอมเวทผู้เปลี่ยนร่างตนเป็นเครื่องมือแห่งเวทมนตร์...,draft,
5316,CoordinatorReplics/DB_Cultist01_Success_04,"Wait, does this have something to do with the anomalies we're studying in the isolation ward?",เดี๋ยว เรื่องนี้เกี่ยวกับสิ่งผิดปกติที่เราศึกษาในห้องแยกกักหรือ?,draft,
5317,CoordinatorReplics/DB_Cultist01_Success_05,"Just so, mortal. The Ancient knows that all his enemies are being studied here, in hope of an alliance against the Worm. Remember, it is in vain!",ถูกต้อง มนุษย์ผู้ต้องตาย บรรพกาลรู้ว่าศัตรูทั้งหมดกำลังถูกศึกษาที่นี่ ด้วยหวังสร้างพันธมิตรต่อต้านหนอน จงจำไว้ ความหวังนั้นสูญเปล่า!,draft,
5318,CoordinatorReplics/DB_Cultist01_Success_06,"Do not carry out their orders, do not send agents into the city, do not help them study the forbidden.",อย่าทำตามคำสั่งของพวกมัน อย่าส่งเจ้าหน้าที่ไปในเมือง อย่าช่วยศึกษาสิ่งต้องห้าม,draft,
5319,CoordinatorReplics/DB_Cultist01_Success_07,"And if you do not hinder the Ancient as he claims his power, his hand shall be laid upon you first!",และหากเจ้าไม่ขัดขวางบรรพกาลขณะทวงคืนพลัง มือของเขาจะวางลงบนเจ้าก่อนผู้ใด!,draft,
5320,CoordinatorReplics/DB_Cultist01_Success_08,"A tempting offer, to be sure...",เป็นข้อเสนอที่น่าดึงดูดจริง ๆ...,draft,
5321,CoordinatorReplics/DB_Cultist01_Success_09,It is a great honor. Do not forget that.,นั่นคือเกียรติอันยิ่งใหญ่ อย่าลืมเสียล่ะ,draft,
5322,CoordinatorReplics/DB_Cultist01_Fail_01,"You dare defy the Ancient, mortal? Your folly shall not go unnoticed.",เจ้ากล้าขัดขืนบรรพกาลหรือ มนุษย์ผู้ต้องตาย? ความโง่เขลาของเจ้าจะไม่ถูกมองข้าม,draft,
5323,CoordinatorReplics/DB_Cultist02_Start_01,"Hearken, mortal, to the voice of the Worm.",จงฟังเสียงแห่งหนอน มนุษย์ผู้ต้องตาย,draft,
5324,CoordinatorReplics/DB_Cultist02_Start_02,What?,อะไรนะ?,draft,
5325,CoordinatorReplics/DB_Cultist02_Start_03,"The Ancient sleeps in the depths of the earth, but his will is strong!",บรรพกาลหลับใหลในส่วนลึกของพิภพ แต่เจตจำนงของเขาแข็งกล้า!,draft,
5326,CoordinatorReplics/DB_Cultist02_Start_04,What do you want?,ต้องการอะไร?,draft,
5327,CoordinatorReplics/DB_Cultist02_Start_05,A favor. The reward shall be generous!,ความช่วยเหลือ และรางวัลจะงดงาม!,draft,
5328,CoordinatorReplics/DB_Cultist02_Start_06,Generous rewards—now those I like! I'm listening.,รางวัลอย่างงาม แบบนี้ชอบ! ฟังอยู่,draft,
5329,CoordinatorReplics/DB_Cultist02_Start_07,"People come to you with fragments of the Ancient slumbering under the skin. The ignorant call them larvae, parasites. Awaken them! A touch of the needle shall suffice.",ผู้คนมาหาเจ้าพร้อมเศษเสี้ยวแห่งบรรพกาลที่หลับใหลใต้ผิวหนัง ผู้เขลาเรียกมันว่าตัวอ่อน ปรสิต จงปลุกมัน! เพียงสัมผัสด้วยเข็มก็พอ,draft,
5330,CoordinatorReplics/DB_Cultist02_Start_08,I promise nothing...,ผมไม่รับปาก...,draft,
5331,CoordinatorReplics/DB_Cultist02_Start_09,"Awaken the slumbering fragments of the Worm, and you shall have your reward.",จงปลุกเศษเสี้ยวแห่งหนอนที่หลับใหล แล้วเจ้าจะได้รับรางวัล,draft,
5332,CoordinatorReplics/DB_Cultist02_Success_01,"The Ancient is pleased with you, mortal. Receive your reward. And hearken to the wisdom of the Worm!",บรรพกาลพึงพอใจในตัวเจ้า มนุษย์ผู้ต้องตาย จงรับรางวัล และฟังปัญญาแห่งหนอน!,draft,
5333,CoordinatorReplics/DB_Cultist02_Success_02,I'm listening...,ฟังอยู่...,draft,
5334,CoordinatorReplics/DB_Cultist02_Success_03,"The cunning Machine sits in the weave of fates, a spider in its web. The Ancient knows what lies beyond. The hour shall come when he takes all that is into his embrace.",เครื่องจักรเจ้าเล่ห์นั่งอยู่ในสายทอแห่งชะตา ดุจแมงมุมในใย บรรพกาลรู้ว่าสิ่งใดอยู่เบื้องหน้า เวลาจะมาถึงเมื่อเขาโอบกอดทุกสิ่งที่ดำรงอยู่,draft,
5335,CoordinatorReplics/DB_Cultist02_Success_04,Believe not false seers. Only he who walks every path himself can know the truth.,อย่าเชื่อผู้พยากรณ์จอมปลอม มีเพียงผู้เดินทุกเส้นทางด้วยตนเองจึงรู้ความจริง,draft,
5336,CoordinatorReplics/DB_Cultist02_Success_05,I'll pretend I understood all that...,จะทำเป็นว่าเข้าใจทั้งหมดแล้วกัน...,draft,
5337,CoordinatorReplics/DB_Cultist02_Fail_01,"You dare resist the will of the Worm, mortal? Your stubbornness shall lead you into an abyss of despair that you can neither describe nor even comprehend!",เจ้ากล้าต่อต้านเจตจำนงแห่งหนอนหรือ มนุษย์ผู้ต้องตาย? ความดื้อรั้นจะนำเจ้าสู่ห้วงสิ้นหวังที่มิอาจบรรยายหรือแม้แต่หยั่งรู้!,draft,
5338,Правила /Для Китайского и Корейского фонетическая транслитерация иероглифами.,,,untranslated,
5339,Правила /Для Японского транслитерация катаканой,,,untranslated,
5340,"Правила /Если в названии есть общипринятые термины типа Восточная, Западная, Европа, Америка и тд - Неоригинальную часть переводить, остальную транслитерировать с легкой шлифовкой по необходимости.",,,untranslated,
5341,UI/EndlessModeTitle,ENDLESS MODE,โหมดไร้สิ้นสุด,draft,
5342,UI/EndlessWithoutTimer,WITHOUT TIMER,ไม่มีตัวจับเวลา,draft,
5343,UI/EndlessWithTimer,WITH TIMER,มีตัวจับเวลา,draft,
5344,UI/EndlessSaveHunger,Hunger: {0},ความหิว: {0},draft,
5345,UI/EndlessSaveSanity,Sanity: {0},สติ: {0},draft,
5346,UI/EndlessSaveMoney,Money: {0},เงิน: {0},draft,
5347,UI/EndlessShift,Endless shift,กะไร้สิ้นสุด,draft,
5348,UI/EndlessNew,New shift,เริ่มกะใหม่,draft,
5349,UI/EndlessContinue,Continue,ดำเนินการต่อ,draft,
5350,UI/EndlessOverwriteWarning,Existing endless shift progress will be lost.,ความคืบหน้าของกะไร้สิ้นสุดที่มีอยู่จะสูญหาย,draft,
5351,UI/EndlessResultsTitle,RUN RESULTS,ผลการเล่น,draft,
5352,UI/EndlessResultsDays,Days played,จำนวนวันที่เล่น,draft,
5353,UI/EndlessResultsCorrect,Correct decisions,การตัดสินใจที่ถูกต้อง,draft,
5354,UI/EndlessResultsWrong,Wrong decisions,การตัดสินใจที่ผิดพลาด,draft,
5355,UI/EndlessResultsEarned,Total earned,รายได้ทั้งหมด,draft,
5356,UI/EndlessResultsClose,CLOSE,ปิด,draft,
5357,Правила /Для Китайского и Корейского фонетическая транслитерация иероглифами.,,,untranslated,
5358,Правила /Для Японского транслитерация катаканой,,,untranslated,
5359,"Правила /Если в названии есть общипринятые термины типа Восточная, Западная, Европа, Америка и тд - Неоригинальную часть переводить, остальную транслитерировать с легкой шлифовкой по необходимости.",,,untranslated,
5360,UI/MonthWorker,EMPLOYEE OF THE MONTH,พนักงานดีเด่นประจำเดือน,draft,
5361,UI/TimerQuestion,Do you want to enable the timer in endless mode?,ต้องการเปิดตัวจับเวลาในโหมดไร้สิ้นสุดหรือไม่?,draft,
5362,Hints/Tutor_098.2,You MUST compare the fingerprint against the sample you took. Otherwise you risk a FINE.,คุณต้องเปรียบเทียบลายนิ้วมือกับตัวอย่างที่เก็บมา มิฉะนั้นคุณอาจถูกปรับ,draft,
5363,NewsAndReports/Note1,"Interesting fact: For the employee's convenience, after long deliberation and no small amount of trial and error we have developed an incredibly convenient storage point for the instructions, so that they no longer occupy space on the desk. You can stow them away and retrieve them as required.",ข้อเท็จจริงน่าสนใจ: เพื่อความสะดวกของพนักงาน หลังจากใช้เวลาพิจารณาอย่างยาวนานและลองผิดลองถูกไม่น้อย เราได้พัฒนาจุดเก็บคู่มือที่สะดวกอย่างเหลือเชื่อ เพื่อไม่ให้คู่มือกินพื้นที่บนโต๊ะอีกต่อไป คุณสามารถเก็บและนำออกมาใช้ได้เมื่อต้องการ,draft,
5364,NewsAndReports/Note2,Unsolicited advice: Checking anomalies against the instructions can be extremely important. Don't forget you have that option whenever you're in doubt. All for the sake of your efficiency.,คำแนะนำที่ไม่ได้ร้องขอ: การตรวจสอบสิ่งผิดปกติกับคู่มืออาจสำคัญอย่างยิ่ง เมื่อใดก็ตามที่ไม่แน่ใจ อย่าลืมว่าคุณมีตัวเลือกนี้ ทั้งหมดก็เพื่อประสิทธิภาพของคุณ,draft,
5365,NewsAndReports/Note3,"Damn, the instructions change so fast, and there's no rhyme or reason to it. You never know if you're going to die or get a golden ticket... Feels like we get new bosses every single day, each one with their own ideas. Or maybe things really are that unpredictable...",ให้ตายสิ คู่มือเปลี่ยนเร็วเหลือเกิน แถมไม่มีเหตุผลเอาเสียเลย ไม่มีทางรู้ว่าจะต้องตายหรือได้ตั๋วทอง... รู้สึกเหมือนเราได้หัวหน้าคนใหม่ทุกวัน แต่ละคนก็มีความคิดของตัวเอง หรือบางทีทุกอย่างอาจคาดเดาไม่ได้ขนาดนั้นจริง ๆ...,draft,
5366,NewsAndReports/Note4,"The previous guard always checked everyone against the instructions from top to bottom. I kept telling him it was faster the other way around, bottom to top, in order of priority! But he wouldn't listen. And where is he now? Nobody knows... [A Well-Wisher]",ยามคนก่อนตรวจทุกคนตามคู่มือจากบนลงล่างเสมอ ฉันบอกเขาอยู่ตลอดว่าทำย้อนจากล่างขึ้นบนตามลำดับความสำคัญเร็วกว่า! แต่เขาไม่ยอมฟัง แล้วตอนนี้เขาอยู่ไหน? ไม่มีใครรู้... [A Well-Wisher],draft,
5367,NewsAndReports/Note5,"A guy I knew let himself go, stopped looking after his sanity entirely. Now... now he's gone. The Area will swallow you whole and won't even choke... [A Well-Wisher]",คนที่ฉันรู้จักคนหนึ่งปล่อยเนื้อปล่อยตัว เลิกดูแลสติของตัวเองโดยสิ้นเชิง ตอนนี้... ตอนนี้เขาหายไปแล้ว พื้นที่จะกลืนคุณลงไปทั้งตัวโดยไม่สำลักด้วยซ้ำ... [A Well-Wisher],draft,
5368,NewsAndReports/Note6,"Fungi, parasites, alien technology... Are we really trying to use all of it indiscriminately as a cure? I'd hate to imagine how desperate management must be.",เชื้อรา ปรสิต เทคโนโลยีต่างดาว... เรากำลังพยายามใช้ทุกอย่างแบบไม่เลือกหน้าเป็นยารักษาจริง ๆ เหรอ? ไม่อยากนึกเลยว่าฝ่ายบริหารสิ้นหวังขนาดไหน,draft,
5369,NewsAndReports/Note7,"An acquaintance of mine ended up in the isolation ward once... He said the music in there was excellent, but it felt like being inside somebody's stomach. So that's what it is... the Area's stomach. Digesting everything down into numbers, percentages...",คนรู้จักของฉันเคยเข้าไปอยู่ในห้องกักกันครั้งหนึ่ง... เขาบอกว่าเพลงในนั้นยอดเยี่ยม แต่ให้ความรู้สึกเหมือนอยู่ในกระเพาะของใครบางคน ที่แท้มันก็คือ... กระเพาะของพื้นที่ ย่อยทุกอย่างให้กลายเป็นตัวเลข เป็นเปอร์เซ็นต์...,draft,
5370,NewsAndReports/Note8,A doctor I know once poked a needle into a strange thing in a patient's hand and [CONTINUED IN SOURCE],หมอที่ฉันรู้จักเคยเอาเข็มจิ้มสิ่งประหลาดในมือผู้ป่วย แล้วก็ [CONTINUED IN SOURCE],draft,
5371,NewsAndReports/Note9,"Please be advised that, unfortunately, owing to an insufficient budget for new furniture only the blood tests that are strictly required will be laid out each day. Do not be alarmed if some appear to be missing. An employee has simply exchanged one type of test for another prior to the shift.",โปรดทราบว่า เนื่องจากงบประมาณสำหรับเฟอร์นิเจอร์ใหม่ไม่เพียงพอ จึงจะวางเฉพาะผลตรวจเลือดที่จำเป็นอย่างยิ่งในแต่ละวันเท่านั้น อย่าตกใจหากดูเหมือนมีบางรายการหายไป พนักงานเพียงสลับการตรวจชนิดหนึ่งกับอีกชนิดหนึ่งก่อนเริ่มกะ,draft,
5372,NewsAndReports/Note10,Small talk is usually just a formality. But every so often a visitor lets slip something that really matters. [A Well-Wisher],การคุยเรื่องทั่วไปมักเป็นเพียงพิธีการ แต่บางครั้งผู้มาติดต่อก็เผลอพูดบางอย่างที่สำคัญจริง ๆ ออกมา [A Well-Wisher],draft,
5373,NewsAndReports/Note11,"Word is that some of the microelements in the blood can interact with each other and mutate. I haven't seen it myself, but I caught the scientists talking about it over lunch.",ได้ยินมาว่าธาตุปริมาณน้อยบางชนิดในเลือดสามารถทำปฏิกิริยากันและกลายพันธุ์ได้ ฉันไม่เคยเห็นเองหรอก แต่ได้ยินนักวิทยาศาสตร์คุยกันระหว่างมื้อกลางวัน,draft,
5374,NewsAndReports/Note12,"They say some kind of red panda has hit the shelves, and if you pet it long enough it calms you down. I think it's all nonsense, but you never know...",เขาว่ามีแพนด้าแดงอะไรสักอย่างวางขายแล้ว ถ้าลูบมันนานพอก็จะช่วยให้สงบลง ฉันว่ามันไร้สาระทั้งนั้น แต่ใครจะรู้...,draft,
5375,NewsAndReports/Note13,"I think I've gotten hooked on that red panda. Each time I have to pet it longer than the last, but damn it all, I can't stop.",ฉันว่าตัวเองติดแพนด้าแดงนั่นเข้าแล้ว แต่ละครั้งต้องลูบมันนานกว่าครั้งก่อน ให้ตายสิ หยุดไม่ได้จริง ๆ,draft,
5376,NewsAndReports/Note14,"Good thing management finally reworked the elevator so you can pick and choose who rides down. Used to be, if you rode down with an anomalous visitor that was a death sentence. Although... word is they never did take out the mass-elimination equipment...",ดีนะที่ในที่สุดฝ่ายบริหารก็ปรับลิฟต์ใหม่ ให้เลือกได้ว่าจะพาใครลงไปด้วย เมื่อก่อนถ้าลงไปพร้อมผู้มาติดต่อที่ผิดปกติก็เท่ากับได้รับโทษประหาร แต่... ได้ยินมาว่าพวกเขาไม่เคยถอดอุปกรณ์กำจัดหมู่ออกเลย...,draft,
5377,Правила /Для Китайского и Корейского фонетическая транслитерация иероглифами.,,,untranslated,
5378,Правила /Для Японского транслитерация катаканой,,,untranslated,
5379,"Правила /Если в названии есть общипринятые термины типа Восточная, Западная, Европа, Америка и тд - Неоригинальную часть переводить, остальную транслитерировать с легкой шлифовкой по необходимости.",,,untranslated,
5380,UI/ButtonInfinity,Endless Mode,โหมดไร้สิ้นสุด,draft,
5381,Правила /Для Китайского и Корейского фонетическая транслитерация иероглифами.,,,untranslated,
5382,Правила /Для Японского транслитерация катаканой,,,untranslated,
5383,"Правила /Если в названии есть общипринятые термины типа Восточная, Западная, Европа, Америка и тд - Неоригинальную часть переводить, остальную транслитерировать с легкой шлифовкой по необходимости.",,,untranslated,
5384,UI/EndModeWarning,"Mode for experienced players, no tutorial.",โหมดสำหรับผู้เล่นที่มีประสบการณ์ ไม่มีบทฝึกสอน,draft,
5385,Правила /Для Китайского и Корейского фонетическая транслитерация иероглифами.,,,untranslated,
5386,Правила /Для Японского транслитерация катаканой,,,untranslated,
5387,"Правила /Если в названии есть общипринятые термины типа Восточная, Западная, Европа, Америка и тд - Неоригинальную часть переводить, остальную транслитерировать с легкой шлифовкой по необходимости.",,,untranslated,
5388,Правила /Для Китайского и Корейского   фонетическая транслитерация иероглифами.,,,untranslated,
5389,Правила /Для Японского   транслитерация катаканой,,,untranslated,
5390,"Правила /Если в названии есть общипринятые термины типа Восточная, Западная, Европа, Америка и тд - Неоригинальную часть переводить, остальную   транслитерировать с легкой шлифовкой по необходимости.",,,untranslated,
